S_id,Area,City,Restaurant,Price,Avg_rating,Total_rating,Food_type,Address,Delivery_time
1,Koramangala,Bangalore,Tandoor Hut,300,4.4,100,"Biryani,Chinese,North Indian,South Indian",5Th Block,59
2,Koramangala,Bangalore,Tunday Kababi,300,4.1,100,"Mughlai,Lucknowi",5Th Block,56
3,Jogupalya,Bangalore,Kim Lee,650,4.4,100,Chinese,Double Road,50
4,Indiranagar,Bangalore,New Punjabi Hotel,250,3.9,500,"North Indian,Punjabi,Tandoor,Chinese",80 Feet Road,57
5,Indiranagar,Bangalore,Nh8,350,4,50,"Rajasthani,Gujarati,North Indian,Snacks,Desserts,Beverages,Thalis,Chaat",80 Feet Road,63
6,Indiranagar,Bangalore,Treat,800,4.5,100,"Mughlai,North Indian",100 Feet Road,56
7,Indiranagar,Bangalore,Chinita Real Mexican Food,1000,4.5,500,"Mexican,Beverages,Salads",Double Road,53
8,Koramangala,Bangalore,Cupcake Noggins - Cakespastries And Desserts,150,4.3,100,"Desserts,British,Bakery,Pizzas,Snacks",4Th Block,57
9,Domlur,Bangalore,Tea Brew,350,4.1,100,"American,Italian,Beverages,Continental,Chinese,Pastas,Pizzas,Fast Food",Double Road,57
10,Koramangala,Bangalore,Bangaliana,300,4,500,Bengali,7Th Block,57
11,Koramangala,Bangalore,Bamey'S Restro Cafe,400,4.4,100,"Chinese,Thai,Nepalese",5Th Block,56
12,Cooke Town,Bangalore,Altaf'S Chillies Restaurants,250,4.3,500,"North Indian,Chinese",Cooke Town,55
13,Pulikeshi Nagar,Bangalore,Chichabas Taj,532,4.2,100,"Mughlai,North Indian,Biryani",Mm Road,54
14,Sivanchetti Gardens,Bangalore,Urban Solace,500,2.9,80,"American,Continental",Ulsoor Lake,48
15,Kodihalli,Bangalore,Kaati Zone Rolls & Wraps,150,4.3,100,"Fast Food,Beverages,Bengali,Biryani,Indian,North Indian,Snacks,Street Food",Domlur Layout,59
16,Koramangala,Bangalore,Aalishan Restaurant & Caterer,290,4.3,100,"Mughlai,North Indian",7Th Block,52
17,Domlur,Bangalore,Kerala Pavilion,300,4.1,100,"Kerala,Seafood",Domlur Layout,55
18,Indiranagar,Bangalore,Kitchen Of Joy,250,4.4,100,"Bengali,Fast Food,Chinese",Domlur,55
19,Jayanagar,Bangalore,Nagarjuna Chimney,800,4.2,1000,"Seafood,Andhra,Biryani,South Indian,Combo,Desserts,Beverages",3Rd Block,48
20,Film Nagar,Hyderabad,So. The Sky Kitchen,800,2.9,80,"Mughlai,North Indian,Chinese,Thai,Asian",Near Apollo Health City Gate,90
21,Indiranagar,Bangalore,Esplanade,1200,4.3,100,"Mughlai,Bengali",I Indirangar,54
22,Banashankari,Bangalore,Hotel New Karavali,250,3.8,100,"North Indian,Chinese,South Indian",Bsk 1St Stage,53
23,Masab Tank,Hyderabad,Dine Hill,400,4.1,500,"Arabian,Biryani,North Indian,Chinese",Ahmed Nagar,49
24,Banjara Hills,Hyderabad,Sarvi Restaurant,400,4.1,5000,"Biryani,Tandoor,Chinese,Indian,Desserts,Kebabs,Mughlai",Road 11,56
25,Banjara Hills,Hyderabad,Sarvi Bakery,250,4.1,100,"Desserts,Fast Food,Bakery",Opposite Care Hospital Road 11 Banjara Hills,58
26,Andheri East,Mumbai,Kung Fu Panda,600,4.3,100,Chinese  Thai  Asian,Marol,58
27,Powai,Mumbai,Kosho,300,4.2,100,"Mughlai,North Indian,Chinese,Seafood,Italian",Chandivali,56
28,Punjagutta,Hyderabad,Chinese Pavilion,850,4.3,500,"Chinese,Seafood",Nagarjuna Circle,64
29,Banjara Hills,Hyderabad,Chef Inam'S Steak House,1200,4.2,100,"Steakhouse,American",Sri Ram Nagar Colony Banjara Hills,69
30,Indiranagar,Bangalore,Mamagoto,900,4.2,100,"Chinese,Asian,Pan-Asian,Thai,Oriental",Mamagoto,59
31,Powai,Mumbai,Hakka Express,300,4,100,"Chinese,Asian,Thai",Narayan Plaza,48
32,Indiranagar,Bangalore,The Brekkie Shop - All Day Menu,200,4.3,500,"British,Italian,Indian,Chinese,South Indian,North Indian,Desserts",1St Stage,57
33,Aundh,Pune,Juice Destination,200,4.2,500,"Thalis,North Indian,Punjabi,Beverages",Iti Road Aundh,60
34,Aundh,Pune,Hyderabadi Spice,400,4.2,1000,"Biryani,Mughlai,North Indian,Chinese",Parihar Chowk,58
35,Aundh,Pune,Cafe Peterdonuts,400,4.1,50,"Continental,Desserts",Gaikwad Nagar,71
36,Baner,Pune,Karolbaug,750,4.1,50,"Mughlai,North Indian,Chinese,Biryani",Sakal Nagar,72
37,Powai Area,Mumbai,The Punjabi'S Kitchen,500,4.4,500,North Indian,Guru Hargobindji Marg  Andheri East,65
38,Ramgopalpet,Hyderabad,Aangan - Yatri Nivas,500,4.1,100,North Indian  South Indian,S P Road,66
39,Kalasiguda,Hyderabad,Bluefox,800,4.2,1000,Biryani  North Indian  Chinese  Tandoor,Sd Road,68
40,Aundh,Pune,Taaareef,1100,4.4,100,"Mughlai,North Indian,Seafood,Biryani",Iti Road,67
41,Kalasiguda,Hyderabad,Flavours Of Taj Mahal Hotel,300,4.2,1000,North Indian  Chinese  Desserts  Continental  South Indian,Sd Road,57
42,Adarsh Nagar,Hyderabad,Ohri'S Eatmor,600,4.2,500,"Ice Cream,Beverages,Desserts,Chaat,Italian",New Mla Quarters,37
43,Adarsh Nagar,Hyderabad,Ohri'S Ming'S Court,500,4,1000,Chinese,New Mla Quarters,39
44,Himayatnagar,Hyderabad,Minerva Coffee Shop,500,4.3,1000,"South Indian,North Indian,Chinese",Himayath Nagar Road,30
45,Himayatnagar,Hyderabad,Bluefox,800,4.1,1000,"Biryani,North Indian,Chinese,Tandoor",Himayath Nagar Road,36
46,Ashok Nagar,Bangalore,Art Of Delight,250,4.6,100,"Ice Cream,Desserts,Beverages",Residency Road,34
47,Commercial Street,Bangalore,Khan Saheb Grills And Rolls,300,4.3,50,"Tandoor,Mughlai,North Indian,Kebabs",Kamaraj Road,39
48,Richmond Town,Bangalore,Fanoos,300,4.2,500,"Biryani,Tandoor,Kebabs,Barbecue,Fast Food",Hosur Road,33
49,Richmond Town,Bangalore,In Wok,500,4.3,100,Chinese,Richmond,44
50,Ashok Nagar,Bangalore,Lakeview Milkbar,450,4.1,100,"Desserts,Ice Cream,Bakery,Fast Food",Mg Road,31
51,Ashok Nagar,Bangalore,C Sharp Kitchen,300,2.9,80,"Chinese,Continental,Fast Food",Church Street,33
52,Ashok Nagar,Bangalore,Roomali,1000,4.4,100,"North Indian,Indian",Church Street,35
53,Ashok Nagar,Bangalore,Tadka Singh,300,4.2,100,"Punjabi,North Indian",Church Street,38
54,Ashok Nagar,Bangalore,Bheemas,550,4.3,100,Andhra,Church Street,31
55,Vasanth Nagar,Bangalore,Watson'S,450,2.9,80,Fast Food,1St Main Road,53
56,Andheri East,Mumbai,Sai Leela,500,4.2,20,"Mughlai,North Indian,Chinese,Seafood",Andheri East,63
57,Bhowanipore,Kolkata,Tandoori Darbar,500,4.4,100,"North Indian,Chinese,Tandoor,Biryani,Beverages,Desserts",Hazra Road,71
58,Ballygunge,Kolkata,Ballygunge Dhaba,500,4.3,500,"North Indian,Biryani,Chinese",Ballygunge,59
59,Gariahat,Kolkata,Tero Parbon,500,4.3,100,Bengali,Purna Das Road Hindustan Park,72
60,Ballygunge,Kolkata,Wise Owl The Coffee Shop,700,4.3,100,"Continental,American,Cafe",Purnadas Road,76
61,Gariahat,Kolkata,Aminia Restaurant- Golpark,500,4.3,1000,"Biryani,Mughlai,North Indian,Indian,Kebabs,Tandoor",Ballygunge Gardens,67
62,Gariahat,Kolkata,Bedouin - Sher E Bengal,500,2.9,80,"North Indian,Chinese,Bengali",Gariahat Road Gariahat,70
63,Ballygunge,Kolkata,Sharma Dhaba,300,4.2,1000,North Indian  Fast Food  Tandoor  Biryani  Kebabs  Snacks  Chinese,Ballygunge Circular Road  Ballygunge Maidan Camp  Ballygunge,54
64,Indiranagar,Bangalore,Kund Indian Barbeque,200,4.2,100,"Mughlai,North Indian,Biryani,Kebabs,Desserts",1St Stage,58
65,Bhowanipore,Kolkata,Jai Hind Dhaba,500,4.3,1000,"North Indian,Indian,Tandoor,Kebabs,Punjabi,Home Food,Chinese",Sarat Bose Road Paddapukur,60
66,Kalighat,Kolkata,Tamarind,1100,4.4,100,"North Indian,South Indian",Sarat Bose Road Desapriya Park,73
67,Pulikeshi Nagar,Bangalore,Pathaan Sir,300,4.2,100,Fast Food,Coles Road,47
68,Indiranagar,Bangalore,Chaipatty,200,3.9,50,"Fast Food,Beverages,Pizzas,Street Food,Snacks",Hanumanthanagar,56
69,Powai Area,Mumbai,5 Spice,1100,4.2,500,"Chinese,Desserts",Powai Area,53
70,Punjagutta,Hyderabad,Srikanya,250,4.1,1000,"Andhra,Seafood",Punjagutta Road,56
71,Sion,Mumbai,Cafe Vrindavan,500,4.3,100,"North Indian,Chinese,South Indian",Sion Station,42
72,Mumbai,Mumbai,Ramdeo,450,4,500,"North Indian,Chinese,South Indian,Fast Food",Sion Station,44
73,Mumbai,Mumbai,Shabari,400,3.9,100,"North Indian,South Indian,Fast Food",Sion West,48
74,Rajajinagar,Bangalore,The Purple Pan,400,4.1,1000,"Mughlai,North Indian,Chinese,Arabian",Dr. Rajkumar Road,56
75,Pulikeshi Nagar,Bangalore,Moriz Nano,500,2.9,80,"North Indian,Chinese,Biryani,Seafood",Lakeview,50
76,Ashok Nagar,Bangalore,Truffles,450,4.5,1000,"American,Desserts,Continental,Italian",St. Marks Road,29
77,Golpark,Kolkata,The Grub Club,400,4.3,1000,"Italian,Chinese,Thai",Golpark,69
78,Koramangala,Bangalore,Lazeez,500,4.2,500,"North Indian,Mughlai",5Th Block,55
79,Shivajinagar,Pune,Marrakesh,300,4,100,"Lebanese,North Indian,Afghani,Mughlai,Combo,Biryani,Kebabs,Mediterranean,Arabian,Middle Eastern,Desserts",Fc Road,46
80,Banjara Hills,Hyderabad,Keshav Reddy Sweets,150,4.2,500,"Sweets,Bakery,Desserts,Fast Food,Street Food,Chaat",Road No 2,65
81,Gariahat,Kolkata,Kimli,600,4.4,100,"Chinese,Seafood",Purnadas Road,69
82,Koregaon Park,Pune,Prem'S,1200,4.2,100,"North Indian,Chinese,Continental,Asian,Desserts,Beverages",Koregaon Park,53
83,Deccan Gymkhana,Pune,The Chocolate Room,450,2.9,80,"Desserts,Continental,Fast Food",Fc Road,39
84,Koregaon Park,Pune,Uncle'S Chinese,350,4.1,1000,"Chinese,Thai,Malaysian",Koregaon Park,55
85,Jayanagar,Bangalore,House Of Kebab'S,500,3.7,50,"North Indian,Chinese,Biryani",Rv Road,51
86,Karkhana,Hyderabad,Oh So Stoned,300,3.9,100,Ice Cream  Desserts,Vikrampuri Colony,68
87,Kothrud,Pune,Zest Cafe Bar,250,4.2,20,"Chinese,Fast Food",Ideal Chambers  Kothrud,57
88,Koregaon Park,Pune,Seven - Shawarma And Burgers,250,3.9,100,"Lebanese,Fast Food,Snacks,Arabian",Koregaon Park,51
89,Kothrud,Pune,Rushhrs,250,4.3,100,"Salads,Healthy Food",Karishma Housing Society,46
90,Erandwane,Pune,Aroma'S Hyderabad House - Karve Road,400,4.2,500,"Biryani,Mughlai,North Indian,Chinese",Karve Road,35
91,Koti,Hyderabad,Grand Hotel,300,4.1,10000,"Biryani,Tandoor,Chinese,Indian,Kebabs,Desserts",Abids Road,24
92,Dilsukhnagar,Hyderabad,Tipsy Topsy,250,3.7,500,Chinese  Italian  Desserts  Bakery  Fast Food,Dilsukhnagar Main Road,39
93,Nagole,Hyderabad,Hotel Swagath Grand - Dhanturi Group Of Hotels,300,3.9,1000,"Biryani,Chinese,South Indian,North Indian,Tandoor",Alkapuri X Roads,67
94,Chandrapuri Colony,Hyderabad,Hotel Sitara Grand - Dhanturi Group Of Hotels,300,3.8,1000,"Biryani,Chinese,South Indian,North Indian,Tandoor",L B Nagar,70
95,Kothapet,Hyderabad,Nakshatra Inn Multi Cuisine Restaurant,300,3.8,100,"Biryani,Chinese,North Indian,South Indian",Lakshmi Nagar Colony,52
96,Narayanguda,Hyderabad,Mehfil,300,3.9,10000,"Biryani,Tandoor,Chinese,Indian,Kebabs,Desserts",Narayanguda,25
97,Fc Road,Pune,The Burger Barn Cafe,300,4.1,100,"American,Fast Food",Ghole Road,46
98,Park Street Area,Kolkata,Sip & Sandwich,300,2.9,80,Pastas  Beverages  Fast Food,Park Street,60
99,Beniapukur,Kolkata,Shiraz Golden Restaurant,500,4.4,1000,"Biryani,Mughlai,North Indian,Indian,Kebabs,Tandoor",Park Street,52
100,Park Street Area,Kolkata,Mocambo,1500,4.4,1000,"North Indian,Biryani,Continental,Italian",Park Street,62
101,Bidhannagar,Kolkata,The Scoop,400,4.1,100,"North Indian,Chinese,South Indian,Fast Food",Sector 1,70
102,Bidhannagar,Kolkata,Kaafila,1600,3.9,50,"Mughlai,North Indian",Sector 1,71
103,Bidhannagar,Kolkata,Ranjan'S,200,4.2,100,"North Indian,Chinese",Sector 3,56
104,Bidhannagar,Kolkata,Balle Balle Dhaba,500,4.1,1000,"North Indian,Punjabi,Biryani",Sector 1,59
105,Bidhannagar,Kolkata,Le Coffee Creme,600,3.9,50,"Combo,Chinese,Continental,Italian,Fast Food,Mexican",Sector 1,68
106,Himayatnagar,Hyderabad,Crystal Restaurant,350,3.9,1000,"Biryani,North Indian,Chinese",Rtc X Roads,34
107,New Nallakunta,Hyderabad,Bawarchi,300,3.9,10000,"Biryani,Tandoor,Chinese,Indian,Desserts,Kebabs,Mughlai",Rtc X Roads,27
108,Sivanchetti Gardens,Bangalore,The Grill House - Steaks & Sizzlers,1100,4.2,100,"American,Steakhouse,Italian,Mexican,Continental,Mediterranean,Desserts,Grill,Salads,Pastas,Pizzas,Lebanese",Kensington Point,52
109,Adikmet,Hyderabad,Us Pizza,200,3.2,20,"Italian,Pizzas,Fast Food,Beverages,Desserts",O.U Road,48
110,Amberpet,Hyderabad,Surabhi Grand,300,4,500,"Mughlai,North Indian,Chinese,Seafood",Tilaknagar,45
111,Himayatnagar,Hyderabad,Bluedragon By Mandilicious,300,4.2,20,Chinese,Himayathnagar,34
112,Adikmet,Hyderabad,Frosty Den,200,2.2,20,"Ice Cream,Pizzas,Fast Food,Beverages,Desserts",O.U Road,43
113,Banjara Hills,Hyderabad,Sitara Grand - Nizami Pakwaan,300,3.6,100,"Biryani,Chinese,South Indian,North Indian,Tandoor",Road No 12,62
114,Karve Nagar,Pune,Cheesiano Pizza,500,3.9,100,"Italian,Pizzas,Fast Food",Karvenagar,52
115,Domlur,Bangalore,Venus Biryani,200,4.1,500,Biryani,3Rd Cross,49
116,Andheri East,Mumbai,Rj Spice,450,4.1,20,Chinese  Thai  Fast Food,Jb Nagar  Andheri East,55
117,Agarkar Nagar,Pune,Blue Nile,1000,4.2,1000,"Biryani,Mughlai,Tandoor,Chinese,Desserts,Ice Cream,Beverages",Bund Garden Road,31
118,Koregaon Park,Pune,Arthur'S Theme,800,4.3,100,"Italian,European",Lane No 6 Opp Cosmos Bank Kp,56
119,Mundhwa,Pune,Carnival Restaurant & Bar,1000,4.2,100,"North Indian,Chinese,Seafood,Continental",Mundhwa Road Kp,64
120,Shivajinagar,Pune,Smokin' Joe'S,400,4,50,"American,Fast Food",Jm Road,35
121,Mohammed Wadi,Pune,Chai - The Way You Like It,250,4,50,Fast Food,Salunkhe Vihar Road,73
122,Shivajinagar,Pune,Mainland China,850,4.4,100,"Chinese,Oriental,Thai,Pan-Asian,Seafood,Asian,Desserts",Pyramid Mall,53
123,Bandra Area,Mumbai,Theobroma,800,4.7,500,"Desserts,Bakery,Beverages",Bandra Area,40
124,Paschim Vihar,Delhi,Deli 63,400,2.9,80,"Street Food,Fast Food",Punjabi Bagh,60
125,Malleshwaram,Bangalore,Food Paradise,326,3.9,100,"Mughlai,North Indian,Chinese,Fast Food",Malleshwaram,53
126,Ashok Nagar,Bangalore,Corner House Ice Cream,250,4.7,1000,"Ice Cream,Desserts",Residency Road,31
127,Kalighat,Kolkata,Bachan'S Dhaba,250,4.3,5000,"North Indian,Chinese",Near Kalighat Metro Rash Behari Avenue,61
128,Ballygunge,Kolkata,Mainland China,850,4.5,100,"Chinese,Oriental,Thai,Pan-Asian,Seafood,Asian,Desserts",Ballygunge,64
129,Lakdikapul,Hyderabad,Chicha'S,200,3.8,500,"Biryani,Hyderabadi,Indian,Street Food",P & T Officers Colony,40
130,Deccan Gymkhana,Pune,Le Plaisir,1000,4.5,500,"Italian,Continental,European,Desserts",Prabhat Road Deccan,40
131,Deccan Gymkhana,Pune,Cafe Goodluck,200,4.4,100,"North Indian,Fast Food,Biryani,Cafe,Snacks,Beverages,Bakery",Shivajinagar,35
132,Camp,Pune,George Restaurant,600,4.3,1000,"North Indian,Chinese,Biryani,Mughlai,Parsi,Fast Food",East Street,33
133,Camp,Pune,Marzorin,200,4.4,1000,"Fast Food,Bakery,Beverages,Snacks,Desserts",Mg Road,33
134,Antop Hill,Mumbai,Monica Chinese Fast Food,350,3.9,50,Chinese,Antop Hill,57
135,Kothapet,Hyderabad,Kinara Grand,750,3.9,1000,"North Indian,Chinese,Biryani",Ashta Laxmi Temple,58
136,New Tippasandra,Bangalore,Dal Roti Sabji,150,4.5,100,North Indian,80Ft Road,54
137,Ashok Nagar,Bangalore,Mainland China,850,4.3,100,"Chinese,Oriental,Thai,Pan-Asian,Seafood,Asian,Desserts",Church Street,40
138,Vasanth Nagar,Bangalore,Shezan,600,4.3,100,"North Indian,Chinese,Continental,Mughlai",Cunnigham Road,44
139,Vasanth Nagar,Bangalore,Dolci Desserts,600,4.5,50,"Desserts,Pastas",Cunnigham Road,40
140,Deccan Gymkhana,Pune,Subway,350,4.4,100,"Fast Food,Healthy Food,Salads,Snacks,Desserts,Beverages",Fc Road,35
141,Bandra Area,Mumbai,Smoke House Deli,600,4.4,100,"European,Italian,American,Pastas,Salads,Juices,Desserts,Combo",Bandra Area,48
142,Bhawani Peth,Pune,Madinah,200,4,500,"Mughlai,North Indian,Chinese,Biryani",Poona College,34
143,Bidhannagar,Kolkata,First Innings - The Stadel Hotel,800,4.5,20,"North Indian,Chinese,Continental",Sector 3,69
144,Basheer Bagh,Hyderabad,Meghacity,500,4.4,1000,"North Indian,Chinese",Basheerbagh X Road,32
145,Kalyani Nagar,Pune,Salad Grills,300,4.3,100,"Healthy Food,Salads,Fast Food,Continental,North Indian,Chinese",Hermes Parai,63
146,Ashok Nagar,Bangalore,Oh! Calcutta,800,4.3,100,Bengali,Church Street,36
147,Shankarapura,Bangalore,Polar Bear,300,4.5,100,"Desserts,Fast Food",Vv Puram,38
148,Vasanth Nagar,Bangalore,Miller'S 46,1100,4.4,100,"Steakhouse,American,Continental",Cunnigham Road,47
149,Sivanchetti Gardens,Bangalore,Carnival De Goa,500,4.1,100,"Goan,Mangalorean,Kerala,South Indian,Seafood,Coastal,Continental",Kensington Point,48
150,Elgin,Kolkata,The Rouge,400,4.4,50,Desserts  Bakery,Near Bishop'S College  Kolkata,51
151,Bidhannagar,Kolkata,The Darjeeling,500,4,100,"Chinese,Nepalese,Tibetan",Near City Centre 1,73
152,Paschim Vihar,Delhi,London Grill Co,500,4,1000,"American,Healthy Food,Fast Food,Continental,Salads,Beverages,Desserts",Paschim Vihar,50
153,Mumbai,Mumbai,Mughal Fusions,300,3.9,100,"Mughlai,North Indian,Chinese,Seafood",Lbs Marg,38
154,Kurla West,Mumbai,Mughal Darbaar,300,3.7,500,"Mughlai,North Indian,Chinese,Seafood",Lbs Marg,40
155,Saki Naka,Mumbai,Naaz Hotel,750,4.1,500,"Mughlai,North Indian,Chinese",Kurla West,39
156,Teynampet,Chennai,Amaravathi,650,4.2,100,"Indian,Chinese,Andhra,Tandoor",Cathedral Road,53
157,Nandanam,Chennai,Eatalica,500,4.5,100,"Italian,American",Ra Puram,69
158,Rajajinagar,Bangalore,Kudla Beach,400,3.9,20,"North Indian,Chinese,Seafood,South Indian",Dr. Rajkumar Road,59
159,Langford Gardens,Bangalore,Rolls Kitchen,200,4.4,500,Fast Food,Shanthi Nagar,35
160,Punjagutta,Hyderabad,Zyqa Restaurant,200,4,500,"North Indian,Biryani,Chinese",Punjagutta,55
161,Himayatnagar,Hyderabad,Sahara Bakers,200,3.8,500,"Bakery,Pizzas",Chikadpally,34
162,Kurla West,Mumbai,Mughal Dhaba,500,4,20,"Mughlai,North Indian,Chinese",Lbs Marg Kurla West,36
163,Deccan Gymkhana,Pune,Spring Onion,500,4.3,100,"Chinese,Thai,Pan-Asian,Seafood",Bhandarkar Road,39
164,Koti,Hyderabad,Tibbs Frankie,150,4.3,100,Snacks,Hanuman Tekdi Road,29
165,Kalighat,Kolkata,Petuk,350,4,20,"Mughlai,Chinese,Fast Food",Near Sujata Sadan Theater Hazra,70
166,Malleshwaram,Bangalore,Shanthi Sagar Grand,200,4,100,"North Indian,South Indian,Fast Food",Sampige Road,57
167,Abids,Hyderabad,Agrawala Sweets,250,4.3,100,"Sweets,Fast Food",Jn Road,27
168,Powai,Mumbai,Eagle Boys Pizza,600,3.7,100,Pizzas  Fast Food,Chandivali,56
169,Richmond Town,Bangalore,Freshmenu,250,4.1,1000,"Chinese,Continental,Italian,Mediterranean,Thai,Lebanese,American,Asian,Beverages,Bakery,Biryani,Desserts,Mexican,North Indian,Salads,Pizzas",Aga Abdullah Street,38
170,Himayatnagar,Hyderabad,Angaara,250,3.9,100,"Indian,Chinese,Tandoor",Street 4,33
171,Santacruz East,Mumbai,Golden Wave Restaurant,1000,2.9,80,"North Indian,Chinese,Continental",Santacruz East,56
172,Bidhannagar,Kolkata,Afraa Deli-Sector 1,700,4.3,50,"Continental,Fast Food,Italian,Beverages",Sector 1,67
173,Bidhannagar,Kolkata, Conclave At Afraa,850,3.9,50,"Italian,Indian,Continental",Salt Lake City Centre,75
174,Ashok Nagar,Bangalore,Shiro,1400,4.4,100,"Japanese,Asian",Vittal Mallya Road,44
175,Khairtabad,Hyderabad,Paradise Biryani,400,3.9,100,Biryani  North Indian  Chinese,Imax Road,48
176,Aundh,Pune,Delhi Kitchen,300,4,100,"Tandoor,North Indian,Biryani,Beverages,Desserts",Dp Road,69
177,Vishnu Garden,Delhi,Sethi Restaurant,300,4,1000,North Indian,Pacific Mall,63
178,Beleghata,Kolkata,Mama Mia! - Italian Ice Creams,200,4.7,100,Ice Cream Cakes  Desserts  Bakery  Sweets  Beverages,Beleghata,34
179,Lake Town,Kolkata,Buddha Bites-Jessore Road,300,3.7,1000,"Chinese,Asian,Fast Food,Snacks,Tibetan",Jessore Road,74
180,Gopalapuram,Chennai,The Kati Roll Shop,250,4.3,1000,Street Food,Cathedral Road,52
181,Powai Area,Mumbai,Asia Kitchen By Mainland China,850,4.3,100,"Asian,Chinese,Oriental",Powai Area,55
182,Alwarpet,Chennai,Benjarong,1500,4.6,100,Thai,Ttk Road,68
183,Mylapore,Chennai,Kaaraikudi,500,3.6,100,Chettinad,Dr Radhakrishnan Salai,57
184,Central Markt Punjabi Bagh,Delhi,Wok In The Clouds,1500,4.5,50,"North Indian,Chinese,Thai,Continental",Punjabi Bagh,72
185,Golpark,Kolkata,Crossroad Crystal - Golpark,350,4.1,50,"Indian,Chinese,Bengali",Golpark,71
186,Andheri East,Mumbai,99 East,300,2.9,80,North Indian  Chinese  Seafood,Andheri East,57
187,Pashan,Pune,Saffron Multicuisine,400,4.5,20,"Mughlai,North Indian,Chinese,Seafood,Tandoor",Orange County Baner Pashan Link Road,68
188,South Kolkata,Kolkata,Second House,500,2.9,80,"North Indian,Chinese,Kebabs,Biryani,Mughlai",Southern Avenue,84
189,Gariahat,Kolkata,Santa'S Fantasea,1200,4.3,100,"Tribal,Seafood,Chinese",Ballygunge Terrace Near Anjali Jewellers Golpark,80
190,Punjagutta,Hyderabad,Akson Restaurant,250,4.3,1000,"North Indian,Biryani,Kerala",Panjagutta Road,53
191,Kotturpuram,Chennai,Ciclo Cafe,1100,4.4,1000,"Continental,Italian,Italian-American",Alwarpet,71
192,Paschim Vihar,Delhi,Chawla Kitchen,500,3.8,500,"Chinese,Mughlai,Indian,Snacks,Popular Brand Store,Fast Food",Punjabi Bagh,48
193,Habsiguda,Hyderabad,Taste Of India,600,4.2,20,"North Indian,Chinese,Continental",Habsiguda Main Road,67
194,Uppal,Hyderabad,Crunchy'S,150,3.8,20,"Italian,American",Uppal Ring Road,72
195,Indiranagar,Bangalore,Paris Panini - French Street Food,450,4.4,1000,"French,Street Food",Hal 3Rd Stage,57
196,Alwarpet,Chennai,Ashvita Bistro,500,4.1,20,"Continental,Asian",Alwarpet,69
197,Alwarpet,Chennai,Gogo Momo,350,4.2,50,Chinese,Bava Road,65
198,Punjabi Bagh,Delhi,Blue Water Grille,600,3.9,100,"North Indian,Chinese,Continental,Fast Food",Punjabi Bagh,68
199,Kasba,Kolkata,Sheerazi,350,4.3,50,"North Indian,Chinese",Kasba,68
200,Alwarpet,Chennai,Dhabba Express,500,4,100,"Punjabi,North Indian,Chinese",Cenotaph Road,62
201,Barabazar Market,Kolkata,Royal Indian Hotel,450,4.3,1000,"North Indian,Biryani,Mughlai",Rabindra Sarani,36
202,Manicktala,Kolkata,Urbans Cafe,350,4.2,20,"Chinese,Mexican,Continental",Near Balika Shiksha Sadan,46
203,Punjagutta,Hyderabad,Friends Shawarma,200,4.3,100,Lebanese,Road No 3,61
204,Maniktala,Kolkata,New Paul Dhaba,400,3.9,1000,"North Indian,Chinese",Maniktala,42
205,Esplanade,Kolkata,Lazzat,300,4.1,100,Chinese,Pearl Road Lower Range Beck Bagan,50
206,Kankurgachi,Kolkata,Caafe 360 Degree- Kakurgachi,500,3.9,100,"Italian,Chinese",C.I.T. Road,59
207,Ashok Nagar,Bangalore,Beijing Bites,450,4.2,500,Chinese,Richmond Road,33
208,Thousand Lights,Chennai,Ox & Tomato,500,4.4,50,"Italian,Pizzas,Pastas,Desserts,Continental,Salads",Opp To Ather Bike Showroom,55
209,Mylapore,Chennai,Fresh Baked Goodness,250,4.7,500,Bakery,Mylapore,63
210,Taltala,Kolkata,Subway,350,4.3,500,Fast Food  Healthy Food  Salads  Snacks  Desserts  Beverages,Park Street,49
211,Alwarpet,Chennai,Absolute Thai,1400,4.4,100,"Thai,Pan-Asian",Teynampet,71
212,West Marredpally,Hyderabad,Triple A Bakery,100,3.9,100,Italian  Bakery,West Marredpally Road,70
213,Powaiandheri East,Mumbai,Forks And Spoons (Gourmet Chinese & Thai),200,4.1,100,"Chinese,Thai,Pan-Asian,Oriental,Beverages,Snacks,Seafood,Mughlai,Tibetan,Combo,European,Turkish,Asian,British,Salads,German",Andheri East,48
214,Santacruz East,Mumbai,Subway,350,4.4,500,"Fast Food,Salads,Snacks,Desserts,Beverages",Central Plaza Kalina,29
215,Thousand Lights,Chennai,Sandy'S,700,4.3,500,"Desserts,Continental",Wallace Garden,54
216,Nungambakkam,Chennai,Mexicano Griller,800,3.9,20,"Mexican,Continental",Nungambakkam,64
217,Vasanth Nagar,Bangalore,Rolls On Wheels,300,4.3,100,Fast Food,Cunnigham Road,38
218,Thousand Lights,Chennai,Tuscana Pizzeria,1200,4.1,50,Italian,Nugambakkam,60
219,Thousand Lights,Chennai,Mamagoto,900,4.3,100,"Chinese,Asian,Pan-Asian,Thai,Oriental",Nugambakkam,55
220,Nungambakkam,Chennai,Eatza Pizza,600,4.1,20,"Italian,Pizzas",Nugambakkam,58
221,Bidhannagar,Kolkata,Veg Dhaba,100,4,100,"North Indian,Indian,Combo,Chinese,Healthy Food",Salt Lake,58
222,Kasba,Kolkata,Glace Patisserie,250,4.4,100,"Desserts,Bakery,Salads,Continental,Fast Food,Snacks,Pastas",Near Bondel Road Shitala Mandir,68
223,Gopalapuram,Chennai,Bayleaf Otg (On The Go),250,4.4,100,"Bengali,North Indian,Biryani,Street Food",Gopalapuram,55
224,Murad Nagar,Hyderabad,Food Zone 2,300,4,500,"Mughlai,Chinese,Tandoor",Guddimmalkapur Road,46
225,Redhills,Hyderabad,Rayalaseema Ruchulu,450,4,500,"South Indian,Biryani,Rayalaseema",Lakdikapul,39
226,Andheri East,Mumbai,Food Rush,550,4,500,"Mughlai,North Indian,Chinese",Andheri East,52
227,Vadapalani,Chennai,King Sandwich,200,4.3,100,Fast Food,Kodambakkam,71
228,Alwarpet,Chennai,Sachin Ka Dhabba,500,4.1,50,"Punjabi,North Indian,Chinese",Cenetoph Road,69
229,Mohammed Wadi,Pune,Big Daddy'S,250,4.1,1000,"Fast Food,American,Italian,Beverages",Nibm Road,70
230,Garfa,Kolkata,Maa Trinayani,200,4.2,100,"Mughlai,Indian,Chinese,Biryani",Near Lakhan Kuthir,88
231,Ashok Nagar,Bangalore,Smoor,300,4.3,100,"Desserts,Asian,Beverages,Bakery,Italian,Continental,Pizzas,Italian-American",1Mg Road,49
232,Kothrud,Pune,Cafe Eastwood,700,4.4,50,"North Indian,Continental",Chintamani Pride Near Citypride,58
233,Kondhwa,Pune,Jazz Pizza,300,3.9,20,"Italian,Pizzas,Fast Food",Nibm Road,72
234,T. Nagar,Chennai,10 Downing Street,1000,4,20,"Indian,Continental,Tandoor",T- Nagar,77
235,Marol Sakinaka,Mumbai,The Bar Stock Exchange,1300,2.9,80,"North Indian,Mexican,Continental,Italian",Andheri East,59
236,Pitampura,Delhi,Mikky Peshawari Chicken & Fish (Since 1998),250,4,100,"North Indian,Mughlai,Tandoor,Kebabs,Indian,Beverages,Biryani,Punjabi,Seafood,Afghani,Thalis,Combo,Snacks,Barbecue,Home Food,Lucknowi",Nsp,53
237,Pitam Pura,Delhi,Shake Square,250,3.9,50,"Ice Cream,Beverages,Fast Food,Italian,Desserts",Jd Block Ashiana Chowk,50
238,Pitam Pura,Delhi,Shut Up & Eat,250,4.1,100,Indian,Nsp,27
239,Near Rupbani Cinema,Kolkata,Koshe Kosha-Hatibagan,500,4.4,100,Bengali,Near Rupbani Cinema,43
240,Bhowanipore,Kolkata,Bikers Cafe,1100,4.2,100,"Italian,Desserts,Continental",Near Forum Mall,65
241,Bidhannagar,Kolkata,Legacy Of China,400,4.1,100,"North Indian,Chinese,Fast Food",Near Sdf Bus Stop,80
242,East Kolkata Township,Kolkata,Royal Jade,450,4.5,500,Chinese,Near Siemens,76
243,Thousand Lights,Chennai,The Marina,1500,4.4,100,Seafood,Nugambakkam,49
244,Santacruz East,Mumbai,Pizza Hut,300,3.8,500,"Pizzas,Fast Food",Bkc,33
245,Vadapalani,Chennai,Hotel Pandia'S,400,4.2,1000,"Chettinad,North Indian,Chinese,South Indian,Biryani",Vadapalani,77
246,Ashok Nagar,Bangalore,Fresh Pressery Cafe,1000,4.2,100,"Italian,Salads,Healthy Food,French",Cbd,33
247,Thousand Lights,Chennai,Bombay Brasserie,900,4.3,100,Indian,Nugambakkam,48
248,Mylapore,Chennai,Kaidi Kitchen,900,4.5,100,"North Indian,Chinese,Mexican,Italian,Thai,Lebanese",Bishop Wallers Avenue,63
249,South Kolkata,Kolkata,Chopstick - Ballygunge,400,3.7,100,Chinese,South Kolkata,64
250,Lake Town,Kolkata,Chennai Xpress,300,4.1,500,"South Indian,North Indian,Chinese,Beverages",Near Hdfc Bank,74
251,Somajiguda,Hyderabad,Kritunga Restaurant,500,4,1000,"Biryani,Andhra,Rayalaseema,South Indian,North Indian,Chinese",Somajiguda,52
252,Murad Nagar,Hyderabad,Bakers Street,250,4.2,500,Bakery  Continental,Gudimalkatur Road,49
253,Pulikeshi Nagar,Bangalore,Delicacy,400,4.2,500,"Chinese,Thai",Cox Town,56
254,Anna Nagar,Chennai,Coco Jaunt 1728,500,4.3,50,"Bakery,Cafe",4Th Main Road,68
255,Kilpauk,Chennai,Parfait Cakes N Bakes,300,3.5,20,"Bakery,Desserts",Manikeshwari Road,49
256,Kilpauk,Chennai,Wangs Kitchen,350,4.1,100,"Chinese,Fast Food,Asian",Kellys,46
257,Rohini,Delhi,Burger King,350,4.3,1000,"American,Fast Food",D Mall Twin District Center,35
258,Ashok Nagar,Bangalore,Hotel Tom'S Restaurant,400,4.4,100,"Mangalorean,Biryani,Seafood,Chinese,North Indian,Desserts,South Indian,Combo",Brigade Road,35
259,Ashok Nagar,Bangalore,Smoke House Deli,800,4.5,500,"European,Italian,American,Pastas,Salads,Juices,Desserts,Combo",Lavelle Road,39
260,Anna Nagar,Chennai,Kim Ling,800,4.4,500,Chinese,Teja Tower,64
261,Rohini,Delhi,Bombay Indianese Treat,300,2.9,80,Chinese,Prashant Vihar,61
262,Sector 7 Rohini,Delhi,Chalte Firte Momos & Special Foods,200,3.8,100,"Chinese,Fast Food,North Indian",Sector 7,36
263,Sector 8 Rohini,Delhi,Patiala Shahi Chicken Corner,400,4.1,100,"North Indian,Beverages",Sector 8,36
264,Prashant Vihar Rohini,Delhi,Subway,350,4.1,500,"Fast Food,Salads,Snacks,Desserts,Beverages",Fun City Mall Prashant Vihar,53
265,Sector 14 Rohini,Delhi,Pooran'S Ambala Wale,250,4,100,"North Indian,Chinese",Sector 14,48
266,Rohini,Delhi,Chit Chat,300,4.3,20,"North Indian,Chinese",Dda Market Sector 13,50
267,Shyam Bazar,Kolkata,Aminia- Hatibagan,500,4.3,1000,"Biryani,Mughlai,North Indian,Indian,Kebabs,Tandoor",Near Northland Nursing Home,50
268,Shyam Bazar,Kolkata,Pizza Hut,350,4.1,1000,Fast Food  Pizzas,Shyambazar (218),49
269,Jodhpur Park,Kolkata,Hanglaatherium,350,4.3,500,"Biryani,Indian",Near Sanhati Park,84
270,Prashant Vihar Rohini,Delhi,Bombay Bar-Be-Que,400,4.2,100,Indian,Prashant Vihar,57
271,Kachiguda,Hyderabad,Urban Munchies,150,2.9,80,"Ice Cream,Desserts",Adikmet Vidyanagar,42
272,Visharant Wadi,Pune,Rk Pure Veg,300,3.8,500,"Mughlai,North Indian,Chinese",Tingre Nagar,62
273,Visharant Wadi,Pune,Afc American Fried Chicken,300,4,100,Fast Food,Vishrantwadi Chowk,65
274,Park Street Area,Kolkata,Flurys Park Street,1000,4.5,100,Continental,Park Street,45
275,Ballygunge,Kolkata,The Wall,1300,4.1,100,"Chinese,Seafood,Thai,Japanese",Southern Avenue,75
276,Mylapore,Chennai,Grill Box,600,4.3,100,"Tandoor,North Indian,Chinese,South Indian",Rk Salai,58
277,Bkc,Mumbai,Brijwasi Sweets Original Since 1946,150,4.2,100,"Street Food,Desserts,Sweets",Bkc,43
278,Langford Gardens,Bangalore,Pizza Hut,600,3.8,100,"Pizzas,Fast Food",O'Shngness Road,36
279,Ballygunge,Kolkata,6 Ballygunge Place Ballygunge,1000,4.5,100,Bengali,Ballygunge,71
280,Banjara Hills,Hyderabad,Radisson Blu Plaza Delivery,1200,3.7,20,"Chinese,Biryani,North Indian",Road No 6,82
281,Near 7 Point Crossing,Kolkata,Arsalan Park Circus,700,4.3,1000,Biryani  Mughlai  North Indian  Indian  Kebabs  Tandoor  Awadhi,Near 7 Point Crossing,51
282,Lakdikapul,Hyderabad,Shahji Ka Dhaba,400,4.3,100,"North Indian,Chinese",Veer Nagar,44
283,Andheri East,Mumbai,Gurukripa,500,4.3,100,North Indian  Chinese  Seafood,Thunga Village,50
284,T. Nagar,Chennai,Basil With A Twist,1500,4.1,50,"Continental,European,Salads,Italian",Habibullah Road,63
285,Gultekdi,Pune,Kaveri,500,4.2,100,"Maharashtrian,Punjabi,Seafood",Market Yard,52
286,Hadapsar,Pune,Indian Tadka - Taste Punjab Da,300,3.9,500,"North Indian,Indian,Biryani,Chinese,Punjabi",S.No. 181,76
287,Ballygunge,Kolkata,Wise Owl Steak House,1000,4,50,"Continental,European",Purna Das Road Hindustan Park,75
288,Mumbai,Mumbai,Hanuman Restaurant,700,4.5,100,"Street Food,North Indian,Chinese,South Indian,Fast Food",Near Cinemax,45
289,Andheri East,Mumbai,Cocoon - Dragonfly Hotel,400,4.4,20,North Indian  Chinese,Chakala,59
290,Alwarpet,Chennai,Truly Scrumptious,350,4.5,50,"Ice Cream,Desserts,Bakery",Ra Puram,69
291,Kodambakkam,Chennai,Midnight Masala,300,3.8,50,"North Indian,Chinese,Biryani",Arcot Road,73
292,Banjara Hills,Hyderabad,Karachi Bakery Banjara,200,4.1,1000,"Bakery,Pizzas,Snacks,Chinese,Italian,American,Sweets,Desserts,Beverages",Road No 1,56
293,Dilsukhnagar,Hyderabad,Desi Pizza,200,3.9,20,Pizzas,P And T Colony Road,50
294,Bibwewadi,Pune,Khushboo,500,4.3,50,"North Indian,Chinese,Fast Food",Kondhwa,56
295,Anna Nagar,Chennai,Mainland China,850,4.3,500,"Chinese,Oriental,Thai,Pan-Asian,Seafood,Asian,Desserts",5Th Avenue,72
296,Kodambakkam,Chennai,Kairali Kerala Mess,200,4.1,500,Kerala,Voc Main Road,77
297,Khar West,Mumbai,Cairo Grill,400,3.8,20,Lebanese  Middle Eastern,3Rd Road,52
298,Habsiguda,Hyderabad,Suruchi - The Family Restaurant,500,4.2,500,"Biryani,North Indian,Chinese",Habsiguda Circle,58
299,Park Street Area,Kolkata,The 6 Russell Street,300,3.8,500,"Street Food,Chinese",Near Maidan Metro Station,54
300,Gandhi Nagar,Chennai,Swiss Hutte,1200,2.9,80,"Mediterranean,Seafood,Thai",Greams Road,50
301,Punjabi Bagh,Delhi,Grillz N Gravy,500,2.9,80,"Chinese,Mughlai,Indian",Club Road,69
302,Ballygunge,Kolkata,The Corner Courtyard,1100,3.6,20,"Italian,Continental",Sarat Bose Road Near Hazra,73
303,Chembur,Mumbai,Blisss,300,4.3,100,Desserts  Fast Food  Bakery,Central Avenue Road,43
304,Chembur,Mumbai,The Golden Wok,1200,4.2,50,"Chinese,Seafood",Sion Trombay Road,48
305,Chembur,Mumbai,Singh Saab,600,4.1,1000,"North Indian,Chinese,Biryani,Punjabi,Desserts,Pan-Asian,Tandoor,Combo,Beverages,Indian,Grill",Rc Marg,50
306,Sector 11 Rohini,Delhi,U.S. Burger Point,200,3.7,50,Italian,Near Himalya Public School Sector 7,56
307,Himayatnagar,Hyderabad,Subway,350,4.3,500,"Fast Food,Salads,Snacks,Desserts,Beverages",Himayath Nagar Road,33
308,Wanowrie,Pune,The Garage Grill,400,4.3,100,"Mughlai,Street Food",Salunkhe Vihar Road,67
309,Kasba Peth,Pune,Coconut Grove,1000,2.9,80,"Chettinad,North Indian,Mangalorean,Seafood",Ambedkar Bhavan Station Road,37
310,Ashok Nagar,Bangalore,Portland Steak House,1500,4.1,50,"American,European",Off Mg Road,45
311,Mumbai,Mumbai,J.J Jalebi,100,3.6,500,"Desserts,Sweets",Lbs Marg,25
312,Park Street Area,Kolkata,Flavours Of China,1000,4.5,100,"North Indian,Chinese",Park Street,67
313,Park Street Area,Kolkata,One Step Up,800,4.6,100,Continental,Park Street,61
314,Mylapore,Chennai,The Brew Room,700,4.7,50,Continental,Rk Salai,56
315,Royapettah,Chennai,Hotel Millath,350,4.4,100,"Chinese,South Indian",West Cott Road,43
316,Thousand Lights,Chennai,Amadora Gourmet Ice Creams,300,4.7,500,"Ice Cream,Desserts",Wallace Garden,36
317,Sector 10 Rohini,Delhi,Pind Balluchi,400,3.8,100,"Mughlai,North Indian",Metro Walk Mall,40
318,Ballygunge,Kolkata,Zeeshan Park Circus,400,4.1,500,"Desserts,Mughlai,Indian,Tandoor",Near 7 Point Crossing,63
319,College Square,Kolkata,Food Station College Street,500,4.5,50,Indian  Chinese  South Indian  Continental,Opp. Medical College Gate No. 1,39
320,Anna Nagar,Chennai,Pantry D'Or,850,4.2,100,"Italian,Continental",6Th Avenue Main Road,65
321,Shalimar Bagh,Delhi,Chawla'S (Shalimar Bagh),400,4.2,50,"North Indian,Chinese",Bt Market Opp. Axis Bank,64
322,Sector 10 Rohini,Delhi,Berco'S,600,4.1,100,"Chinese,Thai,Asian,Beverages,Desserts,Oriental,Seafood,Pan-Asian",Metro Walk Mall,39
323,Kothapet,Hyderabad,Kritunga Restaurant,500,4,1000,"Biryani,Andhra,Rayalaseema,South Indian,North Indian,Chinese",Dilsukhnagar Main Road,49
324,Koramangala,Bangalore,Bistro Oui,800,4.2,100,Continental,5Th Block,59
325,Nungambakkam,Chennai,Kumarakom,450,4.3,500,"North Indian,Chinese,Kerala",Parsn Complex,57
326,Masab Tank,Hyderabad,Cafe 555 & Aqeeq Restaurant,300,3.9,5000,"Biryani,North Indian,Chinese",Owaisi Pura,46
327,Alwarpet,Chennai,Frootster,150,4.1,100,"Healthy Food,Fast Food,Beverages",Cp Ramasaway,63
328,Gopalapuram,Chennai,Mandarin Chinese Restaurant,350,4,500,Chinese,Gopalapuram,55
329,Thousand Lights,Chennai,Rangi'S,500,4.3,100,Chinese,Nungumbakkam,53
330,Banjara Hills,Hyderabad,Shadab Go,500,4.1,1000,"North Indian,Biryani,Chinese",Road No 3,68
331,Ballygunge,Kolkata,Haji Saheb Park Circus,800,4.2,500,"Mughlai,North Indian,Chinese",Near Park Circus 7 Point Crossing,54
332,Bidhannagar,Kolkata,The Sonnet,1200,2.9,80,"Indian,Chinese,Continental",Near Isl Hospital,67
333,Thousand Lights,Chennai,Little Italy,1200,4.3,500,"Pizzas,Salads,Combo,Italian,Mexican,Desserts,Beverages",Wallace Garden,48
334,Santacruz East,Mumbai,Mr. Chows,800,4.4,100,"Chinese,Asian,Thai,Seafood",Bkc,41
335,Himayatnagar,Hyderabad,Eagles Pizza,150,3.7,500,Pizzas,Himayathnagar Road,32
336,Jayamahal,Bangalore,Five Star Chicken,300,4.3,50,Biryani,Jayamahal Extension,46
337,Thousand Lights,Chennai,Haagen Dazs,500,4.2,50,"Ice Cream,Desserts",Palavakkam,47
338,Alwarpet,Chennai,Cafe De Paris,500,2.9,80,Continental,Alwarpet,69
339,Alwarpet,Chennai,Sushi In A Box,1500,4.4,100,Japanese,Alwarpet,64
340,New Alipore,Kolkata,New Punjabi Hotel Ajanta,300,4.2,1000,"North Indian,Chinese",Opp Ajanta Cinema,86
341,Kondhwa,Pune,Shee Chinese,400,4.3,100,"Chinese,Asian,Thai",Kubera Park Lullanagar,59
342,Andheri East,Mumbai,Cafe Coffee Day,300,3.9,50,Beverages  Snacks  Desserts,Gokul Regency,61
343,Chetpet,Chennai,Le Wrap Factorie,200,4.4,20,"Mexican,Continental",Chetpet,57
344,Madhura Nagar,Hyderabad,Rk Sweets And Juices,200,4.2,50,Sweets  Desserts  Bakery  Beverages,Madhuranagar,63
345,Mylapore,Chennai,Pedreno'S,1000,4.1,20,"Italian,Italian-American,American",Rk Salai,60
346,Aminjikarai,Chennai,Cafe Toastie Express,250,4.2,20,Fast Food,Nelson Manickam Road,66
347,Lake Town,Kolkata,The Pind Punjabi Dhaba,500,4.3,500,"Punjabi,North Indian,Tandoor,Biryani,Combo",Near Reiance Fresh,75
348,Wanowrie,Pune,The Fat And The Sexy Chef,500,3.9,20,"American,Mexican",Kedari Petrol Pump,78
349,Wadgaon Sheri,Pune,The Bohemian Kitchen,300,4.5,100,"American,Italian,Fast Food",Opposite Water Tank Tempo Chowk Wadgaon Sheri,73
350,Anand Nagar,Pune,One Way Paratha,250,4.3,100,"North Indian,Fast Food",Dahanukar Colony,73
351,Anand Nagar,Pune,Pizza & Soup,500,2.9,80,"Italian,Pizzas,Fast Food",Anand Nagar,65
352,Kothrud,Pune,Sudit Su'S Chinese,350,4,100,Chinese,Dahanukar Colony,59
353,Paschim Vihar,Delhi,Hong Kong Express,450,4.3,100,"Chinese,Thai",Avtar Enclave Paschim Vihar,50
354,Beleghata,Kolkata,Bake O Cake,400,4.2,100,"Bakery,Continental,Fast Food,Desserts",Subhash Sarovar Park,49
355,Bhowanipore,Kolkata,The Country House,500,4.3,100,Continental  Italian  Fast Food  Beverages  Desserts,Near Forum Mall,57
356,Andheri East,Mumbai,Punjab Depot,249,3.9,1000,"North Indian,Tandoor,Mughlai,Biryani,Snacks,Desserts,Beverages,Combo",Marolsakinaka,48
357,Chembur,Mumbai,Art House - The Fern Residency,800,2.9,80,Chinese  North Indian  Continental  Pan-Asian  Italian  American  Tandoor  Fast Food  Desserts,Chembur,48
358,Sion,Mumbai,Central Peninsula,400,4.4,100,"North Indian,Chinese,South Indian",Sion Circle,47
359,Dum Dum,Kolkata,Noodle Oodle,600,4.1,100,Chinese,Opposite Diamond Plaza Mall,83
360,Elgin,Kolkata,Handa'S Restaurant,300,3,20,Indian  Chinese  Fast Food,Near Park Clinic,50
361,Poongavanapuram,Chennai,Anjappar,600,4,50,"North Indian,Chinese,Chettinad,South Indian,Seafood",Egmore,34
362,Egmore,Chennai,Ponnusamy Hotel,600,4.2,100,"Biryani,South Indian,Tandoor",Ethiraj Salai,38
363,Yerawada,Pune,Exotica,1100,4.1,20,"North Indian,Chinese,Mediterranean,Continental",Yerawada,64
364,Rohini,Delhi,Behrouz Biryani,500,4.2,500,"Biryani,Mughlai,Lucknowi,Hyderabadi,Kebabs,North Indian,Persian,Desserts",Sector 8,38
365,Park Street Area,Kolkata,Oasis,900,4.3,20,"Indian,Chinese,Continental",Near Park Hotel,61
366,Sion,Mumbai,Hazara Restaurant & Bar,600,4,20,Mughlai  North Indian  Chinese  Seafood,Koliwada,53
367,Bandra Area,Mumbai,Pizzaexpress,1000,4.2,100,"Pizzas,Pastas,Italian,European,Salads,Continental,Desserts,Beverages",Bandra Area,43
368,Rohini,Delhi,Faasos,200,4.1,100,"Combo,Snacks,Beverages,Desserts,Indian",Sector 8,46
369,Choolaimedu,Chennai,Cafe Chef'S Paradise,450,4.2,20,"Italian,Chinese,Continental,Indian",Choolaimedu,67
370,Sadashiv Peth,Pune,Hotel Malwani Solkadi,500,2.9,80,Maharashtrian,Off Tilak Road,44
371,T. Nagar,Chennai,New Andhra Meals Hotel,400,4.4,500,"Andhra,South Indian",T Nagar,69
372,New Nallakunta,Hyderabad,New Astoria Restaurant,450,3.8,100,"Chinese,Biryani",Rtc Cross Road,34
373,Taltala,Kolkata,Kasturi Restaurant,500,4.1,100,Bengali,Near New Market,59
374,Ballygunge,Kolkata,Kasturi Restaurant,500,4.3,500,Bengali,Near Spencers Gariahat,72
375,Kondhwa,Pune,Cafe Zam Zam,250,4.1,1000,"Mughlai,North Indian,Chinese,Fast Food,Biryani",Kondhwa,64
376,Anand Nagar,Pune,One Way Paratha,250,4.3,100,"North Indian,Fast Food",Opp Fire Brigade,73
377,T. Nagar,Chennai,Moonlight Takeaway & Delivery,250,4,1000,"Indian,Chinese,Tandoor",T. Nagar,66
378,Sangamvadi,Pune,Taste Of Hyderabad,350,3.8,100,"Biryani,Hyderabadi,North Indian,Chinese,Beverages",Dp Road,37
379,Shivajinagar,Pune,Fountain Family Rest O Bar,500,4.4,20,"North Indian,Chinese",Off Jm Road,37
380,Gopalapuram,Chennai,Sera - The Tapas Bar & Restaurant,1000,4.1,20,"Chinese,Continental,Spanish",Gopalapuram,60
381,Shobhabazar,Kolkata,C/O. Bangali,700,4.2,50,"Indian,Bengali,Continental",Near 4 Point Crossing,57
382,Tangra,Kolkata,Kim Ling,600,4.3,1000,"Chinese,Asian,Oriental,Pan-Asian,Thai,Seafood",China Town,63
383,Tangra,Kolkata,Beijing,1200,4.2,1000,"Chinese,Asian,Oriental,Pan-Asian,Thai,Seafood",China Town,62
384,Richmond Town,Bangalore,Kabab Magic,400,3.3,100,"North Indian,Chinese",Hosur Road,32
385,Banjara Hills,Hyderabad,Exotica,1000,4.5,500,"Indian,Chinese,North Indian,Punjabi,Tandoor,Kebabs,Biryani,Seafood,Oriental,Desserts,Sweets,Beverages,Combo",Nbt Nagar,65
386,Kothrud,Pune,Mirch Masala Resto Bar,800,4.5,100,"North Indian,Chinese",Near Vandevi Mandir,63
387,Opp Padmashree Movie Hall,Kolkata,The Silk Route,400,3.5,20,Chinese,Opp Padmashree Movie Hall,65
388,Sarat Bose Rd,Kolkata,My Big Fat Belly,600,4.3,100,"Italian,American",Opposite Dugout,67
389,Kalighat,Kolkata,Overdose,400,3.9,500,Chinese,Near Tea Trove-Desapriya Park,70
390,Rajajinagar,Bangalore,Chickpet Donne Biriyani House,200,3.8,100,"Indian,Chinese",3Rd Stage,52
391,Alwarpet,Chennai,Chap Chay - The Raintree,1200,4.4,50,"Chinese,Thai,Malaysian",Anna Salai,72
392,Koregaon Park,Pune,Murphies,1100,3.9,20,"European,Italian,Continental,Healthy Food,Salads,Pizzas,Beverages",Opposite Menchies,62
393,Purasaiwakkam,Chennai,Tibbs Frankie,100,3.8,100,Fast Food,Purasawalkam,34
394,Habsiguda,Hyderabad,Blr Food Kourt,250,4.1,20,"Biryani,Chinese,North Indian",Vasanth Vihar Colony,63
395,Purasaiwakkam,Chennai,Ganga Sweets,250,4.5,100,"North Indian,South Indian,Sweets",Purasawalkam High Road,31
396,Bandra Area,Mumbai,Capital Social,500,4.3,100,"Indian,Chinese,South Indian,American,Kebabs,Mughlai,Biryani,Combo",Bandra Area,46
397,Santacruz East,Mumbai,Behrouz Biryani,500,4.1,100,"Biryani,Mughlai,Lucknowi,Hyderabadi,Kebabs,North Indian,Persian,Desserts",Kalina,34
398,Ballygunge,Kolkata,Chili'S American Grill & Bar,900,4.4,100,"American,Salads,Mexican,Italian,Steakhouse",Quest Mall,76
399,Gariahat,Kolkata,Fresh-N-Up,450,4.4,100,Chinese,Near Golpark,66
400,Koti,Hyderabad,Palace Heights,1700,3.8,50,"North Indian,Chinese,Biryani,Continental,Mughlai",Palace Heights Lane,44
401,Rohini,Delhi,Pizza Hut,350,3.6,100,Pizzas,Aggarwal City Plaza (13),37
402,Ballygunge,Kolkata,Azad Hind Dhaba-Ballygunge,400,4.3,1000,North Indian,Ballygunge,62
403,Cit Nagar,Chennai,Karaikudi Chettinadu Restaurant,300,3.6,20,"Chettinad,Chinese,South Indian,Biryani,Tandoor",Ranganathan Street,78
404,Bhowanipore,Kolkata,Tgi Fridays,1000,4.2,20,"American,Mexican",Forum Shoping Mall,67
405,Ashok Nagar,Bangalore,Church Street Social,500,4.2,100,"Indian,Chinese,South Indian,American,Fast Food,Kebabs,Mughlai,Biryani,Combo",Church Street Road,38
406,Annanagar East,Chennai,Southern Chinese Restaurant,400,3.9,500,Chinese,Anna Nagar East,61
407,Chennai,Chennai,Olive And Basil,500,3.8,100,Chinese,Egmore,37
408,Indiranagar,Bangalore,Punjabi Rasoi,800,4.1,1000,North Indian,1St Stage,54
409,Nagole,Hyderabad,Amaravathi Family Restaurant,500,4.1,500,"Indian,Chinese,Tandoor",Nagole Road,69
410,Kothapet,Hyderabad,Spicy Hub,500,4,1000,"North Indian,Chinese",Kothapet - R.K Puram Road,51
411,Ghatkopar East,Mumbai,Oasiss Cakes & Icecreams,150,3.9,50,"Ice Cream,Desserts,Bakery",Vikrant Circle,42
412,Ganganagar,Bangalore,Kfc,400,3.9,1000,"American,Fast Food,Snacks",Rt Nagar Main Road,53
413,Huda Complex,Hyderabad,Papadams Blue,500,3.9,1000,"Biryani,Chinese,Andhra,North Indian,South Indian,Tandoor",Kothapet Cross Road,53
414,Huda Complex,Hyderabad,Papadams Restaurant,500,3.8,1000,"Biryani,Chinese,Andhra,North Indian,South Indian,Tandoor",Kothapet Road,54
415,Ashok Nagar,Bangalore,Glen'S Bakehouse,500,4.3,100,"Desserts,Bakery",Lavelle Road,34
416,Sadashiv Peth,Pune,Masemari - The Fishing,1000,2.9,80,"Maharashtrian,Malwani,Mangalorean,Goan,Konkan",Tilak Road,39
417,Indiranagar,Bangalore,Cafe Terra,299,4.3,100,Continental,Double Road First Stage,54
418,Anna Nagar,Chennai,Sigree,700,4.4,100,"North Indian,Mughlai,Kebabs,Mediterranean,Greek,Turkish,Lebanese",Anna Nagar East,67
419,Ramesh Nagar,Delhi,Nando'S,450,4.1,500,"Fast Food,Portuguese,African,Grill,Salads",North West Avenue Road,69
420,Santacruz East,Mumbai,Faasos,200,4.2,100,"Combo,Snacks,Beverages,Desserts,Indian",Kalina,35
421,Tangra,Kolkata,Khichdi Khichri,350,4.3,100,Indian,Near Bypass Dhaba,63
422,Taltala,Kolkata,Don Giovanni'S,1300,4.2,100,"North Indian,Chinese,Italian,Pizzas,Thai",Opp Mocambo,62
423,New Tippasandra,Bangalore,Chakum Chukum,400,4.3,1000,Chinese,Michael Palaya,56
424,New Tippasandra,Bangalore,Waffle Magic,200,4.2,100,"Beverages,Desserts,Continental",2Nd Stage,57
425,Santacruz East,Mumbai,Dumpling Khang,250,3.7,100,"Chinese,Tibetan,Street Food,Fast Food,Beverages",Vakola,42
426,Tiljala,Kolkata,Red Bamboo Shoot Restaurant,500,4.1,100,"Chinese,Thai",Near Sd Academy,63
427,Near City Centre 1 Petrol Pump,Kolkata,De Sovrani,800,2.9,80,"Indian,Chinese,Continental",Near City Centre 1 Petrol Pump,64
428,West Mambalam,Chennai,Chop 'N' Stix,500,4.3,100,Chinese,Ashok Nagar,77
429,Egmore,Chennai,Abid'S,700,4.5,100,"Arabian,Biryani,Chinese,Grill,Hyderabadi,Indian,North Indian,Tandoor",Spurtank Road,35
430,Kachiguda,Hyderabad,Cafe Coffee Day,300,4.5,20,"Beverages,Snacks,Desserts",Kachiguda Railway Station,36
431,Basheer Bagh,Hyderabad,Cafe Coffee Day,300,4.1,100,Beverages  Snacks  Desserts,Sri Siva Rama Towers,40
432,Delhi,Delhi,Giri Momos Centre & Chinese Fast Food,300,3.9,100,Chinese,Rajasthali Market,46
433,Narhe,Pune,Masala Mantra,500,4.3,20,"Maharashtrian,North Indian",Avinash Regency,73
434,Kondhwa,Pune,Pizzarella,800,4,50,"Italian,Pizzas",Near Cloud 9 Kondhwa,78
435,Kothrud,Pune,Golden Dragon,400,4.1,500,Chinese,Near Karve Putala,59
436,Shivajinagar,Pune,Bamboo House,1000,4,50,"Mughlai,North Indian,Continental",Behind Modern Cafe,39
437,Bentinck St.,Kolkata,Bhojohori Manna,900,4.1,100,Bengali,Beside K.C. Das,42
438,Shyambazar Crossing,Kolkata,Anir'S,500,4.2,500,"Indian,Chinese,Tandoor,Biryani,Fast Food,North Indian,Snacks",Shyambazar Crossing,55
439,Saki Naka,Mumbai,Hotel Dashmesh Punjab,500,2.9,80,North Indian  Chinese  Seafood,Ghatkopar West,38
440,T. Nagar,Chennai,Chocolate Fantasy,200,4.1,20,"Bakery,Desserts,American,Italian,Beverages",Thirumalai Pillai Road,64
441,Near Gurudas Park,Kolkata,Apu'S Kitchen Phool Bagan,300,4.2,1000,"Indian,Chinese",Near Gurudas Park,49
442,Elgin,Kolkata,Little Pleasures - Loudon Street,300,4.6,100,Desserts,Near La Martiniere School,48
443,Indiranagar,Bangalore,Fresh Bites,200,4.1,500,"North Indian,South Indian,Chinese,Fast Food,Juices,Tandoor",Indiranagar Double Road,53
444,Machuabazar,Kolkata,Wow! Momo,300,4.3,100,"Tibetan,Healthy Food,Asian,Chinese,Snacks,Continental,Desserts,Beverages",Girish Park,38
445,Nandanam,Chennai,Chamiers Cafe,1000,4.5,50,"Continental,Italian",Chamiers Road,66
446,New Alipore,Kolkata,The Sushi Oke,1000,3.5,50,"Japanese,Sushi,Thai",Near St Xavier'S Back Gate,83
447,Sinhgad Road,Pune,Maurya Multi Cuisine Family Restaurant And Bar,1000,2.9,80,"North Indian,Chinese,Mexican,Continental,Mughlai,Thai",Near Siddhi Garden,52
448,Mangawadi,Pune,Akshay Court,550,2.9,80,"North Indian,Chinese,Seafood,Biryani",Near Bharat Jyoti Bus Stop,60
449,Khar West,Mumbai,Shiv Sagar,250,4.4,500,South Indian  Continental  Beverages  Ice Cream,Khar West Sv Road,56
450,Shaniwar Peth,Pune,Faasos,200,4.3,100,"Combo,Snacks,Beverages,Desserts,Indian",Shaniwar Peth,30
451,Kondhwa,Pune,Cafe India,200,4.3,100,"Snacks,Fast Food,Street Food,Beverages",Nibm Kondhwa,70
452,T. Nagar,Chennai,Zuka,800,4.5,100,"Desserts,Bakery",Tnagar,64
453,Anna Nagar,Chennai,Parambriym,600,4.2,20,"Biryani,South Indian,Indian",Anna Nagar West,63
454,Bowbazar,Kolkata,Masala Wok Bar & Kitchen,600,2.9,80,"Indian,Chinese",Hind Inox,45
455,Lake Town,Kolkata,Aatithya,400,2.9,80,"Chinese,Bengali",Near Third Park Block B,75
456,Alipore,Kolkata,Red Kitchen & Lounge,1000,4,20,"North Indian,Chinese",Indside Alipore Bazaar,82
457,Ballygunge,Kolkata,Red Hot Chilli Pepper,1000,4.4,100,Chinese,Ballygunge Circular Road,62
458,East Kolkata Township,Kolkata,The Howrah Bridge,250,4.2,100,"North Indian,Chinese,Fast Food,South Indian",Opposite Acropolis Mall,77
459,Central Market Punjabi Bagh,Delhi,Dimsum Vs Sushi,1100,4,100,"Japanese,Pan-Asian,Chinese",Bhagwan Das Nagar,71
460,Ghatkopar West,Mumbai,Rk Wine And Dine,700,4.3,100,"Mughlai,North Indian,Chinese",Lbs Marg,53
461,Koramangala,Bangalore,Sultans Of Spice,599,4.3,50,"North Indian,Chinese,Biryani",Koramangala 5Th Block,60
462,Indiranagar,Bangalore,Nandhana Palace,500,4.1,500,"Biryani,Andhra,South Indian,North Indian",Amarjyothi Layout,58
463,Anna Nagar,Chennai,Cafe Arabica,700,4.4,500,"Italian,Continental,Arabian,Bakery",Anna Nagarr,60
464,Andheri East,Mumbai,Dimsum (Momo) Express,200,4.1,100,Asian,Jb Nagar,54
465,Koramangala,Bangalore,30 Square,300,2.9,80,Chinese,Khb Colony 5Th Block,64
466,Anna Nagar West Extension,Chennai,Hotel Pentagon,350,4.1,20,"Chinese,North Indian,South Indian",Thirumangalam,73
467,Ballygunge,Kolkata,China Whites,1000,4.1,50,"Indian,Chinese",Near Prapti,73
468,Park Street Area,Kolkata,Gabbar'S Bar & Kitchen,1400,2.9,80,"North Indian,Chinese",Inside Jubilee Court Building,74
469,Delhi,Delhi,Sfc Soya Chaap ( Shalimar Bagh),200,4.1,100,"Snacks,North Indian,Chinese,Fast Food,Indian,Kebabs",Shalimar Bagh,64
470,Sector 8 Rohini,Delhi,Rolls 57 By Vhc,150,2.9,80,"Italian,Snacks,Desserts,Continental,Beverages,Combo",Netaji Subhash Place,49
471,Paschim Vihar,Delhi,Sunil Momos.Com,300,3.3,100,Fast Food,Paschim Vihar,52
472,Kurla,Mumbai,Deluxe Restaurant,400,4.2,500,"Mughlai,Chinese",Kurla,33
473,Gariahat,Kolkata,Hungry Tide,350,4.5,1000,"Chinese,Continental,Fast Food,Snacks",Hindustan Park,71
474,Taltala,Kolkata,Mezban Ripon Street,300,3.9,1000,"Indian,Biryani,Chinese,Tandoor",Near Dustarkhwan,48
475,Bhowanipore,Kolkata,Deli Cravings,650,4.2,50,"Italian,Steakhouse,Continental",Near Chrome Hotel,66
476,Taltala,Kolkata,Tea Junction,150,4,50,Beverages  Snacks  Desserts,Beside New Empire Cinema Hall,42
477,Aundh,Pune,Sarjaa Restaurant & Bar,1100,4.3,100,"Mughlai,North Indian,Chinese,Seafood",Next To Goodwill Society Iti Road,65
478,Old Sangvi,Pune,Mukul'S Eastern Spice,300,4,500,"North Indian,Chinese",Old Sanghvi,63
479,Powai,Mumbai,Hoddogs,250,3.7,50,"American,Fast Food",Near Liberty Industrial Estate,50
480,Chembur,Mumbai,Malvan Tadka,250,4.2,50,"North Indian,Chinese,Malwani,Maharashtrian",Near Surana Sethia Hospital,56
481,Sion,Mumbai,Aparna,750,4.5,50,"Mughlai,North Indian,Chinese,South Indian",Sion Railway Station,50
482,Anna Nagar,Chennai,Asian Station,1400,4.5,100,Asian,Croma Building,66
483,Teynampet,Chennai,New Seoul,1500,4.3,20,"Japanese,Korean",406 3Rd Floor,64
484,Bidhannagar,Kolkata,10 Downing Street,1000,4,20,"North Indian,Chinese,Continental",Near Rdb Cinema Hall,78
485,Bidhannagar,Kolkata,Calcutta 64,550,4.4,100,Continental,Sector 1,60
486,Sreebhumi,Kolkata,Anir'S,400,4.2,100,"Mughlai,Chinese,Tandoor,Biryani,Fast Food",Cesc Office Laketown (Nd Near Jaya Cinema),72
487,Mumbai,Mumbai,Sindhi Society Gymkhana( Aparna Caters),400,4.1,1000,North Indian,Sindhi Society,46
488,Tilak Nagar,Delhi,Dunkin Donuts,250,4.3,100,"Desserts,Bakery,Beverages,Fast Food,Combo",Pacific Mall,72
489,Sadashiv Peth,Pune,Sp'S Biryani House,600,4.2,500,"Biryani,North Indian,Indian,Maharashtrian",Tilak Road,37
490,Erandwane,Pune,Nisarg,1200,4.4,100,"North Indian,Seafood,Malwani",Opposite Padale Palace,48
491,Thousand Lights,Chennai,Kabab Corner,350,4.4,100,"Mughlai,North Indian",Nungambakkam,45
492,Karve Nagar,Pune,Nation 52,300,4.3,100,"North Indian,Chinese",Cummins College Road,61
493,Tangra,Kolkata,Sigree Global Grill,700,3.8,20,"North Indian,Biryani",Science City Area,77
494,Karve Nagar,Pune,Bhujbal Bandhu-Hotel Apulki,400,4.1,100,Maharashtrian,Karve Nagar,61
495,Chembur,Mumbai,Krishnaa Leela,450,4.3,100,"Street Food,North Indian,Chinese,Beverages,South Indian",Chembur Naka Chembur,45
496,Chembur,Mumbai,Kumar Lunch Home (Bar & Restaurant),400,3.7,20,"North Indian,Chinese,Punjabi,Biryani,Tandoor",Chembur,47
497,Chembur,Mumbai,Kings Snack Bar,500,3.9,100,"Mughlai,North Indian,Chinese",Chembur,53
498,Wanowrie,Pune,Hite Bar,200,4.3,100,Fast Food,Wanowrie,64
499,Chembur,Mumbai,Zaika,250,3.9,1000,"Mughlai,North Indian,Chinese,Biryani",Chembur,51
500,Machuabazar,Kolkata,Mushroom,500,4.4,50,"Indian,Chinese,Tandoor",Oposite Hedua Park,44
501,Shobhabazar,Kolkata,Fusion,500,4.6,100,"Indian,Chinese,Tandoor",Near Star Theatre,44
502,Shobhabazar,Kolkata,Lebanese Junction - Steak House,350,4.4,500,"Lebanese,Continental",Beside Star Theatre,50
503,Sector 3 Rohini,Delhi,Sahni Fish Corner,700,4.2,50,Indian,Sector-8,33
504,Bibwewadi,Pune,Koffee Villa,200,2.9,80,"Pizzas,Italian,Pastas",Lake Town Road,72
505,Kondhwa,Pune,Tahari House,200,4.4,100,North Indian,Kondhwa,62
506,Banashankari,Bangalore,Szechuan Dragon,500,4.1,500,"Chinese,Thai",Mount Joy Road,57
507,Ghatkopar West,Mumbai,Shloka Dining Bar,600,4.3,50,North Indian  Malwani  Continental  South Indian  Chinese  Asian  Mughlai,Lbs Marg,54
508,Basavanagudi,Bangalore,Cafe Mondo,500,4.4,50,"Pizzas,Italian",Armugam Circle,52
509,Ballygunge,Kolkata,Cafe Drifter,650,2.9,80,Continental,Vivekananda Park Area,78
510,T. Nagar,Chennai,Rottu Kadai Food Court,250,4.1,50,"Chettinad,South Indian",G. N. Chetty Road,68
511,Rohini,Delhi,Kukki Da Dhaba,300,4.2,50,North Indian,Rohini,55
512,Andheri East,Mumbai,Sai Fast Food & Chinese Corner,300,4.1,100,"Chinese,Fast Food",Marol Andheri East,56
513,Domlur,Bangalore,Suryawanshi,600,4.1,100,"Maharashtrian,Seafood",Double Road,54
514,T. Nagar,Chennai,Nasi Kandar Pelita,500,4.5,100,"North Indian,South Indian,Malaysian,Indian",Pondy Bazaar,67
515,Mohammed Wadi,Pune,Fabio Food Court,350,4.1,500,"Indian,Chinese,North Indian,Tandoor",Kondhwa,73
516,Rohini,Delhi,Oven Story Pizza,600,3.6,100,"Pizzas,Italian",Sector 8,47
517,Shivajinagar,Pune,Pizza Hut,350,3.9,100,"Pizzas,Fast Food",Opposite F C College,36
518,Vadapalani,Chennai,Ksg Queen Pizza,150,3.2,50,Fast Food,Subamangalam Complex,70
519,Bidhannagar,Kolkata,The Steak & Grill,1100,4.2,100,"Continental,European",Near Hit Wicket,65
520,Kurla West,Mumbai,Hotel Dashmesh Punjab,400,2.9,80,"Mughlai,Chinese,Seafood",Kurla,38
521,Sainik Vihar,Delhi,Punjabi'S Eating Hub,400,4.2,100,"Mughlai,North Indian",Anshul Tower,44
522,Chembur,Mumbai,Wok Hei,400,4.2,100,"Chinese,Asian,Thai,Tibetan,Mongolian,Combo,Vietnamese,Burmese,Pan-Asian",Chembur,55
523,Chembur,Mumbai,Hotel Grand Central,1100,4.5,100,"North Indian,Chinese,Seafood,Biryani,Asian",Chembur,48
524,Balavinayagar Nagar,Chennai,Hotel Arafa,400,4,100,"South Indian,Biryani,Kebabs",Arumbakkam,58
525,Thousand Lights,Chennai,Dhaba Estd 1986 Delhi,900,4.2,100,"Biryani,Hyderabadi,North Indian,Indian,Tandoor,Punjabi",Ispahani Center,52
526,Chembur,Mumbai,East End Deli,400,4.4,100,"Beverages,Desserts",Central Avenue Road,52
527,Indiranagar,Bangalore,Dhaba Estd 1986 Delhi,900,4.2,100,"Biryani,Hyderabadi,North Indian,Indian,Tandoor,Punjabi",12Th Main,58
528,Kothrud,Pune,The Oyster,900,2.9,80,"Continental,Chinese,North Indian",Mayur Colony,59
529,Koregaon Park,Pune,The Sassy Spoon,1200,4.3,50,"European,Continental,American,Fast Food,Asian,Desserts",Koregaon Park,62
530,Rohini,Delhi,Metro Grill,500,2.9,80,"North Indian,Chinese",Rohini,45
531,Dilsukhnagar,Hyderabad,The Shawarma'S,200,4.1,50,Lebanese,P And T Colony,47
532,Dilsukhnagar,Hyderabad,A-1 Chicken Pakoda,250,4.1,500,"Biryani,Chinese,Mughlai",Shalivahana Nagar,41
533,Chembur,Mumbai,Cafe Udipi,500,4.3,1000,"Street Food,North Indian,Chinese,South Indian",Chembur,45
534,Arumbakkam,Chennai,Achu'S Cakes & Bakes,150,2.9,80,Bakery,Arumbakkam,71
535,Vadapalani,Chennai,The Waterfall Restaurant,500,3.9,50,"Indian,Chinese,Andhra,Tandoor",Vadapalani,80
536,Tagore Garden Extension,Delhi,Imly,500,3.6,50,"Continental,South Indian,Street Food,Maharashtrian,Snacks,Mughlai,North Indian,Thalis,Desserts,Beverages,Sweets",Rajouri Garden,71
537,Krishna Park Tilak Nagar,Delhi,Khalsa Restaurant,300,4.1,500,"North Indian,Chinese",Tilak Nagar,73
538,Erandwane,Pune,Abhishek Non Veg Restaurant,800,4.3,100,"North Indian,Chinese,Seafood",Erandwane,40
539,Beleghata,Kolkata,Dinner House,500,4.4,100,"Indian,Chinese,Tandoor",Near Beleghata Police Station,57
540,Somajiguda,Hyderabad,Verandah-The Park Hyderabad,550,4,50,"Indian,Chinese,Biryani,Snacks,Desserts",Raj Bhavan Road,58
541,Pitam Pura,Delhi,Kesar (Sainik Vihar),400,4.2,500,"North Indian,Chinese,Fast Food",Pitampura,40
542,Choolaimedu,Chennai,Naga Reju Fast Food,300,4.3,500,"Naga,Chinese,Continental",Arumbakkam,52
543,Gokhalenagar,Pune,Vaibhav Restaurant,200,3.3,100,"North Indian,Chinese",Opposite Pune University,45
544,Lullanagar,Pune,Arkie'S Born Bakers,300,4.4,100,"Fast Food,Bakery",Bibvewadi,62
545,Nungambakkam,Chennai,Movenpick Ice Cream Boutique,500,4.5,20,"Ice Cream,Beverages,Desserts",Nungambakkam High Road,46
546,Kalighat,Kolkata,Bachan'S Tandoori Club,250,4.5,500,Tandoor,Near Rashbehari More,67
547,Kothrud,Pune,Gavkari,400,4.1,100,Maharashtrian,Paud Road,67
548,Sector 3 Rohini,Delhi,Pikwik Since 1991,600,4.1,500,"Indian,Chinese,Continental,Mexican,Asian",Rohini,34
549,Pitam Pura,Delhi,Culinaria By Pikwik,200,4.2,500,"North Indian,Continental,Home Food,Indian",Shakti Vihar,52
550,Kurla,Mumbai,Kesas,300,3.8,500,"Arabian,Lebanese,Pastas,American,Biryani,North Indian,Snacks,Chinese,Beverages",Tilak Nagar Chembur,35
551,Indiranagar,Bangalore,Nando'S,450,4.3,500,"Fast Food,Portuguese,African,Grill,Salads",Hal 2Nd Stage,53
552,Chembur,Mumbai,Aditya,850,4.2,50,Mughlai  North Indian  Chinese,Chembur,56
553,Banjara Hills,Hyderabad,Dunkin Donuts,250,4.3,500,"Desserts,Bakery,Beverages,Fast Food,Combo",Road No.1,52
554,Range Hills,Pune,The Chef'S Way Cafe,500,2.9,80,"Mexican,Italian,American,French",Aundh,59
555,Cit Nagar,Chennai,Dezire Sugar Free Health Cafe,150,4.4,50,"Bakery,Desserts,Sweets",T Nagar,69
556,Bidhannagar,Kolkata,Pappu Chaiwalla,200,4.3,100,Continental  Fast Food  North Indian  Street Food,Near City Centre,52
557,Chiriamore,Kolkata,Abar Khaboo,300,4,5000,"Chinese,Biryani,Indian,Oriental",Near Chiriamore Crossing,60
558,Sinthee,Kolkata,Foodpath,400,4.1,500,"Italian,Snacks,Chinese,Desserts,Ice Cream,Indian,Combo,Beverages,Kebabs,Healthy Food,Continental",Kali Charan Ghosh Road,74
559,Dum Dum,Kolkata,Sabita Restaurant,300,4,1000,"North Indian,Chinese,Bengali,Biryani,Indian,Tandoor",Near Indira Maidan,74
560,Kolkata,Kolkata,Gurudev Restaurant,300,4.3,500,"Indian,Chinese,South Indian,Biryani",Near Nagerbazar More,81
561,Banjara Hills,Hyderabad,Haiku,1500,4.4,100,"Japanese,Asian,Thai",Road No 12,75
562,Nampally,Hyderabad,Al-Tazaj Fried Chicken,200,4,20,"Italian,Beverages,Fast Food",Mallepally,51
563,Jayanagar,Bangalore,Gufha,1400,2.9,80,"North Indian,Biryani,Afghani",Diagonal Road,52
564,Kankurgachi,Kolkata,Hoppipola,1500,4.2,20,"Fast Food,Combo,Salads,Pizzas,Italian,Continental,European,Mediterranean,Desserts",Maniktala Main Road,61
565,Ashok Nagar,Bangalore,Hoppipola,600,2.9,80,"Fast Food,Combo,Salads,Pizzas,Italian,Continental,European,Mediterranean,Desserts",Church Street,34
566,Erandwane,Pune,Pk Biryani House Main Branch (Mhatre Bridge),400,4,500,"Biryani,Maharashtrian,North Indian,Seafood",Karve Nagar,40
567,Aundh,Pune,Polka Dots,1100,4.3,50,"North Indian,Mexican,Continental,Italian,Mediterranean,European",Westend Mall,77
568,Chetpet,Chennai,Cafe Adoniya,500,4.3,20,"Bakery,Fast Food,Desserts",Spurtank Road,46
569,Park Street Area,Kolkata,Sher-E-Punjab,500,4.3,100,"North Indian,Chinese",Opposite Kala Mandir,55
570,Saki Naka,Mumbai,Supreme Pizza Kitchen,350,2.9,80,"Pizzas,Italian,Pastas,Chinese",A.G. Link Road,50
571,Chembur,Mumbai,Le Cafe (Jewel Of Chembur),1200,4.3,100,"Mediterranean,Chinese,European,Continental,Lebanese,Italian",Natraj Cinema,52
572,Chembur,Mumbai,Via Bombay (Jewel Of Chembur),1000,4.3,50,"Indian,Asian,Oriental,Tandoor,Biryani,Desserts",Near Natraj Cinema,55
573,Kalina,Mumbai,Theeram,600,4.3,1000,Kerala,Church Road,38
574,Antop Hill,Mumbai,Khaana Khazana,400,4.1,20,North Indian  Chinese,Sm Road,54
575,Machuabazar,Kolkata,Royal Spoon,100,4.1,1000,Chinese,Near Hedua Park,43
576,Choolaimedu,Chennai,Cake Max,100,4.2,500,"Bakery,Desserts,Pizzas,Beverages",Arumbakkam,65
577,Maharshi Nagar,Pune,Vishwakamal,500,2.9,80,"North Indian,Chinese",Bibwewadi,53
578,Chembur,Mumbai,Lucky Restaurant (Chembur),500,4.3,100,"Biryani,North Indian,Kebabs,Chinese",Sion Trombay Road  Diamond Garden Chembur,49
579,Banjara Hills,Hyderabad,Flying Spaghetti Monster,1500,4.3,100,"Italian,Pizzas",Green Valley,76
580,Santacruz East,Mumbai,Two Star,600,4,20,"Mughlai,North Indian,Chinese,Seafood",Kalina Kurla Road,47
581,Himayatnagar,Hyderabad,Mcdonald'S,400,4.2,1000,"American,Fast Food",Himayat Nagar,33
582,Shivajinagar,Pune,Mcdonald'S,400,4.3,1000,"American,Fast Food",Jm Road,34
583,Mukti Nagar,Mumbai,Shivsu Chinese Restuarant,400,4.2,500,Chinese,Mumbai,52
584,Kalina,Mumbai,Smokin Joe'S,400,3.8,100,Pizzas,Kalina,35
585,Andheri East,Mumbai,Uttam Da Dhaba,550,4.3,100,"North Indian,Chinese,Seafood,Combo",Marol Maroshi Road,56
586,Central Bangalore,Bangalore,Domino'S Pizza,400,4.1,20,Pizzas,Rex Theater,30
587,Aundh,Pune,Cafe Old Skool,300,4.7,100,"Desserts,Cafe",Chaitraban Residency,61
588,Bidhannagar,Kolkata,The Orient,1000,4.2,100,"Chinese,Japanese,Thai,Burmese,Tibetan,Thalis",City Center 1 Mall,68
589,Ballygunge,Kolkata,Charcoal Grill,600,4.2,100,"Indian,Chinese,Seafood",Near Maa Flyover Park Circus,62
590,Kolkata,Kolkata,Just Baked,250,2.9,80,Desserts  Bakery  Sweets,Near Birla High School,54
591,Bidhannagar,Kolkata,Rendezvous - Monotel,500,4.4,20,"Italian,Chinese,Desserts,Continental,Indian",Near Wipro Gate 4,76
592,Dhankawadi,Pune,Cafe Momos,200,4.3,100,"Fast Food,Beverages",Katraj,66
593,Machuabazar,Kolkata,Zoya Biriyani,150,4,50,"Mughlai,Biryani",Near Vivekananda House,38
594,Bidhannagar,Kolkata,Courting Coffees,300,4.6,50,Continental,Near Island Number 8,74
595,Rohini,Delhi,Domino'S Pizza,400,4.3,500,Pizzas,Nn Mall Sector- 3,30
596,Kilpauk,Chennai,The Creams,200,4.4,100,"Bakery,Ice Cream,Desserts",Ormes Road,32
597,Khar West,Mumbai,Chef Kong,650,4,20,Chinese  Thai,Khar West  Mumbai,54
598,Kurla West,Mumbai,Domino'S Pizza,400,4,100,Pizzas,Near Sanagam Theatre,30
599,Nungambakkam,Chennai,Grill House,300,4,1000,"North Indian,Biryani,Kebabs,Indian,Grill,Juices,Seafood,Tandoor",Josier Street,58
600,Lullanagar,Pune,Sapna Pav Bhaji,300,4,100,"Maharashtrian,Street Food,Chinese,Beverages,Desserts",Kondhwa,59
601,Maniktala Main Rd,Kolkata,Appetizer,200,4,20,Fast Food,Maniktala Main Road Opposite Ekta Residency,61
602,Kalighat,Kolkata,Pappadam Coastal Delicacies,750,4.3,50,Coastal,Near Mudiali Club,79
603,Gobra,Kolkata,Fast Bite,250,4.4,20,Tandoor,Opp Hindu Gorosthan,67
604,Park Street Area,Kolkata,Jimmy'S Kitchen,1400,4.4,100,Chinese,Near Kala Mandir,56
605,Chembur,Mumbai,China Magic,350,2.9,80,Chinese,Rc Road,52
606,Behra Enclave Paschim Vihar,Delhi,Pakwan,300,3.7,1000,"Mughlai,North Indian,Chinese",Garg Plaza,46
607,Powai Area,Mumbai,Mahesh Lunch Home,900,4.3,100,"Seafood,Chinese,Mangalorean,Biryani",Powai Area,58
608,Powai,Mumbai,Mangalore Tadka,500,4.3,1000,"Chinese,Seafood,South Indian",Chandivali,50
609,Kalighat,Kolkata,Biryanishk By The Biryani Company,700,4.1,50,"Indian,Biryani",Near Mudiali,77
610,Entally,Kolkata,Zam Zam Restaurant,200,4.4,1000,"Mughlai,Biryani",Near Frank Anothony Public School,46
611,Santacruz West,Mumbai,Hot Seekh,220,4.1,50,Tandoor  Arabian  Grill  Lucknowi  Chinese  Indian  Beverages  Mughlai  Awadhi  Lebanese,Opposite Gulam Nabi Manzil,52
612,Powai,Mumbai,Sitaram Restaurant,450,4.4,50,Indian  Chinese  Seafood,Chandivali Farm Road,47
613,Koramangala,Bangalore,China Pearl,1100,4.5,1000,"Chinese,Asian",6Th Block,64
614,Jyothi Nagar,Hyderabad,Sindhura East Court,300,3.7,20,"North Indian,Chinese,South Indian,Tandoor",Raghavendra Nagar,65
615,Punjagutta,Hyderabad,Meridian Restaurant,400,4.1,5000,"Biryani,Chinese,North Indian,Kebabs",Panjagutta Main Road,53
616,Koramangala,Bangalore,Cafe Medley,450,3.6,20,"Desserts,American,Continental,Italian,Bakery,Beverages",5Th Block,65
617,Chennai,Chennai,Le Cafe Et Gateaux,400,4.1,50,"American,Bakery",Paper Mills Road,68
618,Pulikeshi Nagar,Bangalore,Aroma Of Asia,400,4.2,100,Chinese,Adams Corner,45
619,Vadgaon Budruk,Pune,Pk Dum Biryani House,350,4.1,500,"Biryani,North Indian,Maharashtrian",Narhe,77
620,Dhankawadi,Pune,Roll Point,200,3.6,50,Chinese,Dhankawadi,70
621,Matunga,Mumbai,New Punjab Restaurant & Bar (King Circle),750,4.3,20,Mughlai  North Indian  Chinese  Seafood,Bhaudaji Road,58
622,Taltala,Kolkata,Barista,350,4.1,20,"Beverages,Snacks,Desserts",Humayun Place,45
623,Chembur,Mumbai,Barista,350,4.3,50,"Beverages,Snacks,Desserts,Cafe",Garden Appartment,47
624,Khairtabad,Hyderabad,Barista,350,2.9,80,"Beverages,Snacks",Prasad I Max,58
625,Royapettah,Chennai,Salem Rr Restaurant,300,4.1,500,"North Indian,Chinese,South Indian,Biryani",Nungambakkam,41
626,Tarnaka,Hyderabad,Ayaan'S Bbq & Mataam Mandi,400,4.1,20,Arabian  Biryani  Mughlai,Tarnaka Main Road,67
627,Chembur,Mumbai,Krishna Lunch Home,500,2.9,80,"North Indian,Chinese,South Indian,Seafood",Chembur,57
628,Range Hills,Pune,Fish N Rolls,250,4.2,20,Seafood,Near Hdfc Bank Atm,59
629,Koregaon Park,Pune,Sassy Teaspoon,800,4.6,100,"Ice Cream,Desserts,Bakery",Koregaon Park,47
630,Karve Nagar,Pune,Red Chinese & Momos,200,3.8,50,Chinese,Karve Nagar,56
631,Kalyani Nagar,Pune,Mineority By Saby,600,2.9,80,"North Indian,Continental,Indian,Tandoor,Oriental,Chinese,Pastas,Pizzas",Kalyani Nagar,63
632,Bopodi,Pune,Saathee Restaurant & Bar,200,4,20,"North Indian,Chinese",Opposite Ganesh Temple Pune Behind Pune University,56
633,Sion,Mumbai,New Madras,650,4.3,20,Mughlai  North Indian  Chinese  South Indian,Sion West,45
634,Mehdipatnam,Hyderabad,Italian Pizzeria Creamato,400,4.2,50,"Italian,Desserts,American",Gudi Malkapur Road,56
635,Erandwane,Pune,Level 5 Bistro & Bar,600,4.4,50,"Continental,Pan-Asian,Italian,North Indian,Beverages",Near Sharada Centre,49
636,Bhowanipore,Kolkata,Asian Cloud Kitchen,400,4.7,50,"Chinese,Burmese,Thai",Near Rabindra Sadan Metro Station,67
637,Ultadanga,Kolkata,Diamond Hotel And Restaurant,350,4,100,Mughlai  Indian  Chinese  Tandoor,Near Bidhanagar Railway Station Autostand,53
638,Ruby Area  Kasba  East Kolkata Township,Kolkata,Street Cafe,250,2.9,80,American  Fast Food  Italian  Mexican  Beverages,East Kolkata Township,85
639,Anna Nagar,Chennai,Kolapasi Takeaway,300,4.1,100,"South Indian,Biryani",Anna Nagar East,62
640,Chetpet,Chennai,Hotel Rolex,400,3.9,100,"Biryani,Chinese,Desserts,Grill,Juices,Kebabs,North Indian,Seafood,Tandoor",Mcnichols Road,44
641,Rohini,Delhi,Kfc,400,4.3,100,"American,Snacks",District Centre Manglam Place,35
642,Banashankari,Bangalore,Just Bake - Bakery Desserts Cakes & Confectioners,400,3.9,50,Desserts,Hanumanthnagar,45
643,Lullanagar,Pune,Paul'S,300,2.9,80,"North Indian,Chinese",Kondhwa,65
644,Mundhwa,Pune,Shisha Jazz Cafe,600,2.9,80,"North Indian,Persian",Koregaon Park,61
645,Agarkar Nagar,Pune,Madhav Veg Non Veg,350,4.2,20,"North Indian,Chinese",Camp,37
646,Dhankawadi,Pune,Rk Biryani House,500,4,100,"North Indian,Biryani,Thalis,Kebabs,Maharashtrian,Malwani",Dhankawadi,71
647,Chetla,Kolkata,Bangali Bhoj,250,3.9,100,Bengali,Mahesh Dutta Lane More (From Aindra Mancha Hall),77
648,Toli Chowki,Hyderabad,Mr. Faddy,300,4.2,1000,American,Janaki Nagar Colony,65
649,Banjara Hills,Hyderabad,Aromas Of Asia,1000,4.1,50,"Pan-Asian,Chinese",Road No 1,62
650,Bhowanipore,Kolkata,Fabbrica,1200,4.3,100,Italian,Opposite Cream Centre,61
651,Central Kolkata,Kolkata,Kebab-E-Que - The Astor Hotel,1000,2.9,80,"Italian,Indian",Near Nightangle Hospital,68
652,Ashok Nagar,Pune,Symphony,300,4.6,100,"Indian,Chinese,Continental",Shivaji Nagar,49
653,Andheri East,Mumbai,Apna Dhaba,500,4.4,50,Indian,Near Marol Pipeline,55
654,Kalyani Nagar,Pune,Bread Story,200,4.3,50,Bakery,Kalyani Nagar,52
655,Tagore Garden Extension,Delhi,Satguru Tiffin Service,200,3.5,20,"North Indian,Chinese,Desserts,Fast Food",Tagore Garden,73
656,New Nallakunta,Hyderabad,Pista House,200,4.3,1000,"Bakery,Pizzas,Snacks,Desserts",Chikkadapalli Road,30
657,Ashok Nagar,Bangalore,Leon Grill,400,4.4,1000,"Arabian,Beverages,Desserts,American",St Mark'S Rd,32
658,Himayath Nagar,Hyderabad,Lazeez Khaana,350,2.9,80,"Chinese,Biryani,Mughlai,North Indian,Haleem",Railway Quarters,37
659,Redhills,Hyderabad,Cafe Niloufer Classic,150,4.5,1000,Bakery,Lakdikapul,35
660,Kothrud,Pune,Hotel Durga,300,4.5,500,Fast Food,Kothrud,45
661,Aundh,Pune,The Meal House,200,4.1,500,"Thalis,North Indian,Punjabi,Combo",Heera Kunj Building Opposite Hariompuram Society,60
662,Bhowanipore,Kolkata,Fnp Cakes,300,4.3,500,"Desserts,Bakery",Near Sambhunat Pandit Hospital,60
663,Jadavpur,Kolkata,Bawarchi Fast Food- Jadavpur,120,4.4,100,Fast Food,Near 8B Bus Stand,81
664,T. Nagar,Chennai,Latitude - The Park,1400,2.9,80,"Salads,Desserts,Italian,Juices,Beverages,Grill",Nungambakkam,84
665,Andheri East,Mumbai,Minks - The Nagpur Saoji Treat,450,3.7,50,"Maharashtrian,Indian,Beverages",Marol Maroshi Road,56
666,Pitam Pura,Delhi,Subs N Shakes,250,3.5,50,"American,Salads,Beverages,Mexican,Desserts,Chinese,Combo",Pitampura,56
667,Banjara Hills,Hyderabad,Sahib Sindh Sultan,1000,4.2,50,"North Indian,Biryani",City Center Mall,66
668,Bandra West,Mumbai,Bandra Grillz,350,2.9,80,Chinese  Lebanese  Kebabs  Mughlai  Indian,Santacruz West,54
669,Kalyani Nagar,Pune,Elephant & Co.,1100,4,20,"Continental,Pizzas,American,Italian",Goodwill Enclave Kalyani Nagar,72
670,Rasta Peth,Pune,Cinnamon By Shantai,600,4.4,20,"North Indian,Chinese,Continental",Rasta Peth,46
671,Taltala,Kolkata,Jimmy'S Restaurant,1200,4.4,20,Chinese,Near Simpark Mall,52
672,Kolkata,Kolkata,Banglar Rannaghar,300,4,1000,"Bengali,Indian,Chinese",Near Kamala Chatterjee School,76
673,Selimpur,Kolkata,Marhaba,400,4.2,50,"Mughlai,Indian,Tandoor,Biryani",Opp. Jodhpur Park Post Office,81
674,Egmore,Chennai,City Sqaure Cafeteria,300,4,100,"Arabian,Ice Cream,Beverages,Desserts",Casa Major Road,33
675,South Dumdum,Kolkata,Food Junction,300,4,500,"Indian,Chinese,Tandoor,Biryani,Combo,Snacks",Near Uco Bank (Dakshinpara Branch),81
676,Santacruz East,Mumbai,Chinese Wok (Wok Express),250,4.1,1000,"Chinese,Asian,Tibetan,Desserts",Kalina,32
677,Andheri East,Mumbai,Littoo - Pure Veg,200,4.2,100,"Snacks,Fast Food,Bihari,North Eastern,Thalis,Desserts,Beverages",Military Road,60
678,Banjara Hills,Hyderabad,Ofen,300,4.3,100,"European,Italian,Continental,Desserts",Banjara Hills,59
679,Chembur,Mumbai,New Khalsa Punjab,450,2.9,80,Mughlai  North Indian  Chinese,Mahul Road,65
680,Koramangala,Bangalore,Royal Treat,193,4.1,500,"North Indian,Chinese,Seafood,Biryani",5Th Block Koramangala,54
681,Santacruz East,Mumbai,Oven Story Pizza,600,3.8,100,"Pizzas,Italian",Kalina,37
682,Kachiguda,Hyderabad,Domino'S Pizza,400,4.4,100,Pizzas,Kachiguda Main Road,30
683,Koregaon Park,Pune,Cafe Rolls Inn,200,4.3,100,Fast Food,Kalyani Nagar,54
684,Bentinck St.,Kolkata,The Central Grub Club,400,4.4,50,"Chinese,Thai",Opp. Indian Airlines,38
685,Sion,Mumbai,Sbarro - New York Pizza,600,3.7,500,Italian  Pizzas  Desserts  Beverages  Combo,D.J. Road,46
686,Saki Naka,Mumbai,Sbarro - New York Pizza,600,3.4,50,"Italian,Pizzas,Desserts,Beverages,Combo",Pheonix Market City,53
687,Kurla,Mumbai,Denish The Cake Shop,200,4.1,20,"Desserts,Bakery",Kurla West,34
688,Pitam Pura,Delhi,Gulab Wala,350,4.3,5000,"North Indian,Desserts,South Indian,Street Food,Sweets,Beverages,Snacks,Indian",Pitampura,46
689,Raja Annamalai Puram,Chennai,Hotel Marina Park,400,3.8,20,"Indian,Biryani,Arabian,Grill,South Indian",Santhome,67
690,Ashok Nagar,Bangalore,Misu,1300,4.4,100,"Pan-Asian,Chinese,Vietnamese,Malaysian,Desserts,Singaporean,Sushi",Central Bangalore,37
691,T Nagar,Chennai,Ferraree,850,2.9,80,"North Indian,Chinese,South Indian,Continental",Thirumalai Pillai Road,69
692,Cit Nagar,Chennai,Fryyo,300,4.2,50,Fast Food,South Usman Road,75
693,Shivaji Nagar,Bangalore,Eden Park,1000,4.2,100,"North Indian,Chinese,Seafood,Andhra,Biryani,Desserts,Jain,Mughlai,South Indian,Coastal,Beverages",Central Bangalore,36
694,Jayanagar,Bangalore,Cakewala,450,4.3,100,Desserts,Jayanagar,51
695,Karve Nagar,Pune,Shraddha Restaurant,300,2.9,80,"South Indian,Chinese,Fast Food",Karve Nagar,64
696,Bidhannagar,Kolkata,Momo I Am,350,4.4,1000,"Asian,Chinese,Tibetan",Beides Kalyan Jewellery Cc1 Salt Lake,57
697,Andheri East,Mumbai,Blossoms - Hotel Suncity,800,4.4,20,North Indian  Chinese  Continental  Mughlai  Seafood,Mahakali,66
698,Pashan,Pune,Hotel Shivanjali,500,4.4,100,"North Indian,Chinese,Seafood",120 Kokate Nagar Pashan Sus Road Pashan Pune,69
699,Malleswaram,Bangalore,Chung Wah,700,4,500,"Chinese,Snacks",Vyalikawal,49
700,Santacruz East,Mumbai,China Bite,400,4,500,"Chinese,Thai",Santacruz East,30
701,Shivajinagar,Pune,Eatsome,250,4.2,100,"North Indian,Biryani,Street Food,Fast Food,Combo,Beverages",Opposite Shiv Sagar,32
702,Sion,Mumbai,Sion Lunch Home,450,4.4,100,"Mangalorean,Chinese,North Indian,Seafood",Sion,45
703,Beniapukur,Kolkata,Sanjha Chulha,400,4.4,100,"North Indian,Biryani,Indian,Chinese",Opp. Ladies Park,57
704,Kolkata,Kolkata,Chinese Wall,100,4.2,1000,"Chinese,Snacks",Near Bank Of India (Atm) Hatibagan,43
705,Santacruz East,Mumbai,Mandarin Oak- The Heavenly Chinese,350,4.3,50,"Chinese,Asian,Thai",Kalina,49
706,Domlur,Bangalore,Cakezone,200,4.3,500,"Desserts,Bakery,Sweets,Ice Cream,Beverages,Juices,Bengali",Indiranagar,55
707,Bandra Area,Mumbai,Sodabottleopenerwala,600,4.3,100,"Parsi,Biryani,Beverages,Indian,Desserts,Street Food,Bakery",Bandra Area,44
708,Rohini,Delhi,Firangi Bake,400,4.1,50,"Italian,Mexican,Pastas",Sector 8,46
709,Sivanchetti Gardens,Bangalore,Mani'S Dum Biryani,499,4.3,1000,Biryani,Haudin Road,40
710,Central Banglore,Bangalore,California Burrito,250,4.5,1000,"Mexican,American,Salads,Continental,Keto,Healthy Food",Vasanth Nagar,35
711,Bidhannagar,Kolkata,Goutam'S - City Centre 1,250,4.1,500,"Chinese,Fast Food,Beverages",Opp City Centre 1,61
712,Sector 11 Rohini,Delhi,Handi Chic-Fish,500,3.8,50,"North Indian,Chinese",Rohini,46
713,Aundh,Pune,Tea Trails,350,2.9,80,Continental,Westend Mall,74
714,Andheri East,Mumbai,Benzy'S Restaurant,500,4.4,50,North Indian  Chinese  Mughlai  Seafood,Marol,62
715,Pulikeshi Nagar,Bangalore,Karama,400,4.2,500,"Arabian,Biryani,Desserts,Mughlai,North Indian",Pulikeshi Nagar,58
716,Powai,Mumbai,Punjabi Roots,250,2.9,80,"North Indian,Biryani,Kebabs,Chinese,Punjabi,Combo,Thalis,Desserts,Sweets,Beverages",Powai,57
717,Sector 9 Rohini,Delhi,Noodle House,300,4,1000,"Chinese,Thai,Japanese,Tibetan",Dc Chowk Rohini,37
718,Seshadripuram,Bangalore,24/7 - The Lalit Ashok Bangalore,600,3.7,20,"American,Asian,Chinese,Continental,North Indian,Pan-Asian",Malleshwaram,55
719,Koramangala,Bangalore,The Rendezvous,600,4,20,"Continental,Italian,Indian,Chinese",80Ft Road Koramangala,70
720,Perambur,Chennai,Tasty Kitchen,300,4.2,1000,"Biryani,South Indian,Chinese,Fast Food,North Indian",Kolathur,62
721,Bhowanipore,Kolkata,Haji Shaheb,400,4.3,500,"Mughlai,Biryani,Indian,Fast Food,Tandoor",Near Netaji Bhawan Metro Station,61
722,Karam Pura,Delhi,Guru Rakha (Karampura),500,4.3,100,"North Indian,Mughlai,Chinese,Tandoor",Karampura,65
723,Adikmet,Hyderabad,Urban Munchies (Us Pizza),300,3.2,20,Fast Food  Pizzas  Beverages  Desserts,Srt Colony  Adikmet,49
724,Vadgaon Budruk,Pune,Meenakshi Garden Veg And Non-Veg Restaurant,300,3.8,20,"North Indian,South Indian,Chinese",Sinhgad Road,77
725,Zamistanpur,Hyderabad,Crispy Hub,250,3.8,100,"American,Pizzas,Continental",Musheerabad Mch Colony,41
726,Kothrud,Pune,La Gustosa,500,4.2,100,"Italian,Fast Food,Desserts,Pastas",Kothrud,54
727,Kurla - Mumbai,Mumbai,Pop Tate'S,1000,3.5,20,"Continental,Italian,European,Mexican",Pheonix Market City,53
728,Chembur,Mumbai,Malhaar Family Restaurant,600,4.4,50,North Indian  Mughlai  Chinese  Seafood,Chembur,49
729,Sector 7 Rohini,Delhi,The Cake Cafe,350,4.1,500,"Bakery,Chinese",Sector 7 Rohini,33
730,Tilak Nagar,Delhi,Street Foods By Punjab Grill,350,3.8,100,"North Indian,Indian,Biryani,Punjabi,Fast Food,Kebabs,Mughlai,Desserts",Tilak Nagar,73
731,Bidhannagar,Kolkata,Mrs. Magpie,500,4.2,500,Bakery  Continental,Near City Centre,50
732,Kalyani Nagar,Pune,Kwality Family Resto,500,3.9,100,"North Indian,Seafood,Chinese,Continental,Biryani",Kalyani Nagar,60
733,Shankarapura,Bangalore,Little Cafe,300,3.7,20,"Beverages,Chinese,Continental,Desserts,Ice Cream,Italian,Jain",National High School Road,48
734,Koramangala,Bangalore,Little Kolkata,300,4.1,20,"North Indian,Bengali,Chinese",5Th Block,59
735,Chembur,Mumbai,Food Villa,300,4.2,500,"Bakery,Desserts",Nityanand Baug Road Chembur Colony Chembur,48
736,Bandra East,Mumbai,Subway,350,4.3,100,Fast Food  Salads  Snacks  Desserts  Beverages,The Capital Bandra Kurla Complex,37
737,Ballygunge,Kolkata,Juice Factory,200,4.1,20,Juices,Opp Situ Smriti Pharmacy Karaya Road,61
738,Shivajinagar,Pune,Culture Express,800,2.9,80,"Continental,North Indian,Italian,European,Biryani,Indian,Chinese",Fc Road,38
739,Saki Naka,Mumbai,Hotel Gurukrupa'S Mast Malvani,300,2.9,80,"Fast Food,Street Food,Maharashtrian,Seafood",Marolsakinaka,55
740,Himayatnagar,Hyderabad,Mandilicious,450,3.9,100,"Arabian,Indian,Chinese",Himayath Nagar,32
741,Sivanchetti Gardens,Bangalore,Monsoon,700,4.5,20,"Andhra,Asian,Bengali,Biryani,Chettinad,Coastal,Continental,Desserts,Fast Food,Italian,Mughlai,North Indian,Pan-Asian,Seafood,South Indian",M.G Road,50
742,Ballygunge,Kolkata,Ammini,500,4.3,100,"South Indian,Kerala",Opp Amulya Jyoti Eye Foundation,69
743,Broad Street,Kolkata,Prity'S Kitchen,300,4.2,100,"Chinese,Thai",Broad Street,60
744,Himayatnagar,Hyderabad,Rice Bowl,200,4,1000,"North Indian,South Indian",Urdu Galli,28
745,Himayatnagar,Hyderabad,Burger King,350,4.2,1000,American  Fast Food,Mpm Millennium Mall,35
746,Entally,Kolkata,Cit Cafe,600,4.3,500,Chinese,Opp Merry Land Nursing Home,57
747,Choolaimedu,Chennai,Hot Sandwich,200,4.3,100,Fast Food,Choolaimedu,61
748,Santacruz East,Mumbai,Mcdonald'S,400,4.3,1000,American,Kalina Artista,34
749,Kurla,Mumbai,Delhi Drum,300,3.8,100,"Mughlai,Chinese",Bandra Kurla Complex,35
750,Khar West,Mumbai,Rajasthan,400,4,500,Biryani  Desserts  North Indian  Chinese  Ice Cream  Mughlai  Fast Food,Sv Road,52
751,Ashok Nagar,Bangalore,Toscano,1200,4.3,100,"Italian,Pizzas,Pastas,Continental,Salads,Desserts,Beverages,Combo",Central Bangalore,39
752,Sarvagnanagar,Bangalore,Mma Kabab & Rolls,200,4,100,"Biryani,Chinese,Mughlai,Arabian",Old Madras Road,49
753,Khairtabad,Hyderabad,Salt & Pepper-The Central Court Hotel,250,2.9,80,"North Indian,Chinese,Continental,Seafood",Lakdikapul Main Road,44
754,Bkc,Mumbai,Starbucks Coffee,400,4.2,100,"Beverages,Ice Cream",Kurla Complex,39
755,College Square,Kolkata,Bindass Food Plaza,200,4.5,20,"Indian,Chinese,Tandoor",Near Goenka College,36
756,Bandra East,Mumbai,Garam Masala Rest-O-Bar,500,3.9,20,"Chinese,North Indian,Biryani",Bandra East,47
757,Adikmet,Hyderabad,Rammy Fast Food,200,4,100,Fast Food,Adikmet Main Road,35
758,Koregaon Park,Pune,The Burger House,300,4,100,"American,Fast Food",Koregaon Park,56
759,Koregaon Park,Pune,China Park,250,4,50,Chinese,Koregaon Park,64
760,Bn Reddy Nagar,Hyderabad,N Village,700,4,500,"North Indian,Chinese,South Indian,Biryani",Sn Reddy Nagar,60
761,Chembur,Mumbai,Pizza Caprina,600,4,500,"Pizzas,Fast Food",Chembur,47
762,Powai,Mumbai,Aamchi Mumbai Snacks,200,4.2,100,Fast Food,Chandivali,46
763,Chembur,Mumbai,Belly Darbar,400,4.3,50,North Indian  Chinese  Biryani  Kebabs  Punjabi  Desserts  Indian  Asian  Pizzas  Thai  Jain,Near Ashish Cinema,62
764,Sector 9 Rohini,Delhi,Wong'S Kitchen,250,3.8,500,"Chinese,Fast Food,Asian",Sector- 9,37
765,Aundh,Pune,Grill Royale,450,2.9,80,North Indian,Aundh,69
766,Banjara Hills,Hyderabad,Fitmeals,500,4.2,100,Continental  Lebanese,Devera Konda Green Valley,67
767,Indiranagar,Bangalore,Salt Mango Tree,300,4.2,100,"Kerala,South Indian,Seafood,Biryani,Indian",Indiranagar,54
768,Entally,Kolkata,Zafran,250,4.3,100,"Mughlai,Biryani,Kebabs",Near Aspiration Classes,43
769,Koregaon Park,Pune,Buddha Paradise,250,4.6,50,"South Indian,Fast Food,Chinese",Koregaon Park,49
770,Baner,Pune,The Greedy Man Pizzeria,1000,4.1,100,"Italian,Desserts,Italian-American",Baner,71
771,Paikpara,Kolkata,Ice & Spice,300,3.9,100,"Indian,Chinese,Biryani,North Indian,Combo,Beverages,Desserts",Near Satyanarayan Mistana Bhandar,66
772,Thousand Lights,Chennai,Amethyst,1000,4.6,50,"Italian,Continental",Royapettah,53
773,Kavadiguda,Hyderabad,Star Hotel,300,3.4,1000,"Hyderabadi,Mughlai,Biryani",Kavadiguda,41
774,George Town,Chennai,Pizza Square (Mint 2),500,2.9,80,"American,Pizzas",Same As Cake Square Bazaar Road,50
775,Haltu,Kolkata,Wasabee,1000,4.2,100,"Japanese,Chinese,Thai,Singaporean,Burmese",Near Safui Para Signal Beside Union Bank,93
776,Chembur,Mumbai,The J,300,4.4,100,"American,Fast Food,Snacks,Desserts",Chembur,45
777,Somajiguda,Hyderabad,Kathmandu Momo,150,4.4,100,Fast Food,Raj Bhavan Road,59
778,Ashok Nagar,Bangalore,Happy Belly Bakes- Cakes And Desserts,350,4.7,100,"Desserts,Bakery,Beverages",Primrose Road,37
779,Nungambakkam,Chennai,The Table,350,4.5,50,Desserts,Nungambakkam,55
780,Nungambakkam,Chennai,Ponnusamy Hotels,300,4,100,"Tandoor,Indian,Mughlai",Jaganthan Road,54
781,Selimpur,Kolkata,Tandoor Park,600,4.4,1000,"Indian,Tandoor,Chinese",Opp Domino'S Pizza,79
782,Purasaiwakkam,Chennai,Buhari,600,3.8,1000,"Biryani,North Indian,Chinese,South Indian,Arabian",Purasawalkam - Buhari,34
783,Dum Dum,Kolkata,Farest Kitchen,250,3.7,20,Chinese,Near Anjali Sarees Showroon (Dum Dum),86
784,Bidhannagar,Kolkata,Flambe - Hotel The Sojourn,800,2.9,80,"Indian,Chinese,Continental",Near Amri Hospital,69
785,Sheela Vihar Colony,Pune,Nagpur Saoji,300,2.9,80,Maharashtrian,Erandwane,48
786,Kalighat,Kolkata,Drunken Monkey,250,4.2,50,"Healthy Food,Beverages,Juices",On Manohar Pukur Crossing,70
787,Saki Naka,Mumbai,Urban Tadka,800,3.9,20,North Indian,Pheonix Market City,53
788,Deccan Gymkhana,Pune,Top In Town,400,4.6,100,"Bengali,Indian,Chinese",Shivaji Nagar,36
789,Baner,Pune,Origin Bistro,400,4.4,100,"Continental,Italian,European",Baner,73
790,Tingre Nagar,Pune,Mad Pav Bhaji,400,2.9,80,Street Food,Vishrantwadi,75
791,Saki Naka,Mumbai,Cinnabon & Aunt Annes,400,2.9,80,Fast Food,Pheonix Market City,47
792,Santacruz East,Mumbai,Firangi Bake,400,2.9,80,"Italian,Mexican,Pastas",Ground Floor Swastik Industrial Estate 178 Vidya Nagri Marg,41
793,Shaniwar Peth,Pune,Firangi Bake,400,4.4,20,"Italian,Mexican,Pastas",Beside Vinayak Jewellers,38
794,Chembur,Mumbai,Indigo Grill,400,3.9,500,"North Indian,Chinese,Mughlai,Biryani,Tandoor,Combo",Chembur,44
795,Ameerpet,Hyderabad,Vellanki Foods,200,4.4,1000,Sweets  Desserts,Ameerpet 'X' Road,61
796,Kondhwa,Pune,Degchi'S Biryani Cafe,300,3.7,100,"North Indian,Mughlai,Biryani,Desserts",Salunkhe Vihar Road,63
797,Sector 14 Rohini,Delhi,Crispy Bites,400,3.7,500,"North Indian,Italian",Rohini Sec-14,46
798,Narayanguda,Hyderabad,K&C Bakers &Confectioners,200,4,100,Bakery,Venkata Swamy Nagar,30
799,Nungambakkam,Chennai,Rahman Biriyani Formerly Known As Bismi Biriyani,350,4.2,100,"Biryani,Chinese,Grill,Indian,North Indian,South Indian,Tandoor",Valluvarkottam High Road,49
800,Shivaji Nagar,Bangalore,Hamza Hotel,300,4.2,1000,"Continental,Fast Food,Street Food",Central Bangalore,35
801,T. Nagar,Chennai,Chin Chin - The Residency,1900,4.3,50,Chinese,T. Nagar,72
802,T. Nagar,Chennai,The Right Place - The Residency,1000,2.9,80,"Indian,Continental",T. Nagar,71
803,Sector 7 Rohini,Delhi,Demould,400,4.1,100,"Desserts,Bakery",Sector 7,36
804,Toli Chowki,Hyderabad,Shah Ghouse Cafe & Restaurant,350,4,10000,Biryani  North Indian  Chinese  Mughlai  Tandoor,Tolichowki,63
805,Deccan Gymkhana,Pune,Kok Pa Chinese,250,3.9,100,"Chinese,Asian",Shivaji Nagar,34
806,Kurla,Mumbai,Waffles & More,300,4.3,100,"Desserts,Beverages,Pizzas,Italian",Chembur,40
807,Basheer Bagh,Hyderabad,Alex'S Kitchen,350,4.2,500,Chinese,Liberty Road,39
808,Sector 9 Rohini,Delhi,Tikka Junction (Rohini),400,3.8,100,"North Indian,Chinese",Dc Chowk,37
809,Koramangala,Bangalore,Chaat Street Express,150,2.9,80,"Fast Food,Snacks,Chaat,Street Food,Beverages,Combo,North Indian,Indian,Maharashtrian,Rajasthani",Koramangala,59
810,Bidhannagar,Kolkata,Mondal Food Junction,250,3.9,20,Indian  Chinese,Near Post Office,73
811,Dumdum,Kolkata,Qfc - Quality Fried Chicken,200,4.3,500,"Fast Food,Combo,Chinese",Near Bapi Sweets,88
812,T. Nagar,Chennai,Momo,100,4.1,50,Chinese,T Nagar,60
813,Santacruz East,Mumbai,Sweet Truth - Cake And Desserts,450,3.9,20,"Ice Cream,Bakery,Desserts,Beverages",Kalina,41
814,Saki Naka,Mumbai,Coffee Culture,400,2.9,80,"Pizzas,Pastas,Italian,Indian,American,Chinese,Fast Food,Mexican,Beverages,Desserts,Healthy Food,Snacks,Salads,Combo",Pheonix Market City,39
815,Navrangpura,Ahmedabad,R.K. Omlet Centre,200,4.3,100,"Fast Food,Mughlai,Snacks",Navrangpura,48
816,Navrangpura,Ahmedabad,D'Tallii Egg,400,4.5,20,Indian,Navrangpura,35
817,Rohini,Delhi,Sweet Truth - Cake And Desserts,450,4.3,100,"Ice Cream,Bakery,Desserts,Beverages",Sector 8,37
818,Shaniwar Peth,Pune,Sweet Truth - Cake And Desserts,450,4.5,20,"Bakery,Desserts,Beverages",Shaniwar Peth,29
819,Bidhannagar,Kolkata,Chin Thai,300,4.2,100,"Chinese,Thai,Indian",Near Sec V Pantaloons,83
820,Ellisbridge,Ahmedabad,Foodinn - Fine Dine,800,4,100,"Indian,Chinese,Continental",Ashram Road,31
821,University Area,Ahmedabad,Sandwichworkz - The Fusion Street Cafe,300,4.3,100,"South Indian,Continental",Panjra Pole,47
822,Tagore Garden Extension,Delhi,Kafilla,300,3.7,50,"Tandoor,North Indian,Chinese,Beverages",Janakpuri,65
823,Bkc,Mumbai,Devil'S Kitchen,200,2.9,80,Fast Food,Government Colony Bandra,47
824,University Area,Ahmedabad,Sphere Lounge,550,4.3,100,"Mexican,Italian,Indian",Navrangpura,44
825,Navrangpura,Ahmedabad,Daawat-E-Khaas,400,4.4,100,"North Indian,Mughlai,Chinese",Navrangpura,40
826,Vastrapur,Ahmedabad,R.K. Egg Eatery,300,4,1000,"Fast Food,Indian,Mughlai,Snacks",Vastrapur,44
827,Kothrud,Pune,Barometer,1100,4.6,500,"Continental,Asian,Italian,North Indian",Kothrud,57
828,Vastrapur,Ahmedabad,The Blue Oven,600,4.5,100,"Continental,Pizzas,Cafe,Pastas,Desserts",Vastrapur,50
829,Chembur,Mumbai,Freshmenu,250,4.1,1000,Chinese  Continental  Italian  Mediterranean  Thai  Lebanese  American  Asian  Beverages  Bakery  Biryani  Desserts  Mexican  North Indian  Salads  Pizzas,Opp Kanta Apartment,48
830,Koramangala,Bangalore,Chaska Bun,178,4.4,100,Street Food,Koramangala,57
831,Rohini,Delhi,Ase China,150,3.8,50,Chinese,Shaheed Colonel Guruveer Singh Sarna Marg Rajapur,45
832,East Kolkata Township,Kolkata,Mughal Shughal By The Way,500,3.9,20,"Mughlai,North Indian",Opp. 6 Ballygunge Thali,78
833,Bidhannagar,Kolkata,Terminal 11,1100,4.3,100,"Italian,Mexican,Continental",Near Cap Camp Island,68
834,Amberpet,Hyderabad,Habeeb'S Fast Food,300,4.1,500,"Fast Food,Chinese,Mughlai",Near Polytechnic Bus Stop,38
835,Memnagar,Ahmedabad,Hyderabadi Hut,350,4,100,"Hyderabadi,North Indian,Biryani,Mughlai",Himalaya Mall Gurukul,48
836,Navrangpura,Ahmedabad,Azad Sweets & Restaurant,200,3.8,100,"Fast Food,North Indian,Gujarati,Sweets",Navrangpura,33
837,Koramangala,Bangalore,Dice N Dine,500,4,500,"American,Asian,Chinese,Continental,Desserts,Italian,Jain,Mexican",Jyothi Nivas College Road,57
838,Ellisbridge,Ahmedabad,Domino'S Pizza,400,4.4,100,Pizzas,Near Law Garden,30
839,College Street,Kolkata,Sufi Palace,250,4.4,100,"Mughlai,North Indian,Chinese",Near Presto (College Street),39
840,Benson Town,Bangalore,7 Plates,350,4.3,500,"Biryani,Chinese,North Indian",Frazer Town,48
841,Vadapalani,Chennai,Salt Indian Restaurant & Grill,1500,4.1,100,"North Indian,Biryani,Combo",Forum Mall,84
842,Kilpauk,Chennai,Subway,350,4.4,1000,"Fast Food,Salads,Snacks,Desserts,Beverages",Kilpauk,48
843,Sector 2 Rohini,Delhi,Your'S Pizza,400,3.5,100,Italian,Sector-2Rohini,29
844,Ellisbridge,Ahmedabad,Tandoorworkz,450,2.8,20,"Indian,Tandoor",Navrangpura,34
845,Ramdev Nagar,Ahmedabad,Mainland China,900,4.3,50,"Chinese,Oriental,Thai,Pan-Asian,Seafood,Asian,Desserts",Gulmohar Park,46
846,Navrangpura,Ahmedabad,Yash'S Gbt,700,2.9,80,"Fast Food,Continental",Gulbai Tekra,40
847,Vishnu Garden,Delhi,The Pizza Pie,500,2.9,80,"Pizzas,Snacks,Italian,Beverages",Tilak Nagar,72
848,Ballygunge,Kolkata,Delish Dhaba,400,3.8,100,"North Indian,Chinese,Mughlai",Near Royal Indian Restaurant,60
849,Ramdev Nagar,Ahmedabad,Fire On Wheels,400,4.3,500,Fast Food,Food Truck Park,47
850,Usmanpura,Ahmedabad,Cafe 1St Story,600,2.9,80,"Indian,Chinese,North Indian,Biryani,Punjabi,Pan-Asian,Mughlai,Thalis,Asian,Combo",Ashram Road,50
851,Lal Bazar,Kolkata,The Bhoj Company,500,4.3,100,"Bengali,Chinese",Near Bbd Bagh Bus Stand,49
852,Gandhi Nagar,Bangalore,Hotel Karavali Beach,300,2.9,80,Seafood,Malleshwaram,47
853,University Area,Ahmedabad,Momoman,250,4.1,100,Chinese,Vijay Cross Road,37
854,Navrangpura,Ahmedabad,The Chocolate Room,400,3.8,20,"Desserts,Beverages,Pizzas,Snacks,Fast Food",Navrangpura,34
855,Jodhpur Park,Kolkata,Abar Baithak,550,4.5,100,Fast Food,Jodhpur Park,81
856,Ellisbridge,Ahmedabad,Behrouz Biryani,500,4.2,100,"Biryani,Mughlai,Lucknowi,Hyderabadi,Kebabs,North Indian,Persian,Desserts",Panchvati Ellis Bridge,33
857,Ellisbridge,Ahmedabad,Mcdonald'S,400,4.3,500,"American,Fast Food",Cg Road,29
858,Paschim Vihar,Delhi,Quality Cake Shop,250,4.1,20,"Desserts,Italian,Chinese,Beverages",Punjabi Bagh,58
859,Paschim Vihar,Delhi,Waffle Lust,200,4,100,"Desserts,Beverages",Bhera Enclave,49
860,Vastrapur,Ahmedabad,Sweet Truth - Cake And Desserts,450,4.2,100,"Ice Cream,Bakery,Desserts,Beverages",Hotel Shahi Palace,44
861,Kondhwa,Pune,Jashn,500,4,100,"Indian,Chinese,Italian,American",Salunkhe Vihar Road,66
862,Adugodi,Bangalore,Salt - Indian Restaurant Bar & Grill,1300,4.4,100,"North Indian,Biryani,Thalis,Desserts",Koramangala,56
863,Kothrud,Pune,Community Cafe,300,3.8,20,Cafe,Kothrud,59
864,University Area,Ahmedabad,Cakes N Bakes,350,3.9,500,"Desserts,Bakery",Gulbai Tekra,30
865,Powai Area,Mumbai,All Stir Fry - Waterstones Hotel,1000,4,50,Asian  Chinese  Pan-Asian  Thai  Oriental  Indonesian  Seafood  Desserts  Combo,Powai Area,60
866,Vastrapur,Ahmedabad,Faasos - Wraps & Rolls,200,4.2,500,"Combo,Snacks,Beverages,Desserts,Indian",Hotel Shahi Palace,44
867,Anna Salai,Chennai,Mcdonald'S,400,4.3,1000,"American,Fast Food",Spencer,38
868,Tangra,Kolkata,Papa Chow,200,3.9,100,"Chinese,Tibetan",Near Bypass Dhaba,63
869,Pashan,Pune,Hotel Green Park,1200,4.4,500,"North Indian,Chinese,Continental,Thai,Mexican,Seafood",Baner,63
870,Alwarpet,Chennai,Pumpkin Tales,950,4.6,500,"Asian,Bakery,Continental",Bheemanna Garden St Sri Ram Nagar,66
871,Perambur,Chennai,Iftar Corner,400,4.1,100,"Arabian,Asian,Chinese",Perambur,64
872,Kalighat,Kolkata,Apanjan,300,2.9,80,Bengali,Near Marco Polo,76
873,Paikpara,Kolkata,Steaming Mug,250,4.4,20,Italian,Near Satyanarayan Mistana Bhandar,77
874,Park Street Area,Kolkata,Saima Restaurant - Mughlai And North Indian,300,4.1,1000,"North Indian,Mughlai,Snacks",Opposite Kenilworth Hotel,54
875,Aminjikarai,Chennai,Jasmine Restaurant,250,4.1,50,"Biryani,Chettinad",Kk Nagar,54
876,Kothrud,Pune,New Poona Bakery And Cafe,300,4.1,50,Bakery,Kothrud,58
877,Lake Gardens,Kolkata,Fresh And Food,200,3.7,20,"Indian,Bengali",Near Nava Nalanda,87
878,Sastri Nager,Chennai,Madras Biriyani,500,3.9,100,"Biryani,Mughlai",Vysarpadi,53
879,Shivaji Nagar,Pune,Pop Tate'S,500,2.9,80,"North Indian,Chinese,Continental,Italian,Desserts",Shivaji Nagar,47
880,Kodungaiyur,Chennai,J J Juicy World,250,4.1,20,"Chaat,Juices",Moolakadai,64
881,Ulsoor,Bangalore,Cafe Felix,1000,4,20,"American,Continental,Desserts,Pizzas,Pastas",Trinity Circle,50
882,Gokhalenagar,Pune,Ws Bakers,150,2.9,80,Bakery,Shivaji Nagar,48
883,Banjara Hills,Hyderabad,Royal Tiffin Centre,150,4,1000,Indian,Road No -3,66
884,Mehdipatnam,Hyderabad,Mohammedia Shawarma,300,3.8,500,Arabian  Street Food,P & T Colony,57
885,Triplicane,Chennai,Five Star Chicken,350,2.9,80,Fast Food,Royepettah,46
886,Ellisbridge,Ahmedabad,Cafe Coffee Day,300,4.4,100,"Beverages,Snacks,Desserts",Inside Hari Om Towers,32
887,Bidhannagar,Kolkata,Kouzina Mining Co.,1200,4.2,100,"North Indian,Biryani,Chinese,Italian,Healthy Food,Kebabs,Beverages,Desserts",Near Tank No. 3,62
888,Chembur,Mumbai,Kilo King By Kook,500,2.9,80,"Indian,Chinese",Chembur,50
889,Antop Hill,Mumbai,The Punjab Tandoor & Fish Fry,600,3.9,100,Tandoor  Indian,Gtb Nagar,54
890,Koregaon Park,Pune,Mocha,800,4.4,20,"Continental,Asian",Kalyani Nagar,59
891,Majestic,Bangalore,Hotel Navayuga,400,4.3,100,Andhra,Sc Road,35
892,Andheri East,Mumbai,Top China Delight,550,2.9,80,Chinese,Marol,57
893,Bidhannagar,Kolkata,Awesome,600,4.4,20,"Chinese,Thai",Near Sugar And Spice,65
894,Koramangala,Bangalore,Smokey Tribe,700,4.3,100,"Naga,Continental,Seafood",7Th Block,59
895,Santacruz East,Mumbai,King Chilli Chindian Fusion,400,4.1,100,Chinese  Pan-Asian  Asian  Beverages  Desserts,Santacruz East,40
896,Ellisbridge,Ahmedabad,Oven Story Pizza,600,4,100,"Pizzas,Italian",Animesh Complex,36
897,Ellisbridge,Ahmedabad,Firangi Bake,400,4.2,20,"Italian,Mexican,Pastas",Animesh Complex,38
898,Old Malakpet,Hyderabad,Al Madina Mandi House,400,3.9,100,"Biryani,Arabian,Fast Food",Malakpet Gunj,34
899,Malakpet,Hyderabad,De' Cafe Studio,300,3.4,20,"Continental,American,Italian",Nalgonda X Road,39
900,Malakpet,Hyderabad,The Royal Palace,300,3.9,100,"Chinese,Mughlai,Tandoor,Biryani",Chaderghat,36
901,Egmore,Chennai,Cake Park,150,2.9,80,"Bakery,Desserts",Ethiraj Salai,47
902,Andheri East,Mumbai,New Food Inn,300,4,100,"Indian,Chinese",Marol,47
903,Central Kolkata,Kolkata,Floriana,800,2.9,80,"Indian,Continental",Near Bengal Club,60
904,Park Street Area,Kolkata,Waldorf,700,3.8,50,Chinese,Near Bengal Club,61
905,Taltala,Kolkata,Moulin Rouge,800,4.4,20,"Italian,North Indian",Near Park Hotel,62
906,Kothapet,Hyderabad,Hotel Nakshatra Grand,350,3.8,100,"North Indian,Chinese,Biryani,South Indian",Rajadhani Theatre Rd,52
907,Banjara Hills,Hyderabad,Silver Salt,1000,3.9,50,"Hyderabadi,Biryani,North Indian",Road No 1,66
908,Perambur,Chennai,Grill & Barbeque,300,4,500,"Chinese,Fast Food,Grill,North Indian",Perambur,64
909,Vastrapur,Ahmedabad,No Mad Baker - The Pizzeria,600,4,50,Pizzas,Vastrapur,50
910,Ballygunge,Kolkata,Breakfast 4 U By Jharna'S Kitchen,200,4.5,100,Fast Food,Nex To Eurokids,62
911,Mohammed Wadi,Pune,Between Your Buns,400,4.4,100,"Fast Food,Continental,Italian,Combo,Beverages",Salunkhe Vihar Road,71
912,Paikpara,Kolkata,Tandoor-E-Punjab,350,4.1,1000,"Indian,Tandoor,Mughlai,Snacks,Chinese,North Indian",Near Kolkata Shastro Police,61
913,Wadgaon Sheri,Pune,Philly Fried Chicken,500,4.5,100,"Continental,American",Viman Nagar,73
914,Bodakdev,Ahmedabad,M.A.D By Tomato'S,1200,4.4,50,"Indian,Chinese,Continental",Bodakdev,47
915,Powai,Mumbai,Ruchi Restaurant,300,3.9,20,North Indian  Chinese  Biryani  South Indian  Fast Food,Powai,51
916,Chetpet,Chennai,Bayleaf Otg (On The Go),300,4.3,100,"North Indian,Bengali,Biryani,Street Food",Harrington Road,45
917,Kankurgachi,Kolkata,Soul Cafe,250,2.9,80,"Italian,Bakery",Beside Apollo Hospital,60
918,Ameerpet,Hyderabad,Hari Dosa,200,3.8,1000,Indian  South Indian  Chinese,Satyam Theatre Rd,66
919,Pulikeshi Nagar,Bangalore,The Deagh,500,4.1,500,"Indian,Chinese,Mughlai,Seafood",Mm Road,46
920,Perambur,Chennai,Sri Guru Fast Food,250,3.9,50,"Fast Food,North Indian",Jawahar Nagar,60
921,Erandwane,Pune,Baba'S Veg Non Veg,250,4.1,20,"North Indian,Chinese",Kothrud,45
922,Wanowrie,Pune,Step-In,500,2.9,80,"Chinese,North Indian",Kondhwa,81
923,Kothrud,Pune,Kinara'S Maratha Darbar,350,4.1,1000,"Biryani,South Indian,North Indian",Kothrud,58
924,Tiretti,Kolkata,D'Ley Chinese Restaurant,300,4.5,500,Chinese,Near Pou Chow,44
925,Maharshi Nagar,Pune,Kolhapuri Katta,400,4.1,100,"Maharashtrian,Thalis,North Indian",Bibwewadi,49
926,Kurla West,Mumbai,Delhi Zaika,800,4,100,"Indian,Chinese",Kurla,34
927,Punjabi Bagh,Delhi,Everest Momos & Chinese Fast Food,200,3.9,100,Chinese,Punjabi Bagh,64
928,Navrangpura,Ahmedabad,Subway,350,4,100,"Fast Food,Healthy Food,Salads,Snacks,Desserts,Beverages",Mithakali,29
929,Mylapore,Chennai,Classic Shawarma And Grill,250,4.1,20,"Arabian,Fast Food",Mylapore Kutcheri Road,58
930,Saki Naka,Mumbai,Eataeria,300,2.9,80,Fast Food,Kurla,42
931,Kalighat,Kolkata,Sare Chuattar,450,4.2,20,Bengali,Near Sarat Bose Road Post Office,71
932,Taltala,Kolkata,Up Bihar,200,4.2,100,"North Indian,Mughlai",Hogg Street Near United Bank Atm,53
933,Sion,Mumbai,Chef Kitchen,500,3.8,20,"Indian,Chinese",Sion,59
934,Ashok Nagar,Bangalore,Nagarjuna,600,4.4,1000,"Andhra,South Indian,Biryani,Combo,Beverages,Desserts",Residency Road,32
935,Bandra Area,Mumbai,Elementaria Bakery & Cafe,800,4.5,100,"Snacks,Desserts,Beverages",Bandra Area,35
936,Chembur,Mumbai,S P Burger,200,4.2,100,"Fast Food,Pizzas",Chembur,42
937,Bhowanipore,Kolkata,Raviz,400,4,20,"North Indian,Chinese",Bhawanipur,68
938,Chembur,Mumbai,Red Spice,300,4,100,"Chinese,Tandoor,Indian,Biryani,Kebabs",Chembur,50
939,Old Washermanpet,Chennai,Frozen Smoothies,350,4,100,"Beverages,Ice Cream,Juices,Desserts,Snacks",Choolai,68
940,Saki Naka,Mumbai,Wow! Momo,300,4,100,"Tibetan,Healthy Food,Asian,Chinese,Snacks,Continental,Desserts,Beverages",Phoenix Marketcity Mall Lbs Road,49
941,Santacruz East,Mumbai,Stove - The Vegetarian Kitchen,250,4.2,100,"Gujarati,Rajasthani,North Indian,Chinese,Indian",Near Cst Road Kalina,47
942,Gariahat,Kolkata,Ruma'S Kitchen,250,4,100,"Bengali,Thalis,Indian,Chinese",Mouni Mukherjee Rod,71
943,Poongavanapuram,Chennai,Lassi Shop,100,3.9,20,Beverages,Periamet,30
944,Sivanchetti Gardens,Bangalore,Naachiyar'S,600,4.2,100,"Biryani,Chettinad",Central Bangalore,44
945,Sangamvadi,Pune,Reddy'S Fast Food,400,3.7,100,"North Indian,Chinese",Koregaon Park,53
946,Koramangala,Bangalore,Tall Blonde French,250,4.2,20,"American,European",Koramangala,56
947,Camp,Pune,Cafe 52,200,2.9,80,Fast Food,Camp,36
948,Kolkata,Kolkata,Snackups,200,3.5,100,Chinese  Fast Food,Beside Technopolis,71
949,Bidhannagar,Kolkata,Shawarma City Express,200,3.7,100,Lebanese,Beside Technopolis,75
950,Bandra Area,Mumbai,Yauatcha Patisserie,400,4.5,100,"Desserts,Beverages,Bakery,Sweets",Bandra Area,50
951,Paldi,Ahmedabad,Amdos Kitchen,300,4.4,100,"Tibetan,Chinese,Fast Food",Paldi,30
952,Juhapura,Ahmedabad,Dana Panee,400,4.1,100,"Indian,Mughlai,Chinese",Vasna,44
953,Kurla,Mumbai,Sheetal Restaurant,400,4,50,"Indian,Chinese,Maharashtrian,Biryani,Seafood",Kurla,39
954,Chembur,Mumbai,Trupti Farsan,200,4.4,500,"Desserts,Bakery,Chaat",Chembur,35
955,Gopalapuram,Chennai,Sri Ganesh Chettinadu Hotel,400,4.1,100,"Fast Food,South Indian",Royapettah,49
956,Raja Annamalai Puram,Chennai,Fromage,1000,4.3,50,"Italian,Continental",Mrc Nagar,77
957,Rohini,Delhi,Lala'S(Khao Or Khane Do),400,2.9,80,"Italian,Chinese,Fast Food",Sector 9Rohini,44
958,Kurla,Mumbai,Khan'S Flavour,600,3.3,100,"Indian,Chinese",Kurla,37
959,Andheri East,Mumbai,Ching Asia,600,4.5,20,Pan-Asian,Chakala,64
960,Andheri East,Mumbai,Square Pizza,400,4.2,50,"Pizzas,Desserts,Fast Food",Marol,51
961,Shivajinagar,Pune,Burger King,350,4.2,1000,"American,Fast Food",The Pavillion Mall,54
962,Khar West,Mumbai,Aradhana Coastal Delight,750,4.4,50,Seafood  Malwani  Indian,Khar,58
963,Karve Nagar,Pune,Malabar,400,3.9,100,"North Indian,Chinese",Kothrud,56
964,Choolaimedu,Chennai,Al Dari Biryani,350,3.6,100,"Biryani,Indian",Kodambakkam,79
965,Santacruz East,Mumbai,Rolls Mania,200,4.2,100,"Indian,Fast Food",Scruz Bandra East - Mumbai,36
966,Kondhwa,Pune,Yumme Tumme,200,2.9,80,Fast Food,Kondhwa,69
967,Baner,Pune,Abhiman Pure Veg,450,4.4,20,"North Indian,Chinese",St Joseph School Pashan Road,50
968,Ramdev Nagar,Ahmedabad,Singh'S Kitchen By Gch,300,2.9,80,North Indian,Prahlad Nagar,47
969,Prashant Vihar Rohini,Delhi,Nutriobox,450,4.2,500,"Salads,Continental,Juices,Healthy Food",Prashant Vihar,51
970,Egmore,Chennai,Palmshore,400,4,1000,Arabian,Egmore,44
971,Balavinayagar Nagar,Chennai,Cake Waves,300,2.9,80,"Bakery,Desserts",Arumbakkam,70
972,Ashok Nagar,Bangalore,Cafe Azzure,1000,2.9,80,"American,Italian",Central Bangalore - Bangalore,47
973,Bopodi,Pune,Rosso Bianco,500,4.8,20,"Italian,Pizzas",Aundh,57
974,Kothapet,Hyderabad,Suruchi Biryani House,300,3.4,50,"North Indian,Chinese,Biryani,Hyderabadi",Sowbhagya Nagar,67
975,Sector 13 Rohini,Delhi,Prashant Roll,200,4.1,100,Snacks,Rohini Sector 13,45
976,Sri Hanuman Nagar Colony,Hyderabad,Hotel Shubham Palace - Dhanturi Hospitality,300,3.9,1000,"Biryani,Chinese,South Indian,North Indian,Tandoor",Sri Hanuman Nagar Colony,65
977,Ashok Nagar,Bangalore,Mcdonald'S,400,4.2,500,"American,Fast Food",Kasturba Road,28
978,Dhakuria,Kolkata,Moonlight Sonata,250,4,100,"Indian,Chinese",Near Ram Chandra High School,84
979,Saki Naka,Mumbai,Anil Wine N Dine,300,4.4,100,"North Indian,Chinese,Biryani,South Indian",Kurla,40
980,Chanchalguda,Hyderabad,Hotel Sohail Waves,500,4.1,1000,"Arabian,Tandoor,Mughlai,Biryani,North Indian",Officers Colony,27
981,Royapettah,Chennai,Madurai Pandian Mess,300,4.2,1000,South Indian,Mylapore,49
982,Budh Vihar,Delhi,Wah Ji Wah ( Budhvihar),250,3.8,1000,"Indian,Chinese",Budh Vihar,21
983,Chennai,Chennai,Arul Chettinadu Hotel,350,4,1000,"Chettinad,Chinese,South Indian,Seafood,Biryani",Near Poorvika,51
984,Shivajinagar,Pune,Dragon,450,2.9,80,"North Indian,Chinese",Shivaji Nagar,38
985,Santacruz East,Mumbai,What The Fries,250,3.9,20,Fast Food,Vakola,43
986,Ashok Nagar,Bangalore,The Rice Bowl,450,4.2,100,Chinese,Lavelle Road,36
987,Annanagar East,Chennai,Roll Baby Roll,250,4.4,100,Indian,Near Ice Cream Works,56
988,Jadavpur,Kolkata,Spice 2 Go,200,4,1000,"Indian,Chinese",Price Golam Hussain Shah Road,77
989,Jadavpur,Kolkata,Gupta Eating House,150,4.2,1000,"Indian,Chinese,Fast Food",Opposite Of Southern Cafe,81
990,Anna Nagar,Chennai,Urban Spatula,1000,4.3,100,"Arabian,Asian,Biryani,Continental,Italian,Kebabs,North Indian,Seafood",Annanagar,80
991,Gokhalenagar,Pune,Vaibhav'S- Biryani House,400,2.9,80,"North Indian,Biryani",Shivajinagar,50
992,A Unit Of M/S Cohort  Ruby Area,Kolkata,The Tasty Bites,300,4.2,500,"Asian,Indian,Tandoor,Tibetan,Chinese",Ruby Area,67
993,Teynampet,Chennai,Chit Chat,100,2.9,80,"Desserts,Ice Cream,Snacks",T Nagar,58
994,Gulbai Tekra,Ahmedabad,Mocha,700,4.2,100,"Indian,Jain,American,Bakery,Beverages,Continental,Desserts,Fast Food,Pastas,Pizzas,Thai",Cg Road,38
995,Taltala,Kolkata,Kfc,450,4.4,500,"American,Snacks",Humayun Place,48
996,Paschim Vihar,Delhi,Hot Spot Roll Corner,150,4.3,20,Fast Food,Paschim Vihar,57
997,Koramangala,Bangalore,Pipabu,250,4,500,"Pizzas,Italian,American,Continental,Salads,Desserts",4Th Block,59
998,Jayanagar,Bangalore,Chung Wah Opus,300,3.8,100,"Chinese,Pan-Asian",Jayanagar East,47
999,Shivajinagar,Pune,The Quick Wok,300,4,100,"Chinese,Fast Food,Thai",Shivajinagar,38
1000,Bandra Area,Mumbai,Kitchen Garden By Suzette,1100,4.6,100,"Snacks,Beverages",Bandra Area,60
