emp_id,emp_name,gender,age,department,job_role,salary,experience_years,work_mode,performance_score,attendance_percent,overtime_hours,training_hours,promotion_status,attrition_status,joining_year,city
E001,Arun Kumar,Male,24,IT,Developer,35000,2,Hybrid,4.1,92,10,20,Not Promoted,No,2022,Chennai
E002,Priya Devi,Female,29,HR,HR Executive,42000,5,Office,4.3,95,5,25,Promoted,No,2020,Coimbatore
E003,Karthik Raja,Male,31,Sales,Sales Executive,39000,6,Office,3.8,88,14,15,Not Promoted,Yes,2019,Madurai
E004,Swetha,Female,26,Finance,Accountant,45000,4,Hybrid,4.5,96,4,18,Promoted,No,2021,Trichy
E005,Rahul,Male,28,IT,Tester,37000,3,WFH,3.9,85,12,12,Not Promoted,No,2022,Salem
E006,Divya,Female,35,HR,Recruiter,50000,8,Office,4.7,97,3,30,Promoted,No,2018,Tirunelveli
E007,Naveen,Male,30,IT,Developer,52000,7,Hybrid,4.6,93,8,22,Promoted,No,2019,Erode
E008,Keerthana,Female,27,Sales,Sales Analyst,41000,4,Office,4,89,11,16,Not Promoted,No,2021,Vellore
E009,Sanjay,Male,33,Finance,Auditor,58000,9,Hybrid,4.4,91,7,28,Promoted,No,2017,Thanjavur
E010,Aarthi,Female,25,IT,UI Designer,36000,2,WFH,3.7,84,13,14,Not Promoted,Yes,2023,Hosur
E011,Vignesh,Male,29,IT,Developer,47000,5,Hybrid,4.2,90,9,19,Promoted,No,2020,Tiruppur
E012,Harini,Female,32,HR,HR Manager,62000,10,Office,4.8,98,2,35,Promoted,No,2016,Thoothukudi
E013,Surya,Male,27,Sales,Marketing Executive,40000,4,Office,3.9,86,15,10,Not Promoted,Yes,2021,Dindigul
E014,Meena,Female,30,Finance,Financial Analyst,54000,7,Hybrid,4.4,94,5,26,Promoted,No,2019,Karur
E015,Dinesh,Male,26,IT,Support Engineer,34000,3,WFH,3.6,80,16,8,Not Promoted,Yes,2022,Nagercoil
E016,Kavya,Female,28,IT,Developer,48000,5,Hybrid,4.3,91,6,20,Promoted,No,2020,Kanchipuram
E017,Ajay,Male,34,Sales,Sales Manager,65000,11,Office,4.7,97,4,32,Promoted,No,2015,Cuddalore
E018,Nisha,Female,24,HR,Recruiter,33000,2,WFH,3.8,83,10,11,Not Promoted,No,2023,Nagapattinam
E019,Bharath,Male,31,Finance,Accountant,51000,8,Hybrid,4.5,95,5,24,Promoted,No,2018,Sivakasi
E020,Pooja,Female,29,IT,Tester,39000,4,Office,4,88,9,17,Not Promoted,No,2021,Virudhunagar
E021,Manoj,Male,27,IT,Developer,45000,4,Hybrid,4.1,89,8,18,Promoted,No,2021,Namakkal
E022,Rekha,Female,33,HR,HR Executive,55000,9,Office,4.6,96,4,29,Promoted,No,2017,Dharmapuri
E023,Vikram,Male,30,Sales,Sales Executive,42000,5,Office,3.7,82,17,14,Not Promoted,Yes,2020,Krishnagiri
E024,Anitha,Female,26,Finance,Accountant,47000,4,Hybrid,4.2,92,6,19,Promoted,No,2021,Villupuram
E025,Kiran,Male,25,IT,UI Designer,35000,2,WFH,3.5,79,18,9,Not Promoted,Yes,2023,Pudukkottai
E026,Deepika,Female,31,IT,Developer,56000,7,Hybrid,4.5,94,5,25,Promoted,No,2019,Ramanathapuram
E027,Sathish,Male,35,Sales,Sales Manager,68000,12,Office,4.8,98,3,34,Promoted,No,2014,Ariyalur
E028,Ramya,Female,24,HR,Recruiter,34000,2,WFH,3.9,85,9,12,Not Promoted,No,2023,Perambalur
E029,Ashwin,Male,32,Finance,Auditor,60000,9,Hybrid,4.6,95,4,27,Promoted,No,2017,Nilgiris
E030,Sneha,Female,28,IT,Tester,41000,5,Office,4.1,90,8,16,Not Promoted,No,2020,Pollachi
E031,Rakesh,Male,29,IT,Developer,49000,6,Hybrid,4.4,93,7,21,Promoted,No,2019,Kumbakonam
E032,Lakshmi,Female,34,HR,HR Manager,64000,11,Office,4.9,99,2,36,Promoted,No,2015,Mayiladuthurai
E033,Hari,Male,27,Sales,Marketing Executive,43000,4,Office,3.8,84,16,13,Not Promoted,Yes,2021,Tenkasi
E034,Pavithra,Female,30,Finance,Financial Analyst,55000,7,Hybrid,4.5,96,5,24,Promoted,No,2018,Rajapalayam
E035,Gokul,Male,26,IT,Support Engineer,36000,3,WFH,3.6,81,15,10,Not Promoted,Yes,2022,Avadi
E036,Janani,Female,29,IT,Developer,50000,6,Hybrid,4.3,92,6,22,Promoted,No,2019,Tambaram
E037,Arvind,Male,36,Sales,Sales Manager,70000,13,Office,4.8,97,3,35,Promoted,No,2013,Ambattur
E038,Monika,Female,25,HR,Recruiter,35000,2,WFH,3.9,86,9,11,Not Promoted,No,2023,Pallavaram
E039,Naveed,Male,33,Finance,Auditor,61000,10,Hybrid,4.7,95,4,29,Promoted,No,2016,Guduvanchery
E040,Preethi,Female,28,IT,Tester,42000,5,Office,4,89,10,15,Not Promoted,No,2020,Mettur
E041,Arun Prasad,Male,27,IT,Developer,47000,5,Hybrid,4.2,91,8,20,Promoted,No,2020,Ranipet
E042,Shalini,Female,30,HR,HR Executive,,7,Office,4.5,95,4,24,Promoted,No,2018,Walajapet
E043,Karthi,Male,29,Sales,Sales Executive,41000,5,Office,,87,12,14,Not Promoted,Yes,2020,Arakkonam
E044,Revathi,Female,26,Finance,Accountant,46000,4,Hybrid,4.1,,6,18,Promoted,No,2021,Chidambaram
E045,Vimal,Male,25,IT,Tester,35000,2,WFH,3.7,82,15,,Not Promoted,Yes,2023,Panruti
E046,Nivetha,Female,31,HR,Recruiter,52000,8,,4.6,96,3,28,Promoted,No,2017,Neyveli
E047,Ashok,Male,34,Sales,Manager,68000,11,Office,4.8,98,2,35,Promoted,No,2014,Paramakudi
E048,Haritha,Female,24,IT,UI Designer,36000,2,WFH,3.8,84,11,12,Not Promoted,,2023,Karaikudi
E049,Dheeraj,Male,32,Finance,Auditor,59000,9,Hybrid,4.5,94,5,26,Promoted,No,2017,Oddanchatram
E050,Aishwarya,Female,28,IT,Developer,49000,6,Hybrid,4.3,92,6,21,Promoted,No,,Palani
E051,Aakash,Male,26,IT,Data Analyst,48000,3,Hybrid,4.2,91,8,22,Promoted,No,2021,Udumalpet
E052,Bhavana,Female,30,HR,HR Manager,62000,8,Office,4.6,95,4,30,Promoted,No,2018,Chennai
E053,Charan,Male,28,Sales,Sales Executive,41000,5,Office,3.8,84,15,12,Not Promoted,Yes,2020,Coimbatore
E054,Deepa,Female,25,Finance,Accountant,45000,3,Hybrid,4.1,89,7,18,Promoted,No,2022,Madurai
E055,Ezhil,Male,32,IT,Software Engineer,58000,9,WFH,4.7,97,3,35,Promoted,No,2016,Trichy
E056,Farhana,Female,27,HR,Recruiter,39000,4,Office,4,88,9,14,Not Promoted,No,2021,Salem
E057,Gautham,Male,35,Sales,Sales Manager,70000,12,Office,4.9,99,2,36,Promoted,No,2014,Tirunelveli
E058,Hema,Female,24,IT,UI Designer,36000,2,WFH,3.7,83,11,10,Not Promoted,Yes,2023,Erode
E059,Irfan,Male,29,Finance,Auditor,54000,6,Hybrid,4.4,93,6,24,Promoted,No,2019,Vellore
E060,Janani,Female,31,IT,Tester,46000,7,Hybrid,4.3,92,5,20,Promoted,No,2018,Thanjavur
E061,Karthi,Male,27,Sales,Marketing Executive,42000,4,Office,3.9,85,14,13,Not Promoted,Yes,2021,Hosur
E062,Lavanya,Female,33,HR,HR Executive,56000,10,Office,4.8,97,3,32,Promoted,No,2016,Tiruppur
E063,Manoj,Male,26,IT,Support Engineer,37000,3,WFH,3.6,80,16,8,Not Promoted,Yes,2022,Thoothukudi
E064,Nandhini,Female,28,Finance,Financial Analyst,52000,5,Hybrid,4.5,94,5,25,Promoted,No,2020,Dindigul
E065,Omkar,Male,30,IT,Developer,51000,6,Hybrid,4.2,90,7,21,Promoted,No,2019,Karur
E066,Priyanka,Female,24,HR,Recruiter,34000,2,WFH,3.8,84,10,11,Not Promoted,No,2023,Nagercoil
E067,Qadir,Male,34,Sales,Area Manager,68000,11,Office,4.7,98,3,34,Promoted,No,2015,Kanchipuram
E068,Reshma,Female,29,IT,Developer,50000,6,Hybrid,4.3,91,6,22,Promoted,No,2019,Cuddalore
E069,Saravanan,Male,25,Finance,Accountant,44000,3,Office,4,87,8,17,Not Promoted,No,2022,Nagapattinam
E070,Tharika,Female,32,HR,HR Manager,63000,9,Office,4.9,98,2,36,Promoted,No,2017,Sivakasi
E071,Uday,Male,27,IT,Developer,47000,4,Hybrid,4.1,89,9,19,Promoted,No,2021,Virudhunagar
E072,Varsha,Female,26,Sales,Sales Executive,40000,3,Office,3.7,82,15,12,Not Promoted,Yes,2022,Namakkal
E073,Wasim,Male,31,Finance,Auditor,59000,8,Hybrid,4.6,95,4,28,Promoted,No,2018,Dharmapuri
E074,Xenia,Female,24,IT,UI Designer,35000,2,WFH,3.5,79,17,9,Not Promoted,Yes,2023,Krishnagiri
E075,Yogesh,Male,29,HR,Recruiter,43000,5,Office,4.2,90,7,18,Promoted,No,2020,Villupuram
E076,Zara,Female,30,IT,Software Engineer,57000,7,Hybrid,4.7,96,4,30,Promoted,No,2018,Pudukkottai
E077,Akilan,Male,28,Sales,Marketing Analyst,41000,4,Office,3.8,85,13,14,Not Promoted,Yes,2021,Ramanathapuram
E078,Bhuvana,Female,27,Finance,Accountant,46000,4,Hybrid,4.3,92,5,20,Promoted,No,2021,Ariyalur
E079,Chetan,Male,33,IT,Technical Lead,69000,10,Office,4.8,98,3,35,Promoted,No,2016,Perambalur
E080,Dharshini,Female,25,HR,HR Executive,38000,3,WFH,3.9,86,9,13,Not Promoted,No,2022,Nilgiris
E081,Edwin,Male,31,Sales,Sales Manager,65000,9,Office,4.7,97,4,33,Promoted,No,2017,Pollachi
E082,Fathima,Female,26,IT,Tester,42000,4,Hybrid,4,88,10,16,Not Promoted,No,2021,Kumbakonam
E083,Ganesh,Male,24,Finance,Accountant,39000,2,Office,3.6,81,14,10,Not Promoted,Yes,2023,Mayiladuthurai
E084,Harini,Female,32,HR,HR Manager,61000,8,Office,4.8,97,3,31,Promoted,No,2018,Tenkasi
E085,Immanuel,Male,29,IT,Developer,50000,5,Hybrid,4.4,93,6,22,Promoted,No,2020,Rajapalayam
E086,Jasmine,Female,28,Sales,Sales Executive,42000,4,Office,3.9,84,15,13,Not Promoted,Yes,2021,Avadi
E087,Koushik,Male,35,Finance,Auditor,62000,11,Hybrid,4.9,99,2,36,Promoted,No,2015,Tambaram
E088,Leena,Female,24,IT,UI Designer,36000,2,WFH,3.7,83,12,11,Not Promoted,Yes,2023,Ambattur
E089,Madhan,Male,30,HR,Recruiter,45000,6,Office,4.2,91,7,19,Promoted,No,2019,Pallavaram
E090,Nivya,Female,31,IT,Developer,54000,7,Hybrid,4.6,95,5,26,Promoted,No,2018,Guduvanchery
E091,Pranav,Male,27,Sales,Executive,41000,4,Office,3.8,85,14,12,Not Promoted,Yes,2021,Mettur
E092,Queeny,Female,29,Finance,Analyst,51000,5,Hybrid,4.4,94,5,24,Promoted,No,2020,Ranipet
E093,Rithik,Male,25,IT,Support Engineer,37000,3,WFH,3.6,80,16,9,Not Promoted,Yes,2022,Walajapet
E094,Shobana,Female,33,HR,Manager,64000,10,Office,4.9,98,2,35,Promoted,No,2016,Arakkonam
E095,Tarun,Male,28,IT,Developer,49000,5,Hybrid,4.3,92,6,21,Promoted,No,2020,Chidambaram
E096,Usha,Female,24,Sales,Sales Executive,39000,2,Office,3.7,82,15,10,Not Promoted,Yes,2023,Panruti
E097,Vasanth,Male,34,Finance,Auditor,60000,9,Hybrid,4.7,96,4,29,Promoted,No,2017,Neyveli
E098,Wincy,Female,27,IT,Tester,43000,4,Hybrid,4.1,89,8,17,Not Promoted,No,2021,Paramakudi
E099,Xavier,Male,31,HR,Recruiter,47000,6,Office,4.3,91,6,22,Promoted,No,2019,Karaikudi
E100,Yazhini,Female,30,IT,Developer,56000,8,Hybrid,4.8,97,3,34,Promoted,No,2017,Oddanchatram
E101,Abinaya,Female,23,IT,Frontend Developer,38000,1,WFH,3.9,87,9,12,Not Promoted,No,2024,Palani
E102,Balaji,Male,34,Finance,Senior Auditor,67000,11,Office,4.8,98,3,31,Promoted,No,2015,Udumalpet
E103,Chaitra,Female,29,HR,Talent Acquisition Specialist,49000,6,Hybrid,4.4,93,5,24,Promoted,No,2019,Chennai
E104,Dhanraj,Male,26,Sales,Territory Executive,42000,4,Office,3.7,84,15,13,Not Promoted,Yes,2021,Coimbatore
E105,Elakkiya,Female,31,IT,Backend Developer,58000,8,Hybrid,4.7,96,4,29,Promoted,No,2018,Madurai
E106,Faisal,Male,27,Finance,Tax Analyst,46000,5,Office,4.1,90,7,18,Promoted,No,2020,Trichy
E107,Gayathri,Female,24,Sales,Sales Coordinator,36000,2,WFH,3.6,81,14,10,Not Promoted,Yes,2023,Salem
E108,Hari Prasad,Male,35,IT,Technical Architect,75000,13,Office,4.9,99,2,38,Promoted,No,2013,Tirunelveli
E109,Indhu,Female,28,HR,HR Executive,44000,5,Hybrid,4.2,91,6,20,Promoted,No,2020,Erode
E110,Jagan,Male,25,IT,QA Tester,39000,3,WFH,3.8,85,11,14,Not Promoted,No,2022,Vellore
E111,Kaviya,Female,30,Finance,Budget Analyst,54000,7,Hybrid,4.5,95,4,26,Promoted,No,2018,Thanjavur
E112,Lokesh,Male,32,Sales,Regional Manager,69000,10,Office,4.8,97,3,35,Promoted,No,2016,Hosur
E113,Monisha,Female,26,IT,UI/UX Designer,43000,4,Hybrid,4,88,8,17,Not Promoted,No,2021,Tiruppur
E114,Naveen Raj,Male,29,HR,Recruiter,47000,6,Office,4.3,92,5,22,Promoted,No,2019,Thoothukudi
E115,Oviya,Female,24,Finance,Junior Accountant,35000,2,WFH,3.5,79,16,9,Not Promoted,Yes,2023,Dindigul
E116,Prabhu,Male,31,IT,DevOps Engineer,61000,8,Hybrid,4.6,96,4,30,Promoted,No,2018,Karur
E117,Queenlin,Female,27,Sales,Business Development Executive,41000,4,Office,3.9,86,13,15,Not Promoted,Yes,2021,Nagercoil
E118,Ranjith,Male,33,HR,HR Manager,65000,10,Office,4.8,98,2,34,Promoted,No,2016,Kanchipuram
E119,Sahana,Female,25,IT,Mobile App Developer,45000,3,Hybrid,4.1,89,7,19,Promoted,No,2022,Cuddalore
E120,Tharun,Male,28,Finance,Internal Auditor,52000,6,Office,4.4,93,5,24,Promoted,No,2020,Nagapattinam
E121,Udhaya,Female,23,Sales,Sales Associate,34000,1,WFH,3.6,80,15,11,Not Promoted,Yes,2024,Sivakasi
E122,Vigneshwar,Male,36,IT,Project Manager,78000,14,Office,4.9,99,2,40,Promoted,No,2012,Virudhunagar
E123,Waseem,Male,30,HR,Payroll Specialist,50000,7,Hybrid,4.3,91,6,23,Promoted,No,2019,Namakkal
E124,Yamini,Female,26,Finance,Cost Accountant,47000,4,Office,4,87,8,16,Not Promoted,No,2021,Dharmapuri
E125,Zubair,Male,29,IT,Cloud Engineer,59000,7,Hybrid,4.7,95,4,28,Promoted,No,2018,Krishnagiri
E126,Akshaya,Female,24,Sales,Telecaller Executive,33000,2,WFH,3.4,78,17,8,Not Promoted,Yes,2023,Villupuram
E127,Bharani,Male,31,HR,Learning Coordinator,52000,8,Office,4.5,94,5,27,Promoted,No,2018,Pudukkottai
E128,Cynthia,Female,27,IT,Software Tester,42000,4,Hybrid,4,88,9,15,Not Promoted,No,2021,Ramanathapuram
E129,Daniel,Male,35,Finance,Finance Manager,72000,12,Office,4.9,98,2,37,Promoted,No,2014,Ariyalur
E130,Esther,Female,28,Sales,Marketing Analyst,44000,5,Hybrid,4.2,90,7,20,Promoted,No,2020,Perambalur
E131,Franklin,Male,25,IT,Help Desk Analyst,37000,3,WFH,3.7,84,12,13,Not Promoted,Yes,2022,Nilgiris
E132,Harshini,Female,32,HR,Senior Recruiter,61000,9,Office,4.7,96,4,31,Promoted,No,2017,Pollachi
E133,Ilamaran,Male,27,Finance,Accounts Executive,45000,5,Hybrid,4.1,89,7,18,Promoted,No,2020,Kumbakonam
E134,Jennifer,Female,24,IT,Graphic Designer,36000,2,WFH,3.6,82,14,10,Not Promoted,Yes,2023,Mayiladuthurai
E135,Karthika,Female,29,Sales,Customer Relationship Executive,43000,5,Office,4,87,9,16,Not Promoted,No,2020,Tenkasi
E136,Lenin,Male,34,IT,System Administrator,67000,11,Office,4.8,97,3,35,Promoted,No,2015,Rajapalayam
E137,Madhumitha,Female,26,HR,HR Analyst,46000,4,Hybrid,4.2,91,6,19,Promoted,No,2021,Avadi
E138,Naren,Male,30,Finance,Risk Analyst,56000,7,Office,4.5,94,5,26,Promoted,No,2018,Tambaram
E139,Olivia,Female,23,IT,Web Designer,35000,1,WFH,3.5,79,16,9,Not Promoted,Yes,2024,Ambattur
E140,Pradeep,Male,31,Sales,Area Sales Executive,48000,6,Office,4.3,92,6,22,Promoted,No,2019,Pallavaram
E141,Rakshana,Female,28,HR,Employee Relations Specialist,51000,6,Hybrid,4.4,93,5,24,Promoted,No,2019,Guduvanchery
E142,Sarvesh,Male,25,IT,Network Engineer,41000,3,WFH,3.8,85,11,14,Not Promoted,No,2022,Mettur
E143,Thenmozhi,Female,33,Finance,Audit Manager,69000,10,Office,4.8,98,2,36,Promoted,No,2016,Ranipet
E144,Umesh,Male,27,Sales,Product Promoter,39000,4,Office,3.7,83,14,12,Not Promoted,Yes,2021,Walajapet
E145,Varalakshmi,Female,29,IT,Full Stack Developer,60000,7,Hybrid,4.6,95,4,29,Promoted,No,2018,Arakkonam
E146,Winston,Male,24,HR,Junior Recruiter,34000,2,WFH,3.6,81,15,10,Not Promoted,Yes,2023,Chidambaram
E147,Yasmin,Female,30,Finance,Finance Executive,53000,7,Office,4.4,92,5,25,Promoted,No,2018,Panruti
E148,Zayan,Male,32,IT,Security Analyst,65000,9,Hybrid,4.7,97,3,33,Promoted,No,2017,Neyveli
E149,Anirudh,Male,26,Sales,Sales Coordinator,40000,4,Office,3.9,86,12,15,Not Promoted,No,2021,Paramakudi
E150,Blessy,Female,27,HR,Recruitment Consultant,47000,5,Hybrid,4.2,90,7,20,Promoted,No,2020,Karaikudi
E151,Aadhavan,Male,26,IT,Data Engineer,52000,4,Hybrid,4.3,92,7,20,Promoted,No,2021,Oddanchatram
E152,Bhavya,Female,29,HR,HR Associate,43000,5,Office,4.1,90,6,18,Not Promoted,No,2020,Palani
E153,Charles,Male,31,Sales,Sales Officer,41000,6,Office,3.8,85,14,12,Not Promoted,Yes,2019,Udumalpet
E154,Dhivya,Female,25,Finance,Accountant,46000,3,Hybrid,4.2,91,5,21,Promoted,No,2022,Chennai
E155,Eshwar,Male,34,IT,Software Architect,76000,11,Office,4.9,98,2,38,Promoted,No,2015,Coimbatore
E156,Farzana,Female,27,HR,Recruiter,39000,4,WFH,3.9,87,9,14,Not Promoted,No,2021,Madurai
E157,Gopinath,Male,30,Sales,Business Analyst,48000,7,Hybrid,4.4,94,5,25,Promoted,No,2018,Trichy
E158,Hridya,Female,24,IT,UI Designer,36000,2,WFH,3.7,83,12,10,Not Promoted,Yes,2023,Salem
E159,Ibrahim,Male,32,Finance,Auditor,59000,8,Hybrid,4.6,96,4,29,Promoted,No,2017,Tirunelveli
E160,Jothika,Female,28,IT,QA Engineer,44000,5,Hybrid,4,89,8,17,Not Promoted,No,2020,Erode
E161,Kiran Raj,Male,27,Sales,Marketing Executive,42000,4,Office,3.8,84,15,13,Not Promoted,Yes,2021,Vellore
E162,Lavisha,Female,33,HR,HR Manager,65000,10,Office,4.8,97,3,34,Promoted,No,2016,Thanjavur
E163,Mohan,Male,26,IT,Support Engineer,37000,3,WFH,3.6,81,16,9,Not Promoted,Yes,2022,Hosur
E164,Nivetha,Female,29,Finance,Financial Analyst,54000,6,Hybrid,4.5,95,4,26,Promoted,No,2019,Tiruppur
E165,Pradeesh,Male,31,IT,Full Stack Developer,61000,8,Hybrid,4.7,96,4,30,Promoted,No,2017,Thoothukudi
E166,Queen Mary,Female,24,HR,Junior Recruiter,34000,2,WFH,3.5,80,15,10,Not Promoted,Yes,2023,Dindigul
E167,Ramesh,Male,35,Sales,Sales Manager,70000,12,Office,4.9,99,2,37,Promoted,No,2014,Karur
E168,Sadhana,Female,28,IT,Web Developer,47000,5,Hybrid,4.2,90,7,19,Promoted,No,2020,Nagercoil
E169,Thameem,Male,30,Finance,Tax Consultant,56000,7,Office,4.4,93,5,24,Promoted,No,2018,Kanchipuram
E170,Uma,Female,25,Sales,Sales Coordinator,39000,3,Office,3.7,82,14,11,Not Promoted,Yes,2022,Cuddalore
E171,Vetrivel,Male,29,IT,Cloud Engineer,62000,8,Hybrid,4.8,97,3,33,Promoted,No,2017,Nagapattinam
E172,Wincy Rose,Female,27,HR,HR Analyst,45000,4,Hybrid,4.1,89,7,18,Promoted,No,2021,Sivakasi
E173,Xavier Raj,Male,32,Finance,Audit Executive,58000,9,Office,4.5,94,4,28,Promoted,No,2016,Virudhunagar
E174,Yashika,Female,24,IT,Graphic Designer,35000,2,WFH,3.6,81,15,9,Not Promoted,Yes,2023,Namakkal
E175,Zameer,Male,28,Sales,Territory Manager,52000,6,Office,4.3,92,6,22,Promoted,No,2019,Dharmapuri
E176,Anusha,Female,31,HR,Training Coordinator,50000,7,Hybrid,4.4,93,5,25,Promoted,No,2018,Krishnagiri
E177,Bala Murugan,Male,26,IT,Backend Developer,49000,4,Hybrid,4.2,91,7,20,Promoted,No,2021,Villupuram
E178,Christy,Female,23,Finance,Accounts Assistant,33000,1,WFH,3.4,78,17,8,Not Promoted,Yes,2024,Pudukkottai
E179,Dileep,Male,34,Sales,Regional Manager,68000,11,Office,4.8,98,2,35,Promoted,No,2015,Ramanathapuram
E180,Elavarasi,Female,29,IT,Mobile Developer,53000,6,Hybrid,4.5,94,5,24,Promoted,No,2019,Ariyalur
E181,Faizal,Male,25,HR,Recruiter,38000,3,Office,3.8,85,12,13,Not Promoted,No,2022,Perambalur
E182,Geetha,Female,32,Finance,Finance Manager,71000,10,Office,4.9,99,2,39,Promoted,No,2014,Nilgiris
E183,Hariharan,Male,27,IT,DevOps Engineer,60000,5,Hybrid,4.6,95,4,29,Promoted,No,2020,Pollachi
E184,Ishwarya,Female,24,Sales,Product Promoter,34000,2,WFH,3.5,79,16,10,Not Promoted,Yes,2023,Kumbakonam
E185,Jaganathan,Male,31,HR,HR Executive,47000,6,Office,4.2,90,7,20,Promoted,No,2019,Mayiladuthurai
E186,Keerthi,Female,28,IT,Frontend Developer,51000,5,Hybrid,4.3,91,6,22,Promoted,No,2020,Tenkasi
E187,Lokanath,Male,33,Finance,Risk Analyst,62000,9,Office,4.7,96,3,31,Promoted,No,2016,Rajapalayam
E188,Megha,Female,26,Sales,Sales Executive,41000,4,Office,3.9,86,13,15,Not Promoted,Yes,2021,Avadi
E189,Naveenkumar,Male,29,IT,Security Analyst,65000,7,Hybrid,4.8,97,3,34,Promoted,No,2018,Tambaram
E190,Oormila,Female,25,HR,HR Intern,32000,1,WFH,3.6,82,14,11,Not Promoted,Yes,2024,Ambattur
E191,Prithvi,Male,30,Finance,Auditor,57000,7,Hybrid,4.5,94,5,26,Promoted,No,2018,Pallavaram
E192,Qureshi,Male,27,Sales,Marketing Analyst,43000,4,Office,4,88,9,16,Not Promoted,No,2021,Guduvanchery
E193,Ranjani,Female,31,IT,Data Scientist,72000,9,Hybrid,4.9,98,2,36,Promoted,No,2016,Mettur
E194,Saritha,Female,24,HR,Recruiter,35000,2,WFH,3.7,83,12,10,Not Promoted,Yes,2023,Ranipet
E195,Tharakesh,Male,28,Finance,Budget Analyst,54000,5,Office,4.4,92,6,23,Promoted,No,2020,Walajapet
E196,Udhaya Kumar,Male,35,IT,Project Lead,78000,13,Office,4.9,99,2,40,Promoted,No,2013,Arakkonam
E197,Vidhya,Female,27,Sales,Sales Associate,39000,3,Office,3.8,84,15,12,Not Promoted,Yes,2022,Chidambaram
E198,Wasan,Male,32,HR,HR Manager,66000,10,Office,4.8,97,3,35,Promoted,No,2015,Panruti
E199,Yamuna,Female,26,IT,UI/UX Designer,46000,4,Hybrid,4.1,89,8,18,Promoted,No,2021,Neyveli
E200,Zubin,Male,29,Finance,Accountant,50000,6,Office,4.3,91,7,21,Promoted,No,2019,Paramakudi
E201,Akhil,Male,24,IT,QA Tester,37000,2,WFH,3.6,81,16,9,Not Promoted,Yes,2023,Karaikudi
E202,Beryl,Female,30,HR,Talent Manager,63000,8,Hybrid,4.7,96,4,30,Promoted,No,2017,Oddanchatram
E203,Chandru,Male,28,Sales,Business Executive,42000,5,Office,3.9,87,11,14,Not Promoted,No,2020,Palani
E204,Deeksha,Female,25,Finance,Accounts Executive,45000,3,Hybrid,4,88,8,17,Promoted,No,2022,Udumalpet
E205,Ebrahim,Male,33,IT,System Engineer,67000,10,Office,4.8,98,2,35,Promoted,No,2015,Chennai
E206,Femi,Female,27,Sales,Marketing Coordinator,40000,4,Office,3.8,85,13,13,Not Promoted,Yes,2021,Coimbatore
E207,Gokila,Female,31,HR,Recruitment Specialist,52000,7,Hybrid,4.4,93,5,24,Promoted,No,2018,Madurai
E208,Haneef,Male,26,IT,Application Developer,49000,4,Hybrid,4.2,90,7,20,Promoted,No,2021,Trichy
E209,Iniya,Female,23,Finance,Junior Analyst,34000,1,WFH,3.5,79,16,8,Not Promoted,Yes,2024,Salem
E210,Jeeva,Male,34,Sales,Sales Director,74000,12,Office,4.9,99,2,38,Promoted,No,2014,Tirunelveli
E211,Kanishka,Female,28,IT,Software Tester,43000,5,Hybrid,4.1,89,8,18,Not Promoted,No,2020,Erode
E212,Lenin Raj,Male,30,HR,HR Consultant,54000,7,Office,4.5,94,5,25,Promoted,No,2018,Vellore
E213,Monalisha,Female,24,Sales,Customer Executive,36000,2,WFH,3.6,82,14,10,Not Promoted,Yes,2023,Thanjavur
E214,Nirmal,Male,32,Finance,Senior Accountant,61000,9,Office,4.7,96,3,30,Promoted,No,2016,Hosur
E215,Ojaswini,Female,29,IT,React Developer,58000,6,Hybrid,4.6,95,4,28,Promoted,No,2019,Tiruppur
E216,Pranesh,Male,27,HR,HR Coordinator,42000,4,Office,3.9,86,12,15,Not Promoted,No,2021,Thoothukudi
E217,Quinn,Female,25,Finance,Audit Assistant,39000,3,WFH,3.7,84,13,12,Not Promoted,Yes,2022,Dindigul
E218,Ruban,Male,31,IT,Python Developer,62000,8,Hybrid,4.8,97,3,32,Promoted,No,2017,Karur
E219,Sharmila,Female,28,Sales,Sales Analyst,44000,5,Office,4.1,90,7,19,Promoted,No,2020,Nagercoil
E220,Tamilselvan,Male,35,HR,Senior HR Manager,73000,12,Office,4.9,99,2,39,Promoted,No,2014,Kanchipuram
E221,Usha Rani,Female,26,IT,Database Administrator,55000,5,Hybrid,4.4,92,6,24,Promoted,No,2020,Cuddalore
E222,Vimalraj,Male,29,Finance,Financial Consultant,57000,7,Office,4.5,94,5,26,Promoted,No,2018,Nagapattinam
E223,Wajid,Male,24,Sales,Telecaller,33000,2,WFH,3.4,78,17,8,Not Promoted,Yes,2023,Sivakasi
E224,Xaviera,Female,30,IT,Machine Learning Engineer,76000,9,Hybrid,4.9,98,2,37,Promoted,No,2016,Virudhunagar
E225,Yazhini,Female,27,HR,HR Executive,45000,4,Office,4,88,9,17,Not Promoted,No,2021,Namakkal
E226,Zahir,Male,33,Finance,Internal Auditor,64000,10,Office,4.8,97,3,34,Promoted,No,2015,Dharmapuri
E227,Adithya,Male,25,IT,Software Engineer,48000,3,Hybrid,4.2,91,7,20,Promoted,No,2022,Krishnagiri
E228,Blesslin,Female,28,Sales,Sales Coordinator,41000,5,Office,3.9,87,10,15,Not Promoted,No,2020,Villupuram
E229,Cyril,Male,31,HR,Recruitment Manager,62000,8,Hybrid,4.7,96,4,30,Promoted,No,2017,Pudukkottai
E230,Dharani,Female,24,Finance,Finance Assistant,35000,2,WFH,3.6,81,15,9,Not Promoted,Yes,2023,Ramanathapuram
E231,Elango,Male,29,IT,AI Engineer,68000,7,Hybrid,4.8,97,3,35,Promoted,No,2018,Ariyalur
E232,Fathiya,Female,26,Sales,Product Advisor,39000,4,Office,3.8,85,13,13,Not Promoted,Yes,2021,Perambalur
E233,Gireesh,Male,32,Finance,Chartered Accountant,72000,10,Office,4.9,99,2,38,Promoted,No,2014,Nilgiris
E234,Hiba,Female,27,IT,Java Developer,52000,5,Hybrid,4.3,92,6,22,Promoted,No,2020,Pollachi
E235,Irshad,Male,30,HR,Employee Engagement Specialist,53000,7,Office,4.4,93,5,24,Promoted,No,2018,Kumbakonam
E236,Janarthani,Female,25,Sales,CRM Executive,40000,3,WFH,3.7,83,14,11,Not Promoted,Yes,2022,Mayiladuthurai
E237,Kishore,Male,34,IT,Infrastructure Engineer,71000,11,Office,4.9,98,2,37,Promoted,No,2015,Tenkasi
E238,Lincy,Female,28,Finance,Budget Executive,51000,6,Hybrid,4.2,90,7,20,Promoted,No,2019,Rajapalayam
E239,Murugan,Male,24,HR,HR Assistant,36000,2,WFH,3.5,80,16,9,Not Promoted,Yes,2023,Avadi
E240,Nila,Female,31,IT,Business Intelligence Analyst,64000,8,Hybrid,4.7,96,4,31,Promoted,No,2017,Tambaram
E241,Omprakash,Male,27,Sales,Territory Executive,43000,4,Office,4,88,9,16,Not Promoted,No,2021,Ambattur
E242,Pavana,Female,29,Finance,Accounts Manager,60000,7,Office,4.6,95,4,28,Promoted,No,2018,Pallavaram
E243,Qadir Hussain,Male,26,IT,Cyber Security Analyst,59000,5,Hybrid,4.5,94,5,26,Promoted,No,2020,Guduvanchery
E244,Rithanya,Female,23,HR,Recruitment Intern,32000,1,WFH,3.4,78,17,8,Not Promoted,Yes,2024,Mettur
E245,Senthil,Male,35,Sales,Sales Head,78000,13,Office,4.9,99,2,40,Promoted,No,2013,Ranipet
E246,Thulasi,Female,27,IT,Angular Developer,54000,5,Hybrid,4.3,91,6,23,Promoted,No,2020,Walajapet
E247,Ubaid,Male,30,Finance,Tax Auditor,58000,8,Office,4.6,95,4,29,Promoted,No,2017,Arakkonam
E248,Varunika,Female,25,HR,HR Executive,43000,3,WFH,3.8,85,11,14,Not Promoted,No,2022,Chidambaram
E249,Wesley,Male,32,IT,ERP Consultant,67000,9,Hybrid,4.8,97,3,34,Promoted,No,2016,Panruti
E250,Yuvanika,Female,28,Sales,Client Relationship Manager,46000,5,Office,4.1,89,8,18,Promoted,No,2020,Neyveli
E251,Aarav,Male,26,IT,Python Developer,51000,4,Hybrid,4.3,91,7,22,Promoted,No,2021,Paramakudi
E252,Bhavani,Female,29,HR,HR Executive,45000,5,Office,4.1,89,6,18,Not Promoted,No,2020,Karaikudi
E253,Charvik,Male,32,Finance,Auditor,62000,9,Office,4.7,96,4,30,Promoted,No,2017,Oddanchatram
E254,Dharika,Female,24,Sales,Sales Coordinator,36000,2,WFH,3.6,82,14,11,Not Promoted,Yes,2023,Palani
E255,Ezhilan,Male,35,IT,Project Manager,78000,13,Office,4.9,99,2,40,Promoted,No,2013,Udumalpet
E256,Fathima,Female,27,HR,Recruiter,42000,4,Hybrid,4,88,8,17,Not Promoted,No,2021,Chennai
E257,Gautham,Male,30,Sales,Marketing Analyst,48000,6,Office,4.2,90,7,20,Promoted,No,2019,Coimbatore
E258,Harshini,Female,25,Finance,Accountant,46000,3,Hybrid,4.1,89,8,16,Promoted,No,2022,Madurai
E259,Irfan,Male,31,IT,Full Stack Developer,61000,8,Hybrid,4.6,95,4,29,Promoted,No,2017,Trichy
E260,Janani,Female,23,Sales,Telecaller,34000,1,WFH,3.5,79,16,8,Not Promoted,Yes,2024,Salem
E261,Karthik,Male,28,HR,HR Analyst,47000,5,Office,4.2,91,6,19,Promoted,No,2020,Tirunelveli
E262,Lavanya,Female,33,Finance,Finance Manager,72000,10,Office,4.8,98,3,35,Promoted,No,2015,Erode
E263,Madhan,Male,26,IT,UI Designer,43000,3,Hybrid,3.9,86,11,14,Not Promoted,No,2022,Vellore
E264,Nandhini,Female,29,Sales,Sales Executive,41000,5,Office,3.8,84,13,13,Not Promoted,Yes,2020,Thanjavur
E265,Omkar,Male,34,IT,Data Scientist,74000,11,Hybrid,4.9,99,2,38,Promoted,No,2014,Hosur
E266,Pavithra,Female,24,HR,Junior Recruiter,35000,2,WFH,3.6,81,15,10,Not Promoted,Yes,2023,Tiruppur
E267,Qadir,Male,31,Finance,Risk Analyst,59000,8,Office,4.5,94,5,27,Promoted,No,2018,Thoothukudi
E268,Reshma,Female,27,IT,Software Tester,44000,4,Hybrid,4,88,9,16,Not Promoted,No,2021,Dindigul
E269,Sarvesh,Male,29,Sales,Territory Executive,45000,5,Office,4.1,90,7,19,Promoted,No,2020,Karur
E270,Thenmozhi,Female,32,HR,Talent Acquisition Specialist,56000,9,Hybrid,4.7,96,3,31,Promoted,No,2017,Nagercoil
E271,Udhay,Male,25,IT,DevOps Engineer,58000,4,Hybrid,4.4,93,5,25,Promoted,No,2021,Kanchipuram
E272,Varsha,Female,28,Finance,Budget Analyst,52000,6,Office,4.3,92,6,23,Promoted,No,2019,Cuddalore
E273,Waseem,Male,30,Sales,Area Manager,67000,10,Office,4.8,97,3,34,Promoted,No,2016,Nagapattinam
E274,Xenia,Female,23,IT,Web Designer,34000,1,WFH,3.4,78,17,8,Not Promoted,Yes,2024,Sivakasi
E275,Yogesh,Male,27,HR,Payroll Specialist,49000,5,Hybrid,4.2,91,6,20,Promoted,No,2020,Virudhunagar
E276,Zara,Female,31,Finance,Internal Auditor,61000,8,Office,4.6,95,4,28,Promoted,No,2017,Namakkal
E277,Aditya,Male,24,IT,Backend Developer,47000,3,Hybrid,4.1,89,8,18,Promoted,No,2022,Dharmapuri
E278,Blessy,Female,26,Sales,CRM Executive,39000,4,Office,3.8,85,12,13,Not Promoted,Yes,2021,Krishnagiri
E279,Calvin,Male,35,HR,HR Manager,73000,12,Office,4.9,99,2,39,Promoted,No,2014,Villupuram
E280,Divakar,Male,29,IT,React Developer,56000,6,Hybrid,4.5,94,5,26,Promoted,No,2019,Pudukkottai
E281,Esther,Female,25,Finance,Accounts Executive,43000,3,Office,3.9,86,11,14,Not Promoted,No,2022,Ramanathapuram
E282,Franklin,Male,33,Sales,Regional Manager,71000,10,Office,4.8,98,3,36,Promoted,No,2015,Ariyalur
E283,Gayathri,Female,27,IT,Java Developer,54000,5,Hybrid,4.3,92,6,22,Promoted,No,2020,Perambalur
E284,Hari,Male,24,HR,HR Assistant,36000,2,WFH,3.5,80,16,9,Not Promoted,Yes,2023,Nilgiris
E285,Inban,Male,31,Finance,Tax Consultant,60000,8,Office,4.6,95,4,29,Promoted,No,2017,Pollachi
E286,Jennifer,Female,28,IT,Cloud Engineer,62000,7,Hybrid,4.7,96,3,32,Promoted,No,2018,Kumbakonam
E287,Kiran,Male,26,Sales,Business Executive,41000,4,Office,3.8,84,13,12,Not Promoted,Yes,2021,Mayiladuthurai
E288,Leena,Female,30,HR,HR Consultant,55000,7,Hybrid,4.4,93,5,24,Promoted,No,2018,Tenkasi
E289,Manoj,Male,32,IT,AI Engineer,76000,9,Office,4.9,99,2,37,Promoted,No,2016,Rajapalayam
E290,Nivya,Female,23,Finance,Junior Accountant,33000,1,WFH,3.4,77,18,7,Not Promoted,Yes,2024,Avadi
E291,Pranav,Male,29,Sales,Sales Analyst,46000,5,Office,4.1,90,7,18,Promoted,No,2020,Tambaram
E292,Queeny,Female,27,IT,QA Tester,45000,4,Hybrid,4,88,9,16,Not Promoted,No,2021,Ambattur
E293,Rithik,Male,34,HR,Senior HR Manager,69000,11,Office,4.8,97,3,35,Promoted,No,2015,Pallavaram
E294,Shobana,Female,25,Finance,Audit Assistant,40000,3,WFH,3.7,83,14,11,Not Promoted,Yes,2022,Guduvanchery
E295,Tarun,Male,30,IT,Security Analyst,65000,7,Hybrid,4.7,96,4,31,Promoted,No,2018,Mettur
E296,Usha,Female,28,Sales,Product Promoter,39000,5,Office,3.8,85,12,13,Not Promoted,Yes,2020,Ranipet
E297,Vasanth,Male,31,HR,Employee Relations Specialist,57000,8,Hybrid,4.5,94,5,27,Promoted,No,2017,Walajapet
E298,Wincy,Female,24,IT,Graphic Designer,35000,2,WFH,3.6,81,15,10,Not Promoted,Yes,2023,Arakkonam
E299,Xavier,Male,27,Finance,Finance Executive,51000,5,Office,4.2,91,6,21,Promoted,No,2020,Chidambaram
E300,Yazhini,Female,29,IT,Mobile App Developer,59000,6,Hybrid,4.6,95,4,28,Promoted,No,2019,Panruti
E301,Aakash,Male,27,IT,Software Engineer,52000,5,Hybrid,4.3,92,6,22,Promoted,No,2020,Neyveli
E302,Bhavana,Female,30,HR,HR Executive,47000,7,Office,4.4,93,5,24,Promoted,No,2018,Paramakudi
E303,Chandan,Male,25,Sales,Sales Executive,39000,3,Office,3.7,84,13,12,Not Promoted,Yes,2022,Karaikudi
E304,Deepika,Female,28,Finance,Accountant,51000,6,Hybrid,4.2,90,7,20,Promoted,No,2019,Oddanchatram
E305,Eshwar,Male,34,IT,Technical Lead,72000,11,Office,4.9,98,2,37,Promoted,No,2014,Palani
E306,Farzana,Female,24,HR,Recruiter,35000,2,WFH,3.6,81,15,10,Not Promoted,Yes,2023,Udumalpet
E307,Gokul,Male,31,Sales,Area Manager,64000,8,Office,4.7,96,4,31,Promoted,No,2017,Chennai
E308,Harini,Female,26,IT,UI Designer,43000,4,Hybrid,4,88,8,17,Not Promoted,No,2021,Coimbatore
E309,Imran,Male,29,Finance,Auditor,58000,7,Office,4.5,94,5,27,Promoted,No,2018,Madurai
E310,Janvi,Female,23,Sales,Telecaller,33000,1,WFH,3.4,78,17,8,Not Promoted,Yes,2024,Trichy
E311,Kishore,Male,28,IT,Backend Developer,56000,5,Hybrid,4.4,93,5,25,Promoted,No,2020,Salem
E312,Lavanya,Female,32,HR,HR Manager,68000,10,Office,4.8,97,3,34,Promoted,No,2016,Tirunelveli
E313,Manoj,Male,24,Finance,Accounts Assistant,36000,2,Office,3.5,80,16,9,Not Promoted,Yes,2023,Erode
E314,Nivetha,Female,27,IT,QA Tester,45000,4,Hybrid,4.1,89,7,18,Promoted,No,2021,Vellore
E315,Omprakash,Male,35,Sales,Sales Manager,76000,12,Office,4.9,99,2,39,Promoted,No,2013,Thanjavur
E316,Pavithra,Female,25,HR,HR Analyst,42000,3,WFH,3.8,85,12,13,Not Promoted,No,2022,Hosur
E317,Qadir,Male,30,Finance,Risk Analyst,61000,8,Hybrid,4.6,95,4,29,Promoted,No,2017,Tiruppur
E318,Rekha,Female,29,IT,Frontend Developer,53000,6,Hybrid,4.3,91,6,23,Promoted,No,2019,Thoothukudi
E319,Surya,Male,26,Sales,Marketing Executive,41000,4,Office,3.9,86,11,14,Not Promoted,Yes,2021,Dindigul
E320,Tharika,Female,31,HR,Talent Acquisition Specialist,59000,8,Office,4.7,96,3,30,Promoted,No,2017,Karur
E321,Uday,Male,27,IT,DevOps Engineer,60000,5,Hybrid,4.5,94,5,26,Promoted,No,2020,Nagercoil
E322,Varsha,Female,24,Finance,Junior Accountant,34000,1,WFH,3.5,79,16,8,Not Promoted,Yes,2024,Kanchipuram
E323,Wasim,Male,33,Sales,Regional Manager,70000,10,Office,4.8,98,3,35,Promoted,No,2015,Cuddalore
E324,Xenia,Female,28,IT,Web Developer,50000,5,Hybrid,4.2,90,7,20,Promoted,No,2020,Nagapattinam
E325,Yogesh,Male,25,HR,Recruiter,39000,3,Office,3.7,84,13,12,Not Promoted,No,2022,Sivakasi
E326,Zara,Female,30,Finance,Budget Analyst,56000,7,Hybrid,4.4,93,5,25,Promoted,No,2018,Virudhunagar
E327,Arun Raj,Male,34,IT,Data Scientist,74000,11,Office,4.9,99,2,38,Promoted,No,2014,Namakkal
E328,Bhuvana,Female,23,Sales,Customer Support Executive,32000,1,WFH,3.4,77,18,7,Not Promoted,Yes,2024,Dharmapuri
E329,Charan,Male,29,HR,Payroll Specialist,51000,6,Office,4.2,91,6,21,Promoted,No,2019,Krishnagiri
E330,Dharshini,Female,26,IT,Graphic Designer,42000,4,Hybrid,4,88,9,16,Not Promoted,No,2021,Villupuram
E331,Edwin,Male,31,Finance,Finance Manager,69000,9,Office,4.8,97,3,34,Promoted,No,2016,Pudukkottai
E332,Fathima,Female,24,Sales,Product Promoter,35000,2,WFH,3.5,80,15,10,Not Promoted,Yes,2023,Ramanathapuram
E333,Ganesh,Male,27,IT,Java Developer,57000,5,Hybrid,4.4,92,6,24,Promoted,No,2020,Ariyalur
E334,Hema,Female,32,HR,HR Consultant,62000,9,Office,4.7,96,4,31,Promoted,No,2017,Perambalur
E335,Irshad,Male,28,Finance,Internal Auditor,54000,6,Office,4.3,91,7,22,Promoted,No,2019,Nilgiris
E336,Janani,Female,25,IT,Mobile App Developer,48000,3,Hybrid,4.1,89,8,18,Promoted,No,2022,Pollachi
E337,Karthika,Female,30,Sales,Territory Executive,46000,5,Office,4,87,10,17,Not Promoted,No,2020,Kumbakonam
E338,Lenin,Male,35,HR,Senior HR Manager,75000,12,Office,4.9,99,2,40,Promoted,No,2013,Mayiladuthurai
E339,Megha,Female,23,Finance,Accounts Intern,31000,1,WFH,3.3,76,19,6,Not Promoted,Yes,2024,Tenkasi
E340,Naveen,Male,29,IT,Cloud Engineer,63000,7,Hybrid,4.6,95,4,28,Promoted,No,2018,Rajapalayam
E341,Olivia,Female,27,Sales,Sales Coordinator,40000,4,Office,3.8,85,12,13,Not Promoted,Yes,2021,Avadi
E342,Pradeep,Male,31,HR,Recruitment Manager,64000,9,Office,4.8,97,3,35,Promoted,No,2016,Tambaram
E343,Queenlin,Female,26,IT,System Analyst,55000,5,Hybrid,4.3,92,6,23,Promoted,No,2020,Ambattur
E344,Ranjith,Male,24,Finance,Audit Assistant,36000,2,WFH,3.6,82,14,10,Not Promoted,Yes,2023,Pallavaram
E345,Shalini,Female,28,Sales,Business Development Executive,43000,5,Office,4.1,90,7,19,Promoted,No,2020,Guduvanchery
E346,Tarun,Male,33,IT,Security Analyst,68000,10,Office,4.8,98,3,36,Promoted,No,2015,Mettur
E347,Usha,Female,25,HR,HR Assistant,38000,3,WFH,3.7,84,13,12,Not Promoted,No,2022,Ranipet
E348,Vicky,Male,30,Finance,Chartered Accountant,71000,9,Office,4.9,99,2,38,Promoted,No,2014,Walajapet
E349,Wincy,Female,27,IT,Software Tester,46000,4,Hybrid,4,88,9,17,Not Promoted,No,2021,Arakkonam
E350,Yazhini,Female,29,Sales,Client Relationship Manager,52000,6,Office,4.4,93,5,24,Promoted,No,2019,Chidambaram
E351,Aadhira,Female,24,IT,UI Developer,44000,2,Hybrid,4,88,9,15,Not Promoted,No,2023,Panruti
E352,Balakrishnan,Male,31,Finance,Senior Auditor,65000,9,Office,4.7,96,4,30,Promoted,No,2017,Neyveli
E353,Chitra,Female,27,HR,HR Coordinator,47000,5,Office,4.2,91,6,20,Promoted,No,2020,Paramakudi
E354,Dinesh Kumar,Male,29,Sales,Sales Consultant,43000,5,Hybrid,3.9,86,12,14,Not Promoted,Yes,2020,Karaikudi
E355,Elakkiya,Female,25,IT,QA Analyst,41000,3,WFH,3.8,84,13,12,Not Promoted,No,2022,Oddanchatram
E356,Farook,Male,34,IT,Solutions Architect,78000,12,Office,4.9,99,2,39,Promoted,No,2014,Palani
E357,Gayathri Devi,Female,30,Finance,Financial Planner,59000,7,Hybrid,4.5,94,5,27,Promoted,No,2018,Udumalpet
E358,Harish,Male,26,HR,Recruiter,42000,4,Office,4,88,8,17,Not Promoted,No,2021,Chennai
E359,Ishita,Female,23,Sales,Sales Associate,34000,1,WFH,3.5,80,15,9,Not Promoted,Yes,2024,Coimbatore
E360,Jagan,Male,32,IT,Full Stack Engineer,66000,8,Hybrid,4.8,97,3,33,Promoted,No,2017,Madurai
E361,Kavitha,Female,28,Finance,Cost Accountant,52000,6,Office,4.3,92,6,22,Promoted,No,2019,Trichy
E362,Lokeshwar,Male,35,Sales,Zonal Manager,74000,11,Office,4.9,98,2,38,Promoted,No,2015,Salem
E363,Monika,Female,24,HR,HR Assistant,36000,2,WFH,3.6,82,14,10,Not Promoted,Yes,2023,Tirunelveli
E364,Naren,Male,27,IT,Python Engineer,57000,5,Hybrid,4.4,93,5,24,Promoted,No,2020,Erode
E365,Oviya,Female,29,Finance,Tax Specialist,56000,7,Office,4.5,95,4,28,Promoted,No,2018,Vellore
E366,Prakash,Male,25,Sales,Product Advisor,39000,3,Office,3.7,84,12,11,Not Promoted,Yes,2022,Thanjavur
E367,Queen Mary,Female,31,IT,Data Analyst,62000,8,Hybrid,4.7,96,3,31,Promoted,No,2017,Hosur
E368,Raghul,Male,30,HR,HR Business Partner,61000,8,Office,4.6,95,4,29,Promoted,No,2017,Tiruppur
E369,Sneha,Female,26,Sales,Marketing Executive,42000,4,Hybrid,3.9,87,10,16,Not Promoted,No,2021,Thoothukudi
E370,Tharun Raj,Male,24,IT,Support Analyst,38000,2,WFH,3.6,81,15,9,Not Promoted,Yes,2023,Dindigul
E371,Uma Maheshwari,Female,33,Finance,Audit Manager,71000,10,Office,4.8,98,2,36,Promoted,No,2015,Karur
E372,Vasanth Kumar,Male,28,IT,React JS Developer,54000,6,Hybrid,4.3,91,6,23,Promoted,No,2019,Nagercoil
E373,Wajid Ali,Male,27,HR,Learning Specialist,49000,5,Office,4.2,90,7,20,Promoted,No,2020,Kanchipuram
E374,Xaviera,Female,23,Sales,Customer Support Executive,33000,1,WFH,3.4,78,17,8,Not Promoted,Yes,2024,Cuddalore
E375,Yazhwanth,Male,31,IT,DevOps Specialist,68000,9,Hybrid,4.8,97,3,35,Promoted,No,2016,Nagapattinam
E376,Zainab,Female,25,Finance,Accounts Executive,43000,3,Office,3.9,86,11,13,Not Promoted,No,2022,Sivakasi
E377,Arjun,Male,29,Sales,Territory Sales Officer,47000,6,Office,4.1,89,8,18,Promoted,No,2019,Virudhunagar
E378,Blesslin,Female,34,HR,Senior HR Manager,76000,12,Office,4.9,99,2,40,Promoted,No,2013,Namakkal
E379,Cyril Raj,Male,24,IT,Graphic Designer,37000,2,WFH,3.5,80,16,9,Not Promoted,Yes,2023,Dharmapuri
E380,Dharani,Female,27,Finance,Financial Executive,51000,5,Hybrid,4.2,91,6,21,Promoted,No,2020,Krishnagiri
E381,Edwin Raj,Male,30,Sales,Client Relationship Executive,45000,5,Office,4,88,9,17,Not Promoted,No,2020,Villupuram
E382,Femiya,Female,26,IT,Frontend Engineer,52000,4,Hybrid,4.3,92,5,22,Promoted,No,2021,Pudukkottai
E383,Gireesh Kumar,Male,35,HR,HR Director,82000,14,Office,5,99,1,42,Promoted,No,2012,Ramanathapuram
E384,Hiba Fathima,Female,24,Finance,Junior Accountant,35000,2,WFH,3.6,81,14,10,Not Promoted,Yes,2023,Ariyalur
E385,Ibrahim Shah,Male,28,IT,Database Engineer,60000,6,Hybrid,4.5,94,4,26,Promoted,No,2018,Perambalur
E386,Jennifer Mary,Female,31,Sales,Sales Strategist,58000,8,Office,4.6,95,4,28,Promoted,No,2017,Nilgiris
E387,Koushik,Male,25,HR,Recruitment Associate,41000,3,Office,3.8,85,12,12,Not Promoted,No,2022,Pollachi
E388,Lavinaya,Female,29,IT,Android Developer,56000,6,Hybrid,4.4,93,5,24,Promoted,No,2019,Kumbakonam
E389,Mohammed Asif,Male,32,Finance,Internal Auditor,64000,9,Office,4.7,96,3,32,Promoted,No,2016,Mayiladuthurai
E390,Nivashini,Female,23,Sales,Telemarketing Executive,32000,1,WFH,3.3,77,18,7,Not Promoted,Yes,2024,Tenkasi
E391,Pranesh,Male,27,IT,Cyber Security Engineer,63000,5,Hybrid,4.6,95,4,27,Promoted,No,2020,Rajapalayam
E392,Quency,Female,30,HR,Payroll Analyst,55000,7,Office,4.3,92,5,23,Promoted,No,2018,Avadi
E393,Rohit,Male,24,Finance,Audit Trainee,36000,2,WFH,3.5,80,15,9,Not Promoted,Yes,2023,Tambaram
E394,Sangeetha,Female,28,Sales,Marketing Coordinator,44000,5,Hybrid,4,89,8,18,Not Promoted,No,2020,Ambattur
E395,Thameem Ansari,Male,34,IT,Technical Architect,79000,12,Office,4.9,99,2,39,Promoted,No,2014,Pallavaram
E396,Udhaya,Female,26,HR,HR Operations Executive,46000,4,Office,4.1,90,7,19,Promoted,No,2021,Guduvanchery
E397,Vimal Raj,Male,31,Finance,Senior Financial Analyst,67000,9,Hybrid,4.8,97,3,34,Promoted,No,2016,Mettur
E398,Wincy Rose,Female,24,IT,UI/UX Designer,39000,2,WFH,3.7,83,13,11,Not Promoted,Yes,2023,Ranipet
E399,Yaswanth,Male,29,Sales,Business Development Executive,50000,6,Office,4.2,91,6,22,Promoted,No,2019,Walajapet
E400,Zubair Khan,Male,33,IT,Cloud Solutions Engineer,72000,10,Hybrid,4.9,98,2,37,Promoted,No,2015,Arakkonam
E401,Aadhavan,Male,26,IT,Software Developer,54000,4,Hybrid,4.2,91,7,21,Promoted,No,2021,Chidambaram
E402,Bhuvi,Female,29,HR,HR Executive,47000,6,Office,4.3,92,5,23,Promoted,No,2019,Panruti
E403,Charulatha,Female,24,Finance,Junior Accountant,36000,2,WFH,3.6,82,14,10,Not Promoted,Yes,2023,Neyveli
E404,Dheeran,Male,31,Sales,Sales Executive,45000,7,Office,4,88,9,18,Not Promoted,No,2018,Paramakudi
E405,Elan,Male,35,IT,Technical Architect,79000,12,Office,4.9,99,2,40,Promoted,No,2013,Karaikudi
E406,Fathima Noor,Female,27,HR,Recruiter,43000,4,Hybrid,4,89,8,17,Not Promoted,No,2021,Oddanchatram
E407,Guhan,Male,30,Finance,Financial Analyst,60000,8,Office,4.6,95,4,28,Promoted,No,2017,Palani
E408,Haripriya,Female,25,IT,QA Engineer,42000,3,WFH,3.8,85,12,13,Not Promoted,Yes,2022,Udumalpet
E409,Immanuel,Male,28,Sales,Marketing Executive,48000,5,Hybrid,4.1,90,7,20,Promoted,No,2020,Chennai
E410,Janisha,Female,23,HR,HR Assistant,34000,1,WFH,3.4,78,17,8,Not Promoted,Yes,2024,Coimbatore
E411,Kabilan,Male,33,IT,Data Engineer,71000,10,Office,4.8,97,3,35,Promoted,No,2015,Madurai
E412,Lavanya Sri,Female,26,Finance,Accounts Executive,50000,5,Hybrid,4.2,91,6,22,Promoted,No,2020,Trichy
E413,Mithran,Male,29,Sales,Area Sales Manager,65000,8,Office,4.7,96,4,31,Promoted,No,2017,Salem
E414,Nisha,Female,24,IT,Web Designer,39000,2,WFH,3.7,83,13,11,Not Promoted,Yes,2023,Tirunelveli
E415,Praveen,Male,31,HR,HR Manager,68000,9,Office,4.8,98,3,34,Promoted,No,2016,Erode
E416,Qurrath,Female,28,Finance,Tax Analyst,55000,6,Hybrid,4.4,93,5,24,Promoted,No,2019,Vellore
E417,Ranjan,Male,25,IT,Support Engineer,40000,3,Office,3.8,84,12,12,Not Promoted,No,2022,Thanjavur
E418,Sharmila,Female,30,Sales,Client Relationship Executive,52000,7,Hybrid,4.3,92,5,23,Promoted,No,2018,Hosur
E419,Tharakesh,Male,34,IT,Cloud Architect,78000,11,Office,4.9,99,2,38,Promoted,No,2014,Tiruppur
E420,Udhayalakshmi,Female,23,HR,Recruitment Trainee,32000,1,WFH,3.3,77,18,7,Not Promoted,Yes,2024,Thoothukudi
E421,Vignesh Kumar,Male,27,Finance,Budget Analyst,53000,5,Office,4.2,90,7,21,Promoted,No,2020,Dindigul
E422,Wafiya,Female,29,IT,Frontend Developer,56000,6,Hybrid,4.5,94,4,26,Promoted,No,2019,Karur
E423,Xavier Raj,Male,32,Sales,Regional Sales Manager,70000,10,Office,4.8,97,3,36,Promoted,No,2015,Nagercoil
E424,Yasmin,Female,24,Finance,Audit Assistant,37000,2,WFH,3.6,81,15,9,Not Promoted,Yes,2023,Kanchipuram
E425,Zahir,Male,26,IT,Mobile App Developer,58000,4,Hybrid,4.4,93,5,25,Promoted,No,2021,Cuddalore
E426,Anagha,Female,31,HR,Employee Relations Specialist,62000,8,Office,4.6,95,4,29,Promoted,No,2017,Nagapattinam
E427,Bharath Kumar,Male,28,Sales,Territory Executive,46000,5,Office,4,88,9,18,Not Promoted,No,2020,Sivakasi
E428,Chaitanya,Female,25,IT,UI Designer,43000,3,Hybrid,3.9,86,11,14,Not Promoted,Yes,2022,Virudhunagar
E429,Deepan,Male,35,Finance,Finance Manager,76000,12,Office,4.9,98,2,39,Promoted,No,2013,Namakkal
E430,Esther Mary,Female,27,HR,HR Analyst,48000,4,Hybrid,4.1,89,8,17,Promoted,No,2021,Dharmapuri
E431,Farhan,Male,30,IT,DevOps Engineer,64000,7,Office,4.7,96,4,30,Promoted,No,2018,Krishnagiri
E432,Gayu,Female,23,Sales,Sales Associate,33000,1,WFH,3.4,79,17,8,Not Promoted,Yes,2024,Villupuram
E433,Hariharan,Male,29,Finance,Cost Accountant,54000,6,Hybrid,4.3,92,6,22,Promoted,No,2019,Pudukkottai
E434,Indhumathi,Female,26,IT,Software Tester,45000,4,Office,4,87,10,16,Not Promoted,No,2021,Ramanathapuram
E435,Jabez,Male,33,HR,Senior Recruiter,66000,9,Office,4.8,97,3,34,Promoted,No,2016,Ariyalur
E436,Keerthika,Female,24,Finance,Accounts Intern,34000,2,WFH,3.5,80,16,9,Not Promoted,Yes,2023,Perambalur
E437,Lokith,Male,28,IT,Network Engineer,57000,5,Hybrid,4.4,93,5,24,Promoted,No,2020,Nilgiris
E438,Madhuri,Female,31,Sales,Business Development Manager,61000,8,Office,4.6,95,4,29,Promoted,No,2017,Pollachi
E439,Naveed,Male,25,HR,Payroll Executive,41000,3,Office,3.8,84,12,12,Not Promoted,No,2022,Kumbakonam
E440,Oormila,Female,30,IT,System Analyst,59000,7,Hybrid,4.5,94,4,27,Promoted,No,2018,Mayiladuthurai
E441,Prithvi,Male,34,Finance,Audit Manager,73000,11,Office,4.9,99,2,37,Promoted,No,2014,Tenkasi
E442,Qudsia,Female,23,Sales,Telecaller Executive,32000,1,WFH,3.3,76,18,7,Not Promoted,Yes,2024,Rajapalayam
E443,Ruban,Male,27,IT,Backend Engineer,61000,5,Hybrid,4.6,95,4,28,Promoted,No,2020,Avadi
E444,Sahana,Female,29,HR,HR Consultant,55000,6,Office,4.3,91,6,23,Promoted,No,2019,Tambaram
E445,Tamilselvan,Male,32,Finance,Senior Financial Analyst,69000,9,Hybrid,4.8,98,3,35,Promoted,No,2016,Ambattur
E446,Usharani,Female,24,IT,Graphic Designer,38000,2,WFH,3.7,82,14,10,Not Promoted,Yes,2023,Pallavaram
E447,Varun Raj,Male,28,Sales,Product Executive,47000,5,Office,4.1,89,8,18,Promoted,No,2020,Guduvanchery
E448,Wincy Maria,Female,31,HR,Training Coordinator,60000,8,Hybrid,4.5,94,5,30,Promoted,No,2017,Mettur
E449,Yoganand,Male,26,IT,Java Full Stack Developer,62000,5,Hybrid,4.7,96,4,29,Promoted,No,2021,Ranipet
E450,Zulekha,Female,27,Finance,Finance Executive,51000,5,Office,4.2,90,7,21,Promoted,No,2020,Walajapet
E451,Elakshi,Male,24,Sales,Sales Executive,75207,4,Office,4.3,93,16,14,Promoted,Yes,2015,Arakkonam
E452,Gokul,Male,30,IT,QA Engineer,51189,12,WFH,3.4,88,16,37,Promoted,Yes,2021,Chidambaram
E453,Yashvi,Male,36,Sales,Business Development Executive,81824,6,Hybrid,3.9,87,11,16,Promoted,No,2014,Panruti
E454,Vedika,Male,32,IT,QA Engineer,64337,7,WFH,4.4,79,4,10,Promoted,Yes,2013,Neyveli
E455,Arhaan,Female,32,IT,Software Developer,47641,4,Hybrid,4.4,88,3,33,Not Promoted,Yes,2015,Paramakudi
E456,Mishti,Male,35,Sales,Sales Executive,56187,3,Hybrid,3.7,79,15,38,Promoted,No,2024,Karaikudi
E457,Vivaan,Male,29,IT,QA Engineer,65828,9,Hybrid,3.5,93,17,33,Not Promoted,,2016,Oddanchatram
E458,Farhan,Male,24,Sales,Business Development Executive,48469,4,,3.9,87,7,40,Not Promoted,No,2014,Palani
E459,Jivika,Male,36,HR,Training Coordinator,52451,,Hybrid,4,82,8,22,Not Promoted,Yes,2019,Udumalpet
E460,Pranay,Male,24,IT,Software Developer,80912,2,WFH,4.6,90,13,25,Not Promoted,No,2022,Chennai
E461,Myra,Male,27,IT,Data Analyst,49919,13,Hybrid,4.5,84,10,38,Promoted,No,2014,Coimbatore
E462,Vaibhav,Female,35,IT,Cloud Engineer,32062,2,,4.8,87,11,6,Promoted,No,2014,Madurai
E463,Hridaan,Male,30,IT,Software Developer,72907,8,,4.6,80,1,8,Not Promoted,Yes,2021,Trichy
E464,Ela,Male,26,Sales,Marketing Executive,35947,5,Hybrid,4,86,13,38,Not Promoted,Yes,2018,Salem
E465,Miraan,Male,30,IT,DevOps Engineer,44674,14,Hybrid,3.6,77,17,11,Promoted,Yes,2022,Tirunelveli
E466,Shray,Male,35,Sales,Business Development Executive,61213,10,WFH,3.7,77,12,9,Not Promoted,Yes,2021,Erode
E467,Vedika,Female,26,Finance,Tax Analyst,39235,14,WFH,4.7,89,1,40,,No,2012,Vellore
E468,Biju,Female,27,HR,Training Coordinator,55073,8,Hybrid,4.5,77,15,39,Not Promoted,No,2016,Thanjavur
E469,Shalv,Male,23,HR,HR Executive,65304,10,Office,3.3,80,1,14,Not Promoted,No,2020,Hosur
E470,Emir,Male,33,HR,HR Analyst,67078,5,Office,4.6,95,16,36,Not Promoted,No,2023,Tiruppur
E471,Zeeshan,Female,32,IT,DevOps Engineer,,12,Office,4.1,93,10,10,Promoted,Yes,2017,Thoothukudi
E472,Ojas,Male,25,IT,Data Analyst,71063,8,Office,3.6,89,9,34,Not Promoted,,2024,Dindigul
E473,Taran,Female,27,Finance,Finance Executive,62532,10,,4.1,78,18,9,Not Promoted,No,2023,Karur
E474,Emir,Female,36,Finance,Auditor,65171,4,Hybrid,4.6,93,3,29,Promoted,No,2017,Nagercoil
E475,Zain,Female,33,HR,HR Analyst,58079,11,Hybrid,4.6,96,16,32,Not Promoted,No,2015,Kanchipuram
E476,Akarsh,Male,29,Sales,Business Development Executive,64533,3,WFH,3.4,82,5,39,Not Promoted,Yes,2013,Cuddalore
E477,Reyansh,Female,,Finance,Tax Analyst,49636,6,WFH,4,96,8,30,Not Promoted,No,,Nagapattinam
E478,Kiaan,Female,27,IT,Software Developer,67671,11,WFH,3.7,97,5,,Promoted,Yes,2024,Sivakasi
E479,Ishita,Male,24,Sales,Business Development Executive,76596,,Hybrid,5,94,4,37,Promoted,Yes,2012,Virudhunagar
E480,Manjari,Male,33,Sales,Marketing Executive,75276,6,WFH,4.9,76,5,20,Not Promoted,Yes,2016,Namakkal
E481,Kimaya,Female,27,Finance,Tax Analyst,51235,14,Hybrid,3.6,83,4,,Promoted,No,2024,Dharmapuri
E482,Jayesh,Female,30,IT,QA Engineer,47475,9,Hybrid,4.8,90,6,30,Not Promoted,No,2012,Krishnagiri
E483,Aarush,Male,36,Finance,Accountant,67164,12,WFH,4.2,91,14,29,Not Promoted,Yes,2016,Villupuram
E484,Azad,Female,28,HR,HR Analyst,67929,10,Office,4.4,81,7,37,Not Promoted,Yes,2021,Pudukkottai
E485,Urvi,Female,34,IT,UI Designer,57525,13,WFH,3.8,89,2,17,Promoted,No,2013,Ramanathapuram
E486,Urvi,Female,29,Sales,Sales Coordinator,70721,7,Office,3.6,92,11,16,Promoted,No,2024,Ariyalur
E487,Rhea,Male,23,IT,QA Engineer,69021,5,Office,4.7,78,12,40,Promoted,No,2012,Perambalur
E488,Ojas,Female,27,Sales,Sales Coordinator,63814,8,Hybrid,4.7,90,6,14,Promoted,No,2018,Nilgiris
E489,Keya,Female,34,HR,Recruiter,43447,14,WFH,4.3,95,2,7,Not Promoted,No,2023,Pollachi
E490,Lavanya,Male,28,Sales,Sales Coordinator,35946,8,Office,4.5,99,18,7,Not Promoted,Yes,2019,Kumbakonam
E491,Shamik,Female,32,HR,Training Coordinator,62314,6,WFH,4.7,97,8,14,Not Promoted,Yes,2015,Mayiladuthurai
E492,Farhan,Male,32,HR,HR Analyst,52251,10,,4.5,89,16,31,Not Promoted,No,2012,Tenkasi
E493,Tejas,Female,33,HR,Training Coordinator,42867,10,WFH,4.3,90,4,36,Promoted,No,2023,Rajapalayam
E494,Nehmat,Male,23,HR,HR Executive,59980,4,WFH,4.8,86,5,24,Not Promoted,No,2021,Avadi
E495,Kavya,Female,32,Sales,Sales Coordinator,36277,11,WFH,3.4,76,5,32,Not Promoted,No,2018,Tambaram
E496,Taimur,Female,28,HR,HR Analyst,50955,6,Office,3.6,93,10,7,Promoted,No,2018,Ambattur
E497,Saksham,Female,33,Finance,Finance Executive,79850,9,,4.8,97,4,16,Promoted,No,2023,Pallavaram
E498,Anay,Female,33,HR,HR Analyst,79669,13,Office,4.6,81,4,,Promoted,Yes,2016,Guduvanchery
E499,Manikya,Male,32,IT,UI Designer,39441,14,Office,4,79,17,34,Promoted,No,2021,Mettur
E500,Urvi,Female,28,IT,Cloud Engineer,61808,6,Office,4.9,77,3,39,Promoted,No,2024,Ranipet
E501,Nirvi,Female,34,Finance,Financial Analyst,69557,9,Office,3.4,77,15,,Not Promoted,No,2016,Walajapet
E502,Nishith,Female,25,IT,UI Designer,,3,WFH,4.6,97,18,32,Not Promoted,Yes,2021,Arakkonam
E503,Neysa,Male,29,IT,DevOps Engineer,51840,5,,3.8,91,13,14,Promoted,No,2024,Chidambaram
E504,Kavya,Male,31,Finance,Accountant,57953,6,Office,4.2,84,15,19,Not Promoted,No,2015,Panruti
E505,Hrishita,Male,28,,HR Analyst,35581,13,Hybrid,5,93,8,30,Promoted,Yes,2012,Neyveli
E506,Neysa,Female,32,IT,Cloud Engineer,63616,,Hybrid,4.5,91,3,31,Not Promoted,No,2021,Paramakudi
E507,Dhruv,Male,26,HR,Recruiter,75957,12,Office,4.5,94,,31,Promoted,Yes,2012,Karaikudi
E508,Rania,Female,36,HR,Recruiter,69481,14,Hybrid,3.7,82,15,6,Promoted,No,2015,Oddanchatram
E509,Mishti,Male,34,Sales,Sales Coordinator,62998,6,Office,3.8,80,5,24,Promoted,No,2016,Palani
E510,Yuvraj ,Male,23,Finance,Accountant,80984,10,Hybrid,3.8,99,17,39,Promoted,Yes,2014,Udumalpet
E511,Uthkarsh,Male,32,IT,Cloud Engineer,57634,2,Hybrid,3.6,91,10,11,Promoted,No,2022,Chennai
E512,Saira,Male,29,HR,,47884,8,WFH,3.3,92,5,15,Not Promoted,Yes,2012,Coimbatore
E513,Ojas,Male,33,Finance,Accountant,45179,13,Hybrid,3.4,91,10,31,Not Promoted,No,2019,Madurai
E514,Diya,Male,31,IT,Software Developer,69621,3,Office,4.4,90,5,22,Not Promoted,No,2023,Trichy
E515,Dishani,Female,24,IT,Data Analyst,66225,1,Office,3.5,93,17,16,Not Promoted,No,2024,Salem
E516,Bhavin,Female,33,Sales,Sales Coordinator,63304,7,WFH,3.7,79,10,36,Not Promoted,No,2014,Tirunelveli
E517,Stuvan,Female,24,Sales,,52875,10,WFH,4.3,88,17,28,Promoted,Yes,2015,Erode
E518,Anahi,Female,33,HR,Payroll Executive,35685,10,Hybrid,3.8,94,5,27,Promoted,Yes,2017,Vellore
E519,Hunar,Female,28,HR,Payroll Executive,62092,6,WFH,4.3,97,10,38,Promoted,No,2021,Thanjavur
E520,Navya,Male,26,IT,Software Developer,53704,9,WFH,4.3,84,15,,Promoted,No,2017,Hosur
E521,Adira,Male,23,Sales,Marketing Executive,66844,7,Hybrid,5,95,6,34,,Yes,2022,Tiruppur
E522,Manjari,Male,26,IT,UI Designer,50057,7,WFH,4.7,94,16,17,Not Promoted,No,2015,Thoothukudi
E523,Ranbir,Female,32,Sales,Sales Executive,73797,12,Office,3.8,95,12,19,Not Promoted,Yes,2013,Dindigul
E524,Amira,Male,30,IT,QA Engineer,32362,2,Office,4.4,88,12,29,,No,2022,Karur
E525,Prisha,Female,26,Sales,Sales Executive,43899,4,Office,4,79,6,34,Not Promoted,Yes,2014,Nagercoil
E526,Aarav,Male,29,Sales,Sales Coordinator,72664,,WFH,4.2,91,4,15,Not Promoted,Yes,2016,Kanchipuram
E527,Rhea,Male,33,Finance,Auditor,73312,6,Office,4.5,76,3,16,Not Promoted,No,2018,Cuddalore
E528,Miraan,Female,35,Finance,Accountant,38002,6,Office,3.3,76,9,28,,No,2023,Nagapattinam
E529,Piya,Male,,HR,HR Analyst,50740,3,Office,3.4,97,12,38,Promoted,No,2015,Sivakasi
E530,Purab,Male,31,IT,UI Designer,35333,9,Hybrid,4.9,77,11,31,Promoted,No,2018,Virudhunagar
E531,Yashvi,Male,27,HR,HR Executive,61476,8,WFH,4.4,97,6,28,Promoted,No,2016,Namakkal
E532,Vidur,Female,24,IT,UI Designer,52778,11,WFH,3.9,89,6,34,Not Promoted,No,2020,Dharmapuri
E533,Zara,Female,34,Finance,Financial Analyst,53720,9,WFH,3.6,82,14,35,Promoted,No,2015,Krishnagiri
E534,Lagan,Male,29,IT,Software Developer,66857,11,Hybrid,4.2,97,17,,Promoted,No,2021,Villupuram
E535,Hansh,Female,25,Sales,Sales Executive,56832,5,WFH,4.5,95,10,25,Not Promoted,Yes,2019,Pudukkottai
E536,Parinaaz,Male,36,IT,Data Analyst,43545,9,WFH,4.7,78,1,19,Not Promoted,Yes,2015,Ramanathapuram
E537,Manikya,Male,30,Sales,Marketing Executive,59228,8,Office,4.2,79,6,6,Not Promoted,Yes,2019,Ariyalur
E538,Renee,Male,25,IT,UI Designer,63935,2,Hybrid,4.2,97,9,12,Not Promoted,No,2012,Perambalur
E539,Darshit,Male,25,IT,QA Engineer,36064,6,Office,4.1,88,7,26,Not Promoted,Yes,2018,Nilgiris
E540,Anay,Female,31,Finance,Financial Analyst,,13,Hybrid,3.6,93,11,18,Not Promoted,Yes,2020,Pollachi
E541,Vidur,Female,35,Finance,Tax Analyst,37954,3,Hybrid,4.6,84,2,23,Promoted,Yes,2022,Kumbakonam
E542,Miraya,Female,34,IT,Data Analyst,75332,2,Office,4.8,86,6,33,Promoted,No,2021,Mayiladuthurai
E543,Hiran,Male,33,HR,HR Executive,43005,14,Office,4.8,97,3,35,Not Promoted,No,2022,Tenkasi
E544,Aaryahi,Female,29,IT,QA Engineer,57101,4,Office,3.6,95,18,37,Promoted,No,2018,Rajapalayam
E545,Suhana,Male,36,Finance,Accountant,79339,7,Hybrid,4.1,95,16,23,Not Promoted,No,2024,Avadi
E546,Riya,Male,25,HR,HR Executive,67759,3,Hybrid,3.5,92,3,18,Not Promoted,Yes,2013,Tambaram
E547,Lagan,Male,25,HR,Recruiter,77697,12,,4.5,83,8,14,Not Promoted,No,2013,Ambattur
E548,Mannat,Female,32,Sales,Sales Executive,46071,14,Hybrid,3.8,97,2,15,Not Promoted,No,2024,Pallavaram
E549,Akarsh,Male,26,HR,Payroll Executive,56185,8,Office,4.5,85,10,9,Promoted,Yes,2020,Guduvanchery
E550,Chirag,Female,32,Sales,Sales Executive,37952,5,Office,4.1,99,3,37,Not Promoted,No,2014,Mettur
E551,Onkar,Male,36,HR,Payroll Executive,80198,3,Hybrid,4.7,85,15,40,Not Promoted,Yes,2024,Ranipet
E552,Jhanvi,Female,31,IT,Software Developer,76043,3,WFH,3.9,82,2,32,Not Promoted,No,2022,Walajapet
E553,Bhamini,Female,23,HR,Training Coordinator,76044,3,WFH,4.9,98,2,33,Promoted,Yes,2012,Arakkonam
E554,Aarav,Male,32,Sales,Marketing Executive,60484,1,WFH,4.8,78,13,24,Not Promoted,No,2020,Chidambaram
E555,Ranbir,Male,35,Finance,Auditor,60257,10,WFH,3.3,80,2,13,Not Promoted,Yes,2015,Panruti
E556,Aarna,Female,24,Finance,Tax Analyst,40351,10,Hybrid,4.1,78,8,18,Promoted,Yes,2022,Neyveli
E557,Shray,Male,32,HR,Training Coordinator,81044,,Hybrid,4,98,2,13,Not Promoted,Yes,2012,Paramakudi
E558,Neysa,Male,27,HR,Recruiter,81526,2,WFH,4.5,80,7,33,Promoted,Yes,2015,Karaikudi
E559,Lakshay,Male,29,Sales,Sales Coordinator,56156,12,Office,3.9,93,4,36,Not Promoted,No,2014,Oddanchatram
E560,Ojas,Female,24,HR,Recruiter,45483,5,WFH,3.7,88,9,14,Not Promoted,,2021,Palani
E561,Adira,Female,34,Sales,Marketing Executive,52392,14,WFH,,99,10,25,Promoted,Yes,2013,Udumalpet
E562,Oorja,Male,25,IT,DevOps Engineer,45903,7,WFH,4,97,6,23,Promoted,,2013,Chennai
E563,Vanya,Female,33,Finance,Accountant,75846,7,Office,3.7,92,13,22,Not Promoted,No,2022,Coimbatore
E564,Hrishita,Female,25,HR,HR Analyst,61967,13,Office,4.5,87,12,30,Not Promoted,No,2013,Madurai
E565,Aniruddh,Male,27,IT,QA Engineer,61047,12,Office,4.6,81,4,17,Not Promoted,Yes,2016,Trichy
E566,Rati,Female,27,Finance,Tax Analyst,37922,13,Office,3.4,92,8,34,Not Promoted,No,2017,Salem
E567,Tushar,Female,24,Sales,Sales Coordinator,75194,7,WFH,4.6,79,4,25,Promoted,Yes,,Tirunelveli
E568,Pranay,Male,29,Sales,Marketing Executive,34352,14,Office,4.1,92,2,10,Promoted,Yes,2014,Erode
E569,Kavya,Male,34,Finance,Auditor,70272,7,Office,4.2,79,14,8,Not Promoted,Yes,2013,Vellore
E570,Hridaan,Female,36,HR,HR Analyst,75911,4,WFH,3.4,80,9,36,Promoted,Yes,2020,Thanjavur
E571,Zeeshan,Male,36,Sales,Sales Coordinator,62607,13,WFH,3.9,95,17,,Promoted,No,2013,Hosur
E572,Adira,Male,34,HR,Payroll Executive,67257,11,Office,3.5,79,4,18,Not Promoted,No,2024,Tiruppur
E573,Vedika,Male,31,Sales,Business Development Executive,44783,6,Office,3.8,77,4,39,Promoted,No,,Thoothukudi
E574,Jhanvi,Male,34,HR,Recruiter,37124,2,Hybrid,4.7,84,13,8,Promoted,Yes,2020,Dindigul
E575,Vardaniya,Female,26,Finance,Financial Analyst,75636,10,Office,3.9,80,5,8,Not Promoted,No,2016,Karur
E576,Sana,Female,35,Sales,Sales Coordinator,77291,3,Office,4.2,93,9,19,Promoted,No,2012,Nagercoil
E577,Ranbir,Female,32,IT,Cloud Engineer,42484,10,Hybrid,4.3,79,7,11,Promoted,Yes,2017,Kanchipuram
E578,Kiaan,Male,27,IT,DevOps Engineer,53076,9,Hybrid,4.1,89,12,19,Not Promoted,No,2021,Cuddalore
E579,Umang,Female,34,HR,HR Analyst,71819,14,Hybrid,3.4,91,2,25,Not Promoted,No,2014,Nagapattinam
E580,Tiya,Male,30,HR,HR Analyst,60934,11,Office,4.9,83,17,14,Promoted,No,2023,Sivakasi
E581,Saksham,Female,24,Finance,Accountant,62686,7,WFH,3.4,76,3,16,Not Promoted,Yes,2016,Virudhunagar
E582,Vihaan,Female,33,IT,DevOps Engineer,46820,3,WFH,4.7,77,12,38,Not Promoted,Yes,2024,Namakkal
E583,Riaan,Female,25,IT,DevOps Engineer,76474,1,Office,4.7,87,12,40,Not Promoted,Yes,2021,Dharmapuri
E584,Jhanvi,Female,27,HR,Payroll Executive,38398,11,Office,4,78,9,14,Not Promoted,Yes,2014,Krishnagiri
E585,Ivana,Male,27,Sales,Business Development Executive,64929,6,Office,4.8,78,17,27,Promoted,Yes,2017,Villupuram
E586,Baiju,Male,23,HR,HR Analyst,50381,,WFH,4.1,92,2,15,Promoted,Yes,2022,Pudukkottai
E587,Alia,Female,24,Finance,Tax Analyst,56980,1,WFH,4.4,84,3,15,Not Promoted,No,2017,Ramanathapuram
E588,Miraan,Female,26,Sales,Business Development Executive,65895,12,Office,4.6,89,4,36,Not Promoted,Yes,2013,Ariyalur
E589,Prisha,Female,29,Sales,Sales Coordinator,71130,12,Office,3.5,76,4,9,Not Promoted,No,,Perambalur
E590,Shamik,Male,36,IT,QA Engineer,68904,10,WFH,4.4,83,1,8,Promoted,No,2023,Nilgiris
E591,Rohan,Male,25,HR,Training Coordinator,48318,12,Office,4.6,90,3,13,Promoted,No,2013,Pollachi
E592,Rati,Female,28,Sales,Sales Executive,78604,10,Office,4.9,90,5,9,Promoted,Yes,2018,Kumbakonam
E593,Drishya,Male,32,Finance,Financial Analyst,57457,8,,4.9,94,12,39,Not Promoted,Yes,2019,Mayiladuthurai
E594,Ivan,Male,28,IT,Software Developer,50683,8,WFH,4.7,89,16,25,Promoted,No,2015,Tenkasi
E595,Prisha,Male,33,HR,HR Executive,58493,10,Office,3.9,84,14,36,Promoted,Yes,2013,Rajapalayam
E596,Jayesh,Female,23,IT,DevOps Engineer,48305,9,Hybrid,3.9,91,16,26,Not Promoted,Yes,2016,Avadi
E597,Nitara,Male,35,IT,Data Analyst,43943,1,WFH,4.8,98,14,18,Not Promoted,Yes,2022,Tambaram
E598,Rati,Female,27,HR,Recruiter,32508,11,Office,3.4,94,16,6,Promoted,,2018,Ambattur
E599,Aniruddh,Male,32,HR,Payroll Executive,42820,7,Office,4.5,78,8,24,Promoted,No,2012,Pallavaram
E600,Ela,Male,36,HR,HR Executive,79345,12,Office,3.8,88,18,13,Not Promoted,Yes,2018,Guduvanchery
E601,Sara,Male,25,Finance,Accountant,70138,5,WFH,3.6,80,17,33,,No,2014,Mettur
E602,Vaibhav,Male,30,Sales,Sales Coordinator,34421,11,WFH,4,78,14,9,Promoted,No,2024,Ranipet
E603,Aaryahi,Female,23,HR,Payroll Executive,47651,14,WFH,4.9,81,4,27,Not Promoted,No,2015,Walajapet
E604,Baiju,Male,26,Sales,,49504,1,Hybrid,3.5,98,13,15,Not Promoted,No,2023,Arakkonam
E605,Saira,Female,30,,Auditor,78878,12,Hybrid,4.2,94,8,37,Not Promoted,Yes,2021,Chidambaram
E606,Uthkarsh,Male,24,HR,HR Analyst,33051,9,WFH,3.4,81,11,26,Promoted,No,2018,Panruti
E607,Romil,Male,31,IT,Cloud Engineer,56217,9,WFH,3.8,85,10,17,Not Promoted,Yes,2012,Neyveli
E608,Azad,Female,34,IT,UI Designer,55882,4,Hybrid,3.4,76,4,8,Not Promoted,No,2023,Paramakudi
E609,Hazel,Male,30,Sales,Marketing Executive,54226,12,,3.3,89,4,18,Not Promoted,Yes,2021,Karaikudi
E610,Ranbir,Male,32,Finance,Financial Analyst,72476,14,Office,3.4,84,16,34,Not Promoted,No,,Oddanchatram
E611,Pranay,Male,32,Finance,Financial Analyst,47501,10,Hybrid,4.3,84,10,17,Not Promoted,Yes,2013,Palani
E612,Ehsaan,Male,36,IT,Data Analyst,45705,14,WFH,4.1,88,13,28,Promoted,,2024,Udumalpet
E613,Eva,Male,23,Finance,Auditor,48173,11,Office,4.9,91,11,36,Not Promoted,No,2012,Chennai
E614,Taimur,Male,24,Finance,Financial Analyst,37423,11,Hybrid,5,95,9,26,Not Promoted,No,2019,Coimbatore
E615,Vanya,Female,29,Finance,Financial Analyst,59934,8,WFH,3.6,87,14,28,Promoted,No,2024,Madurai
E616,Taimur,Male,33,HR,Recruiter,57498,7,WFH,3.7,85,8,28,Not Promoted,Yes,,Trichy
E617,Anvi,Female,27,HR,Payroll Executive,37106,2,Hybrid,3.3,91,15,36,Promoted,Yes,2023,Salem
E618,Suhana,Male,,Sales,Sales Executive,71404,1,Hybrid,4.9,87,,7,Promoted,Yes,2012,Tirunelveli
E619,Rania,Male,24,Sales,Sales Coordinator,58780,10,Office,4.4,86,9,21,Not Promoted,Yes,2021,Erode
E620,Samar,Male,27,Sales,Sales Coordinator,72082,14,Office,3.7,76,,8,Promoted,Yes,2012,Vellore
E621,Saira,Female,23,Finance,Tax Analyst,47787,1,Office,3.4,,8,22,Not Promoted,Yes,2021,Thanjavur
E622,Kabir,Male,36,IT,Software Developer,43505,1,Office,3.4,92,13,27,Promoted,No,2020,Hosur
E623,Nishith,Female,35,Finance,Finance Executive,47119,10,Office,3.6,86,14,37,Not Promoted,Yes,2012,Tiruppur
E624,Shayak,Male,29,Finance,Auditor,38259,5,Hybrid,4.3,94,1,34,Not Promoted,No,2021,Thoothukudi
E625,Prerak,Male,26,HR,Training Coordinator,33519,2,WFH,,76,6,16,Promoted,Yes,2023,Dindigul
E626,Samar,Male,34,Sales,Business Development Executive,44923,8,Office,3.5,79,11,31,Not Promoted,Yes,2012,Karur
E627,Ranbir,Female,31,Sales,Marketing Executive,67992,5,Hybrid,3.8,95,8,12,Not Promoted,No,2017,Nagercoil
E628,Umang,Female,36,HR,HR Executive,49436,7,Hybrid,3.7,93,4,37,Not Promoted,Yes,2019,Kanchipuram
E629,Hiran,Male,35,IT,Cloud Engineer,37887,10,Hybrid,3.4,76,11,13,Not Promoted,Yes,2019,Cuddalore
E630,Misha,Female,35,IT,Software Developer,75788,14,Hybrid,4.5,94,17,,Not Promoted,No,2021,Nagapattinam
E631,Damini,Male,34,IT,DevOps Engineer,79169,6,WFH,3.3,84,11,11,Not Promoted,Yes,2018,Sivakasi
E632,Anvi,Male,33,Finance,Accountant,48114,14,Office,4.4,95,3,17,Not Promoted,Yes,2020,Virudhunagar
E633,Shalv,Male,31,Finance,Finance Executive,55126,11,Office,3.7,81,6,30,Promoted,No,2018,Namakkal
E634,Priyansh,Male,26,HR,HR Analyst,35512,11,Hybrid,3.3,81,17,12,Promoted,Yes,2019,Dharmapuri
E635,Divyansh,Male,27,Sales,Sales Coordinator,42892,11,Office,3.4,89,6,11,Not Promoted,,2022,Krishnagiri
E636,Yuvaan,Male,,HR,HR Executive,33058,9,Office,4.7,89,6,25,Not Promoted,Yes,2018,Villupuram
E637,Misha,Male,24,Finance,Accountant,80863,2,Office,3.5,84,13,39,Not Promoted,No,2013,Pudukkottai
E638,Lagan,Male,36,IT,UI Designer,61193,8,Office,3.4,94,13,7,Promoted,No,2018,Ramanathapuram
E639,Ryan,Female,27,Sales,Sales Executive,70560,3,WFH,4.5,98,4,9,Promoted,Yes,2015,Ariyalur
E640,Sara,Male,34,IT,Software Developer,76161,5,WFH,4.5,92,12,20,Not Promoted,No,2017,Perambalur
E641,Drishya,Male,35,Sales,Sales Executive,48784,6,WFH,4.1,96,7,10,Promoted,Yes,2024,Nilgiris
E642,Mohanlal,Female,25,IT,Software Developer,72835,12,Hybrid,4.5,92,,24,Promoted,Yes,2018,Pollachi
E643,Nehmat,Female,35,Finance,Finance Executive,53824,6,WFH,4.3,96,10,33,Promoted,Yes,2024,Kumbakonam
E644,Mishti,Male,31,HR,,38778,7,Office,4.9,88,7,8,Not Promoted,No,2017,Mayiladuthurai
E645,Yuvraj ,Female,28,HR,Training Coordinator,43357,3,Office,4.6,,10,26,Promoted,No,2024,Tenkasi
E646,Nitya,Male,28,IT,QA Engineer,33463,5,WFH,3.9,82,16,7,Not Promoted,Yes,2013,Rajapalayam
E647,Dhruv,Male,32,HR,HR Analyst,44534,4,WFH,4,76,2,25,Not Promoted,Yes,2017,Avadi
E648,Shamik,Male,29,Finance,Tax Analyst,67688,6,Office,4.4,81,10,25,Not Promoted,Yes,2015,Tambaram
E649,Tara,Female,33,HR,Training Coordinator,45538,12,WFH,3.6,95,1,13,Not Promoted,No,2021,Ambattur
E650,Mohanlal,Male,24,HR,Payroll Executive,71789,2,WFH,4.8,96,4,16,Promoted,No,2018,Pallavaram
E651,Priyansh,Female,28,Finance,Financial Analyst,71133,9,Hybrid,3.6,86,1,7,Not Promoted,No,2020,Guduvanchery
E652,Sumer,Female,29,Sales,Marketing Executive,77571,7,WFH,4,97,4,25,Promoted,Yes,2020,Mettur
E653,Jivika,Male,31,HR,HR Executive,42476,6,Hybrid,4,78,9,31,Not Promoted,No,2017,Ranipet
E654,Faiyaz,Female,35,Finance,Accountant,37467,1,WFH,3.6,91,6,36,Not Promoted,No,2019,Walajapet
E655,Nitya,Female,26,HR,Training Coordinator,55386,3,Office,4.8,76,,31,Not Promoted,No,2013,Arakkonam
E656,Saksham,Female,29,IT,DevOps Engineer,76846,1,WFH,4.6,77,6,8,Promoted,No,2020,Chidambaram
E657,Nirvaan,Male,28,Sales,Business Development Executive,59904,2,Hybrid,3.3,91,3,12,Promoted,No,2019,Panruti
E658,Amani,Female,27,Finance,Auditor,74493,2,Office,3.5,93,4,26,Promoted,No,2022,Neyveli
E659,Gokul,Female,32,Finance,Tax Analyst,67542,4,Office,3.7,81,1,22,Not Promoted,Yes,2020,Paramakudi
E660,Renee,Female,27,HR,Recruiter,42825,8,Office,3.6,76,13,22,Not Promoted,,2013,Karaikudi
E661,Aniruddh,Female,34,Sales,Business Development Executive,,14,WFH,4.7,86,18,22,Not Promoted,Yes,2012,Oddanchatram
E662,Shlok,Male,,HR,HR Executive,46767,7,Hybrid,3.7,93,8,36,Not Promoted,No,2024,Palani
E663,Damini,Female,32,Finance,Accountant,70784,9,Hybrid,4.2,95,15,16,Not Promoted,Yes,2016,Udumalpet
E664,Manjari,Male,36,Sales,Sales Coordinator,47641,6,Office,5,99,3,25,Promoted,Yes,2014,Chennai
E665,Nakul,Female,30,HR,Training Coordinator,37409,11,Hybrid,4.9,81,1,15,Promoted,Yes,2012,Coimbatore
E666,Advika,Female,32,HR,HR Executive,37365,10,Hybrid,4.9,,8,32,Not Promoted,Yes,2022,Madurai
E667,Anya,Male,23,HR,Payroll Executive,66146,13,WFH,3.6,97,11,39,Promoted,No,2022,Trichy
E668,Tiya,Female,33,Finance,Accountant,38274,13,Office,3.9,86,10,24,Promoted,Yes,2016,Salem
E669,Sara,Male,32,HR,Training Coordinator,54015,6,WFH,3.5,95,11,19,,No,2024,Tirunelveli
E670,Shalv,Male,29,Sales,Sales Executive,80202,4,Hybrid,4.2,84,2,28,Promoted,No,2018,Erode
E671,Samiha,Male,34,Sales,Sales Executive,68795,,Office,4.6,79,15,10,Not Promoted,No,2019,Vellore
E672,Aarush,Female,32,Sales,Sales Executive,62925,3,WFH,3.3,86,9,31,Not Promoted,Yes,2019,Thanjavur
E673,Anay,Female,27,Sales,Business Development Executive,60210,14,Hybrid,4.8,93,1,20,Promoted,No,2018,Hosur
E674,Vritika,Male,26,IT,Data Analyst,33187,12,Hybrid,3.7,90,5,34,Not Promoted,No,2015,Tiruppur
E675,Anay,Male,36,HR,Recruiter,71696,2,Office,4.3,87,11,28,Promoted,No,2022,Thoothukudi
E676,Divij,Female,29,Sales,Business Development Executive,64559,9,Office,4.7,88,1,39,Not Promoted,No,2019,Dindigul
E677,Ritvik,Female,25,HR,HR Executive,43522,6,Hybrid,4.3,91,10,22,Promoted,Yes,2022,Karur
E678,Renee,Female,35,HR,HR Analyst,67535,11,Hybrid,4.9,,8,7,Promoted,Yes,2021,Nagercoil
E679,Ivan,Male,31,IT,Software Developer,68333,5,Hybrid,5,92,2,8,Not Promoted,No,2016,Kanchipuram
E680,Indranil,Female,36,IT,UI Designer,79808,13,Office,4.9,96,4,23,Promoted,No,2016,Cuddalore
E681,Myra,Female,31,Sales,Business Development Executive,80767,1,Office,4,81,7,12,Promoted,Yes,2013,Nagapattinam
E682,Anaya,Male,32,IT,DevOps Engineer,76300,4,Office,4.6,90,7,9,Promoted,No,2012,Sivakasi
E683,Anika,Male,27,Finance,Auditor,40427,3,Hybrid,3.8,82,15,10,Not Promoted,No,2024,Virudhunagar
E684,Vivaan,Female,28,HR,Training Coordinator,35536,8,WFH,3.9,95,14,7,Not Promoted,No,2019,Namakkal
E685,Nitya,Female,28,IT,DevOps Engineer,62406,10,Hybrid,,89,2,14,Not Promoted,No,2020,Dharmapuri
E686,Khushi,Male,35,Finance,Tax Analyst,79734,8,Hybrid,4.5,78,17,23,Not Promoted,Yes,2023,Krishnagiri
E687,Tushar,Male,24,HR,Training Coordinator,,3,Hybrid,4,89,12,27,Promoted,Yes,2021,Villupuram
E688,Manjari,Male,33,Finance,Finance Executive,34270,8,WFH,4.7,85,15,24,,No,2014,Pudukkottai
E689,Tanya,Female,,HR,HR Analyst,80405,3,WFH,4.3,96,10,8,Promoted,Yes,2018,Ramanathapuram
E690,Baiju,Female,31,Finance,Accountant,54429,12,Office,4.1,92,9,35,Promoted,Yes,2022,Ariyalur
E691,Priyansh,Female,35,HR,Training Coordinator,80327,7,Office,4.7,84,12,32,Promoted,Yes,2013,Perambalur
E692,Reyansh,Female,26,IT,UI Designer,44523,10,WFH,3.9,99,15,30,Promoted,No,2023,Nilgiris
E693,Prisha,Female,36,Sales,Business Development Executive,80667,13,Hybrid,3.8,76,9,38,Promoted,Yes,2017,Pollachi
E694,Tara,Male,26,IT,,80826,11,Hybrid,4.2,86,8,25,Promoted,Yes,2016,Kumbakonam
E695,Gatik,Male,28,HR,Recruiter,69297,5,WFH,3.4,93,5,39,,No,,Mayiladuthurai
E696,Faiyaz,Male,34,Finance,Tax Analyst,64349,7,Hybrid,3.8,80,13,8,Not Promoted,Yes,2023,Tenkasi
E697,Samaira,Male,35,IT,Software Developer,42457,14,WFH,3.4,81,13,23,Promoted,No,2024,Rajapalayam
E698,Yasmin,Male,27,IT,DevOps Engineer,75385,14,Hybrid,3.7,87,2,38,Promoted,No,2013,Avadi
E699,Nitara,Male,27,Sales,Sales Coordinator,42047,6,Office,4.5,94,11,15,Promoted,No,2020,Tambaram
E700,Kartik,Female,31,HR,Payroll Executive,42289,13,Office,4.1,98,6,14,Promoted,No,2013,Ambattur
E701,Inaaya ,Male,32,HR,HR Executive,68720,5,Hybrid,3.6,93,15,16,Promoted,No,2019,Pallavaram
E702,Hansh,Female,35,Finance,Tax Analyst,42274,11,Hybrid,4.1,96,13,37,Promoted,Yes,2021,Guduvanchery
E703,Uthkarsh,Female,23,HR,HR Executive,50278,2,Office,5,96,5,17,Promoted,Yes,2012,Mettur
E704,Mohanlal,Female,36,Sales,Sales Executive,77305,12,WFH,4.1,78,9,30,Not Promoted,Yes,2022,Ranipet
E705,Jivika,Female,31,Finance,Financial Analyst,58018,5,WFH,4.8,82,1,37,Promoted,No,2018,Walajapet
E706,Rati,Male,23,Sales,Sales Executive,79359,9,WFH,3.9,88,18,21,Not Promoted,No,2012,Arakkonam
E707,Faiyaz,Female,31,Sales,Business Development Executive,69666,13,WFH,3.5,93,14,26,Not Promoted,,2021,Chidambaram
E708,Gokul,Female,35,HR,HR Analyst,46241,9,Office,3.3,79,6,40,Not Promoted,Yes,2014,Panruti
E709,Indrans,Male,24,Finance,Tax Analyst,61057,6,,,81,16,12,Not Promoted,No,2023,Neyveli
E710,Neysa,Male,,Sales,Marketing Executive,67758,6,WFH,4.5,90,13,22,Promoted,No,2023,Paramakudi
E711,Keya,Male,33,IT,DevOps Engineer,52129,6,WFH,4.3,89,1,17,Not Promoted,Yes,2021,Karaikudi
E712,Arhaan,Female,23,,Marketing Executive,44610,12,Hybrid,3.5,81,16,38,Promoted,Yes,2013,Oddanchatram
E713,Yakshit,Female,24,HR,Recruiter,59466,5,Office,4.7,83,14,15,Promoted,No,2014,Palani
E714,Umang,Female,25,Sales,Marketing Executive,66085,6,Office,4.1,77,9,34,Promoted,No,2022,Udumalpet
E715,Faiyaz,Female,30,IT,Software Developer,33932,9,WFH,3.4,81,15,18,Not Promoted,No,,Chennai
E716,Shlok,Male,27,Finance,Financial Analyst,39387,14,Office,3.8,87,13,,Promoted,No,2016,Coimbatore
E717,Hazel,Female,,Sales,Marketing Executive,40819,13,Office,3.8,97,10,30,Promoted,No,2021,Madurai
E718,Urvi,Female,36,Sales,Sales Coordinator,57078,11,Office,3.8,96,5,10,Promoted,Yes,2016,Trichy
E719,Zara,Male,31,Sales,Sales Coordinator,68996,9,Office,4,78,3,19,Promoted,Yes,2013,Salem
E720,Divij,Male,36,Finance,Tax Analyst,57777,8,,4,91,11,26,Promoted,No,2013,Tirunelveli
E721,Yasmin,Female,26,IT,UI Designer,36323,2,Office,5,76,18,20,Not Promoted,Yes,2014,Erode
E722,Dhanush,Female,34,Finance,Auditor,37212,3,Hybrid,3.4,95,8,12,Promoted,No,2017,Vellore
E723,Ojas,Female,31,IT,Cloud Engineer,56102,10,WFH,3.6,96,4,34,Not Promoted,Yes,,Thanjavur
E724,Ojas,Male,24,IT,Data Analyst,72431,8,Hybrid,4.2,83,10,7,Promoted,Yes,2012,Hosur
E725,Prerak,Female,28,HR,Payroll Executive,61292,10,WFH,4.5,99,2,40,Not Promoted,Yes,2017,Tiruppur
E726,Ivan,Male,31,Sales,Marketing Executive,60885,6,WFH,4.8,76,2,21,Promoted,Yes,2015,Thoothukudi
E727,Raghav,Male,25,Finance,Accountant,77258,,Hybrid,4.2,89,11,37,Promoted,No,2016,Dindigul
E728,Nirvi,Female,31,IT,Data Analyst,81029,13,WFH,4.8,81,2,8,Not Promoted,No,2012,Karur
E729,Shayak,Female,25,Sales,Sales Coordinator,53881,4,WFH,4.5,86,16,40,Not Promoted,Yes,2020,Nagercoil
E730,Manjari,Male,35,Sales,Business Development Executive,62214,5,WFH,4.8,85,9,18,Promoted,Yes,2014,Kanchipuram
E731,Shaan,Female,26,Sales,Sales Executive,49953,5,Hybrid,3.5,84,10,23,Not Promoted,Yes,2022,Cuddalore
E732,Faiyaz,Male,23,Sales,Sales Executive,51458,11,WFH,3.4,86,1,20,Promoted,Yes,2014,Nagapattinam
E733,Mannat,Female,27,Sales,Business Development Executive,56759,9,Hybrid,4,98,6,38,Not Promoted,No,2016,Sivakasi
E734,Dhanush,Female,33,HR,Payroll Executive,62103,8,WFH,4.6,88,11,36,Not Promoted,No,2019,Virudhunagar
E735,Kaira,Male,28,Finance,Financial Analyst,58781,7,WFH,4.9,97,5,39,Promoted,No,2019,Namakkal
E736,Madhup,Male,36,Sales,Business Development Executive,68041,5,WFH,,78,7,17,Not Promoted,Yes,2016,Dharmapuri
E737,Miraan,Female,24,Sales,Sales Executive,43291,14,Office,3.4,77,1,8,Promoted,Yes,2023,Krishnagiri
E738,Indrajit,Male,23,Sales,Sales Executive,44006,13,Hybrid,4,85,15,16,Promoted,Yes,2017,Villupuram
E739,Mishti,Female,30,,Data Analyst,81110,4,Hybrid,4.6,85,3,23,Not Promoted,Yes,2022,Pudukkottai
E740,Shray,Female,35,IT,QA Engineer,76261,14,WFH,4.7,79,6,10,Promoted,No,2022,Ramanathapuram
E741,Indrans,Male,31,IT,Software Developer,68731,11,Office,3.6,93,16,11,,No,2023,Ariyalur
E742,Indrajit,Female,27,Sales,Sales Coordinator,50025,1,WFH,3.4,77,13,26,Promoted,Yes,2013,Perambalur
E743,Suhana,Male,29,Sales,,44431,14,Office,3.7,98,,34,Promoted,No,2012,Nilgiris
E744,Eva,Male,31,IT,DevOps Engineer,42693,5,Hybrid,4.1,82,12,26,Not Promoted,No,2020,Pollachi
E745,Manikya,Female,36,Finance,Financial Analyst,52261,14,Office,3.7,87,18,25,Promoted,Yes,2023,Kumbakonam
E746,Diya,Male,36,IT,Software Developer,74797,6,Office,4.3,91,7,20,Promoted,No,2016,Mayiladuthurai
E747,Ivana,Male,28,IT,Software Developer,55415,10,Office,4.5,98,9,7,Promoted,No,2018,Tenkasi
E748,Riya,Female,24,Sales,Marketing Executive,46207,4,WFH,4.3,99,7,30,Promoted,Yes,2012,Rajapalayam
E749,Mehul,Male,26,HR,Payroll Executive,46268,1,Hybrid,4.5,82,8,22,Promoted,No,2016,Avadi
E750,Umang,Male,35,IT,Data Analyst,75122,10,Hybrid,3.9,84,9,15,Promoted,No,2020,Tambaram
E751,Bhamini,Male,30,HR,Payroll Executive,66338,9,Office,4.6,89,14,26,Promoted,Yes,2013,Ambattur
E752,Indrajit,Male,26,IT,UI Designer,48555,9,Hybrid,4.6,77,8,27,Not Promoted,Yes,2014,Pallavaram
E753,Shlok,Male,35,IT,DevOps Engineer,76215,14,Office,4.9,79,16,37,Not Promoted,No,2023,Guduvanchery
E754,Taimur,Female,24,Finance,Finance Executive,33318,8,Office,3.8,98,7,12,Promoted,Yes,2015,Mettur
E755,Prerak,Male,32,HR,Payroll Executive,57200,5,Hybrid,4.8,91,13,11,Promoted,Yes,2013,Ranipet
E756,Onkar,Male,34,IT,Data Analyst,69112,2,Hybrid,4.5,91,17,13,Not Promoted,No,2013,Walajapet
E757,Ojas,Female,24,Finance,Auditor,54538,14,Hybrid,3.6,88,16,37,Not Promoted,No,2015,Arakkonam
E758,Sana,Male,29,IT,UI Designer,75890,6,WFH,4.3,97,18,25,Promoted,No,2015,Chidambaram
E759,Kaira,Male,35,IT,,45037,6,Office,4.4,82,1,8,Not Promoted,No,2021,Panruti
E760,Kiaan,Male,,Finance,Auditor,53371,12,Hybrid,4.1,94,11,19,Promoted,No,2014,Neyveli
E761,Lagan,Male,32,Finance,Finance Executive,60784,6,Office,3.6,,14,31,Promoted,No,2016,Paramakudi
E762,Prerak,Female,36,HR,Payroll Executive,63155,13,Office,3.9,86,8,23,Promoted,No,2022,Karaikudi
E763,Drishya,Female,32,IT,Software Developer,38615,13,Office,4.8,80,17,16,Promoted,No,2015,Oddanchatram
E764,Sana,Female,24,Finance,Accountant,50778,11,Hybrid,4.3,92,4,15,Promoted,Yes,2014,Palani
E765,Kanav,Female,29,Sales,Sales Coordinator,79868,14,Hybrid,4.1,95,4,26,Promoted,Yes,2014,Udumalpet
E766,Krish,Female,24,IT,QA Engineer,58580,8,WFH,3.3,97,18,6,Not Promoted,No,2022,Chennai
E767,Darshit,Male,24,,Marketing Executive,36565,2,Hybrid,4.1,92,15,32,Promoted,No,2021,Coimbatore
E768,Miraan,Male,30,IT,Software Developer,64005,,Office,4.1,97,17,17,Not Promoted,Yes,2014,Madurai
E769,Ryan,Male,34,Finance,Accountant,43653,1,WFH,4.3,76,3,17,Not Promoted,Yes,2020,Trichy
E770,Ivana,Female,30,,,62059,8,Office,4.8,98,5,12,Promoted,Yes,2024,Salem
E771,Lavanya,Female,24,,DevOps Engineer,60071,4,Office,4.1,99,10,40,Not Promoted,No,2024,Tirunelveli
E772,Onkar,Male,23,Sales,Sales Coordinator,74954,4,Office,5,95,14,30,Promoted,No,2024,Erode
E773,Gokul,Male,26,IT,UI Designer,57998,9,Office,4.4,84,3,39,Promoted,No,2018,Vellore
E774,Kimaya,Male,28,Finance,Finance Executive,58457,2,Office,4.1,78,17,35,Promoted,Yes,2020,Thanjavur
E775,Kabir,Female,29,HR,Recruiter,49879,8,Office,4.4,91,11,10,Promoted,Yes,2017,Hosur
E776,Dishani,Male,24,Finance,Accountant,74427,12,WFH,3.6,86,17,23,Promoted,No,2012,Tiruppur
E777,Aradhya,Male,27,HR,HR Executive,77572,10,WFH,4.1,97,10,37,Not Promoted,No,2015,Thoothukudi
E778,Ojas,Male,36,HR,Recruiter,80408,11,Hybrid,3.9,77,1,17,Promoted,No,,Dindigul
E779,Hunar,Female,27,Finance,Accountant,72865,13,Hybrid,4.9,94,,39,Not Promoted,No,2013,Karur
E780,Azad,Female,36,Sales,Business Development Executive,81988,3,WFH,4.8,83,7,27,Not Promoted,Yes,2022,Nagercoil
E781,Ritvik,Female,29,Finance,Auditor,34582,5,Office,3.6,84,16,19,Promoted,Yes,2019,Kanchipuram
E782,Ehsaan,Male,35,Sales,Sales Coordinator,71315,5,Hybrid,4.1,81,12,28,Promoted,No,2018,Cuddalore
E783,Saanvi,Female,36,Finance,Auditor,58689,2,WFH,4.8,84,3,24,Not Promoted,No,2015,Nagapattinam
E784,Umang,Female,28,HR,Training Coordinator,65160,5,Hybrid,4.2,,6,32,Not Promoted,No,2022,Sivakasi
E785,Faiyaz,Male,24,HR,Payroll Executive,49781,3,WFH,3.3,91,16,29,Not Promoted,Yes,2016,Virudhunagar
E786,Myra,Male,31,Finance,Auditor,56471,10,WFH,3.3,86,18,39,Promoted,No,2024,Namakkal
E787,Saanvi,Female,26,Finance,Auditor,44634,1,Hybrid,3.7,89,8,7,Not Promoted,Yes,2013,Dharmapuri
E788,Oorja,Male,,HR,Training Coordinator,62302,2,WFH,4.7,76,3,14,Promoted,No,2018,Krishnagiri
E789,Mishti,Male,32,Sales,Sales Coordinator,42531,2,Hybrid,3.6,97,3,21,Promoted,No,2018,Villupuram
E790,Umang,Female,35,IT,DevOps Engineer,67970,10,Hybrid,4,85,14,18,Promoted,Yes,2013,Pudukkottai
E791,Madhav,Female,27,Finance,Financial Analyst,48178,11,Hybrid,4,85,13,39,Not Promoted,Yes,2024,Ramanathapuram
E792,Siya,Female,36,Sales,Business Development Executive,65418,10,WFH,4.6,76,14,26,Promoted,No,2018,Ariyalur
E793,Ivan,Male,35,HR,HR Executive,76005,2,WFH,4.3,96,14,38,Promoted,Yes,2020,Perambalur
E794,Chirag,Male,24,Finance,Financial Analyst,56682,12,WFH,3.4,80,8,27,Promoted,No,2017,Nilgiris
E795,Aayush,Male,32,HR,Training Coordinator,33787,12,Hybrid,3.9,93,12,25,Not Promoted,Yes,2012,Pollachi
E796,Amani,Female,32,Finance,Financial Analyst,43827,7,Hybrid,3.5,80,13,27,Promoted,No,2017,Kumbakonam
E797,Vaibhav,Male,36,Finance,Tax Analyst,53342,14,WFH,4.7,88,1,30,Not Promoted,No,2014,Mayiladuthurai
E798,Piya,Female,31,Sales,Sales Coordinator,43487,11,Office,4.8,88,16,36,Promoted,Yes,2021,Tenkasi
E799,Divit,Female,36,HR,Recruiter,69682,13,WFH,3.3,98,8,26,Promoted,Yes,2012,Rajapalayam
E800,Anaya,Female,34,HR,HR Analyst,50060,5,WFH,,76,5,7,Not Promoted,No,2013,Avadi
E801,Prerak,Female,35,Sales,Business Development Executive,,1,Office,4,,15,17,Not Promoted,No,2020,Tambaram
E802,Advika,Male,25,HR,HR Executive,46742,2,Office,4.7,82,4,15,Not Promoted,Yes,2014,Ambattur
E803,Zain,Female,27,Sales,,60308,8,Office,3.9,92,5,22,Promoted,No,2024,Pallavaram
E804,Arnav,Female,29,Sales,Sales Executive,62480,8,WFH,3.8,79,8,27,Promoted,No,2015,Guduvanchery
E805,Saanvi,Female,26,HR,Training Coordinator,72782,1,WFH,4.4,92,8,,Not Promoted,No,2024,Mettur
E806,Advika,Female,24,Sales,Marketing Executive,45706,12,WFH,4.7,81,3,29,Promoted,Yes,2014,Ranipet
E807,Nitara,Male,26,Finance,Accountant,36881,4,Hybrid,4.6,83,5,35,Promoted,No,2016,Walajapet
E808,Dhanush,Male,25,IT,,33553,2,WFH,4,86,3,21,Not Promoted,Yes,2018,Arakkonam
E809,Dhruv,Female,28,HR,HR Analyst,70500,8,Hybrid,5,89,4,22,Not Promoted,Yes,2019,Chidambaram
E810,Aniruddh,Female,34,IT,Software Developer,35903,12,Hybrid,3.4,78,1,26,Promoted,Yes,2021,Panruti
E811,Bhavin,Male,31,HR,Payroll Executive,58844,12,WFH,4.6,88,18,14,Not Promoted,No,2020,Neyveli
E812,Riaan,Female,23,HR,Training Coordinator,36385,10,Hybrid,4,78,6,21,Not Promoted,No,2017,Paramakudi
E813,Yakshit,Male,24,HR,Payroll Executive,53866,1,Hybrid,4,78,12,17,Not Promoted,Yes,2018,Karaikudi
E814,Jiya,Female,23,Finance,Financial Analyst,57800,6,Hybrid,4.3,84,17,27,Not Promoted,Yes,2016,Oddanchatram
E815,Ritvik,Female,23,IT,QA Engineer,36555,8,WFH,4.4,85,5,19,Not Promoted,No,2015,Palani
E816,Himmat,Female,34,IT,Cloud Engineer,77486,10,Hybrid,4.1,98,17,39,,Yes,2016,Udumalpet
E817,Aayush,Male,27,,Accountant,32819,10,Hybrid,3.6,85,13,38,Promoted,No,2024,Chennai
E818,Indranil,Male,25,Finance,,65813,8,WFH,3.4,94,17,25,Promoted,No,2022,Coimbatore
E819,Rasha,Male,36,Finance,Tax Analyst,56785,11,WFH,4.1,76,16,7,Promoted,Yes,2020,Madurai
E820,Riya,Male,35,IT,UI Designer,60608,4,WFH,3.6,97,,11,Not Promoted,Yes,2019,Trichy
E821,Rasha,Male,27,HR,Payroll Executive,69634,10,Office,3.7,81,16,7,Promoted,No,2016,Salem
E822,Elakshi,Female,27,Sales,Marketing Executive,37414,7,Office,3.6,80,1,13,Promoted,No,2022,Tirunelveli
E823,Jhanvi,Male,27,Finance,Finance Executive,75389,8,WFH,4.5,87,18,26,Not Promoted,Yes,2019,Erode
E824,Vidur,Female,29,Sales,Sales Coordinator,71854,9,Office,4,82,10,15,Promoted,Yes,2013,Vellore
E825,Tejas,Female,26,HR,HR Executive,37232,2,WFH,3.7,99,9,33,Not Promoted,Yes,2022,Thanjavur
E826,Raghav,Male,34,IT,Cloud Engineer,47608,2,WFH,4.5,83,6,24,Promoted,No,2021,Hosur
E827,Rohan,Male,24,Finance,Auditor,77519,2,Office,3.7,97,16,33,Not Promoted,Yes,2022,Tiruppur
E828,Amira,Male,24,Finance,Accountant,,14,Office,4,86,3,32,Not Promoted,No,2020,Thoothukudi
E829,Alia,Female,35,Finance,Finance Executive,56811,7,Office,4.8,82,2,37,Not Promoted,Yes,2020,Dindigul
E830,Kiaan,Female,24,Sales,Sales Executive,44482,5,Hybrid,4.8,82,3,26,Promoted,No,2019,Karur
E831,Uthkarsh,Male,26,Sales,Sales Coordinator,,4,Office,3.9,76,15,39,Promoted,Yes,2013,Nagercoil
E832,Aaryahi,Female,28,IT,UI Designer,74738,14,Hybrid,3.9,80,1,33,Promoted,No,2021,Kanchipuram
E833,Shanaya,Female,25,Finance,Accountant,49685,4,Hybrid,3.9,80,18,21,Not Promoted,Yes,2014,Cuddalore
E834,Hridaan,Male,35,HR,Training Coordinator,49584,12,WFH,4.4,88,10,39,Promoted,No,2014,Nagapattinam
E835,Rania,Male,24,Finance,Accountant,40447,2,Office,4.7,86,15,31,Not Promoted,Yes,2017,Sivakasi
E836,Renee,Female,25,IT,Data Analyst,43315,13,Office,4.3,99,6,21,Promoted,No,2019,Virudhunagar
E837,Himmat,Male,35,Sales,Marketing Executive,64899,6,Office,4.2,89,1,8,Not Promoted,No,2016,Namakkal
E838,Mannat,Female,24,IT,Cloud Engineer,35836,14,Office,5,86,2,16,Promoted,Yes,2019,Dharmapuri
E839,Shlok,Female,32,IT,DevOps Engineer,34021,9,WFH,3.5,76,3,35,Not Promoted,Yes,2014,Krishnagiri
E840,Oorja,Male,34,Sales,Sales Coordinator,73452,1,WFH,3.7,99,4,13,Promoted,Yes,2021,Villupuram
E841,Gatik,Female,24,Finance,,73945,5,Hybrid,4.1,97,15,12,Promoted,No,2012,Pudukkottai
E842,Biju,Female,25,HR,Training Coordinator,,6,WFH,4,85,1,10,Not Promoted,No,,Ramanathapuram
E843,Shayak,Male,28,IT,DevOps Engineer,41668,10,Hybrid,4.1,80,11,21,Not Promoted,No,2018,Ariyalur
E844,Alisha,Female,30,HR,Payroll Executive,81802,10,WFH,4,83,9,27,Not Promoted,No,2017,Perambalur
E845,Keya,Female,27,Finance,Accountant,66810,8,Hybrid,3.8,92,12,19,Promoted,Yes,2017,Nilgiris
E846,Alisha,Male,32,Finance,Financial Analyst,71675,9,WFH,3.6,90,12,14,Promoted,Yes,2013,Pollachi
E847,Jayant,Male,34,IT,Data Analyst,51513,7,Hybrid,3.8,97,16,7,Not Promoted,Yes,2018,Kumbakonam
E848,Sahil,Male,27,Sales,Marketing Executive,80351,7,Office,4.5,87,18,19,Not Promoted,No,2024,Mayiladuthurai
E849,Zoya,Male,34,IT,Software Developer,64330,5,Office,3.6,98,4,36,Promoted,Yes,2022,Tenkasi
E850,Lavanya,Female,34,HR,Payroll Executive,63541,2,Hybrid,3.6,85,14,30,Promoted,Yes,2024,Rajapalayam
E851,Raunak,Male,30,Finance,Financial Analyst,80900,4,Hybrid,4.2,93,14,34,Not Promoted,No,2021,Avadi
E852,Aniruddh,Female,32,IT,Software Developer,66564,1,Hybrid,3.7,88,1,10,Promoted,Yes,2019,Tambaram
E853,Tara,Male,35,Finance,Auditor,63686,1,Office,4.7,86,12,20,Promoted,No,2022,Ambattur
E854,Aradhya,Male,30,,Payroll Executive,51616,5,Office,3.6,77,9,13,Promoted,Yes,2024,Pallavaram
E855,Tara,Female,25,HR,HR Executive,62429,7,Hybrid,4.6,95,18,37,,,2013,Guduvanchery
E856,Kimaya,Male,31,IT,Data Analyst,56792,11,Hybrid,4.9,86,5,21,Promoted,Yes,2018,Mettur
E857,Rati,Female,32,Finance,Finance Executive,54116,4,WFH,4.9,93,12,20,Promoted,No,2021,Ranipet
E858,Seher,Male,35,Sales,Business Development Executive,70793,11,Hybrid,4.6,87,16,33,Not Promoted,Yes,2023,Walajapet
E859,Suhana,Female,26,IT,UI Designer,69201,,Office,3.5,91,1,37,Promoted,Yes,2013,Arakkonam
E860,Chirag,Female,28,HR,HR Executive,47315,8,Office,3.8,98,4,21,Promoted,Yes,2013,Chidambaram
E861,Devansh,Female,31,Finance,Finance Executive,62055,4,Hybrid,3.4,95,18,38,Not Promoted,Yes,2013,Panruti
E862,Baiju,Female,25,Sales,Sales Coordinator,46364,10,Hybrid,4.3,84,13,16,Promoted,,2020,Neyveli
E863,Stuvan,Male,27,IT,DevOps Engineer,60914,8,Office,4,83,6,39,Promoted,Yes,2021,Paramakudi
E864,Manikya,Female,26,Sales,Marketing Executive,70959,1,Office,3.7,77,9,16,Promoted,Yes,2024,Karaikudi
E865,Stuvan,Male,31,Sales,Sales Coordinator,57085,7,WFH,4.1,80,9,34,Not Promoted,No,2021,Oddanchatram
E866,Prerak,Male,24,IT,QA Engineer,38324,9,Hybrid,,90,5,16,Not Promoted,No,2016,Palani
E867,Seher,Female,30,Finance,Accountant,35500,4,Office,4.6,97,18,12,Promoted,No,2012,Udumalpet
E868,Zeeshan,Male,24,Finance,Tax Analyst,61704,4,Office,3.7,76,16,16,Not Promoted,No,2014,Chennai
E869,Tiya,Female,36,Finance,Tax Analyst,72158,7,WFH,3.5,76,3,38,Not Promoted,No,2018,Coimbatore
E870,Jivin,Male,33,Finance,Accountant,74783,5,WFH,3.3,83,18,19,Not Promoted,No,2013,Madurai
E871,Hunar,Male,34,IT,UI Designer,77817,1,WFH,3.8,88,3,13,Not Promoted,Yes,2016,Trichy
E872,Dhanush,Female,34,,DevOps Engineer,35385,14,Office,3.7,88,14,10,Promoted,Yes,2012,Salem
E873,Raghav,Male,25,Sales,Business Development Executive,60499,7,WFH,3.7,99,14,31,Not Promoted,No,2022,Tirunelveli
E874,Charvi,Female,28,IT,DevOps Engineer,45034,8,Hybrid,3.3,86,7,38,Not Promoted,No,2015,Erode
E875,Vaibhav,Female,28,IT,DevOps Engineer,62060,2,Office,4.9,82,13,39,Not Promoted,Yes,2021,Vellore
E876,Yuvaan,Male,26,Sales,Sales Coordinator,35783,10,Office,4.8,87,9,22,Not Promoted,Yes,2012,Thanjavur
E877,Rania,Female,36,Finance,Accountant,38613,1,Hybrid,3.5,86,13,20,Promoted,Yes,2022,Hosur
E878,Nitara,Male,28,IT,QA Engineer,43326,4,WFH,3.7,76,3,28,Not Promoted,No,2017,Tiruppur
E879,Ira,Male,27,IT,Data Analyst,76792,13,Hybrid,4.2,98,7,25,Not Promoted,No,2013,Thoothukudi
E880,Divyansh,Male,34,Finance,,75115,4,Office,3.4,89,15,18,Not Promoted,No,2019,Dindigul
E881,Ivana,Female,35,IT,Cloud Engineer,59862,7,WFH,4.5,86,4,37,Not Promoted,No,2012,Karur
E882,Bhavin,Female,29,Sales,Business Development Executive,54158,13,Office,3.4,88,15,20,Promoted,No,2020,Nagercoil
E883,Rhea,Male,28,HR,HR Executive,46783,4,WFH,4.3,79,4,28,Promoted,Yes,2015,Kanchipuram
E884,Parinaaz,Female,29,Sales,Sales Coordinator,53483,9,Hybrid,4.7,82,4,39,,Yes,2017,Cuddalore
E885,Charvi,Female,35,IT,Cloud Engineer,38612,9,Hybrid,4.8,96,14,16,Promoted,,2023,Nagapattinam
E886,Mamooty,Female,25,Finance,Financial Analyst,44977,10,Hybrid,4.2,94,17,10,Promoted,Yes,2014,Sivakasi
E887,Samar,Female,25,Sales,Marketing Executive,32836,9,Hybrid,4.2,91,10,37,Not Promoted,No,2014,Virudhunagar
E888,Uthkarsh,Male,35,IT,UI Designer,34660,10,Hybrid,4.2,83,17,21,Promoted,Yes,2012,Namakkal
E889,Seher,Female,35,Finance,Financial Analyst,64214,4,Office,4.1,97,3,6,Not Promoted,No,2022,Dharmapuri
E890,Mohanlal,Female,29,Finance,Tax Analyst,,8,Hybrid,3.5,96,16,28,Promoted,Yes,2012,Krishnagiri
E891,Nirvi,Male,27,IT,Cloud Engineer,80959,7,WFH,4,91,18,36,Promoted,No,2024,Villupuram
E892,Saanvi,Male,25,Sales,Business Development Executive,57508,9,Office,3.6,95,15,36,Not Promoted,Yes,2017,Pudukkottai
E893,Miraan,Male,30,Finance,Finance Executive,75033,6,WFH,4.9,96,17,37,Promoted,Yes,2021,Ramanathapuram
E894,Dharmajan,Female,36,HR,HR Executive,66358,2,Office,4.2,94,14,30,Not Promoted,Yes,2016,Ariyalur
E895,Kiaan,Male,25,IT,Software Developer,66849,9,Hybrid,4.4,91,2,9,Not Promoted,Yes,2016,Perambalur
E896,Aaryahi,Female,31,HR,Payroll Executive,33012,5,WFH,3.7,89,18,22,Promoted,No,2021,Nilgiris
E897,Mannat,Male,24,HR,Training Coordinator,55646,12,Office,4.3,87,5,19,Not Promoted,Yes,2017,Pollachi
E898,Farhan,Male,29,Finance,Financial Analyst,70961,11,WFH,3.8,88,17,28,Not Promoted,Yes,2023,Kumbakonam
E899,Heer,Male,36,Finance,Finance Executive,48338,11,Hybrid,3.7,,7,6,Promoted,Yes,2018,Mayiladuthurai
E900,Kimaya,Female,29,Sales,Business Development Executive,60226,1,Hybrid,4.7,88,3,36,Not Promoted,No,2014,Tenkasi
E901,Farhan,Female,36,IT,Cloud Engineer,71891,9,Hybrid,4,89,17,33,Promoted,Yes,2012,Rajapalayam
E902,Yashvi,Male,33,Finance,Finance Executive,71810,2,WFH,3.9,,9,26,Promoted,No,2023,Avadi
E903,Armaan,Female,32,IT,Cloud Engineer,48337,9,Office,4.3,91,6,13,Not Promoted,No,2017,Tambaram
E904,Vidur,Female,29,Sales,Marketing Executive,59722,11,Office,3.8,84,12,23,Not Promoted,Yes,2016,Ambattur
E905,Aarav,Female,23,Sales,Marketing Executive,44341,11,WFH,4,85,15,21,Not Promoted,No,2020,Pallavaram
E906,Arnav,Male,29,Finance,Tax Analyst,47616,5,WFH,4.2,89,11,7,Promoted,Yes,2021,Guduvanchery
E907,Renee,Male,,Finance,Finance Executive,40497,3,Hybrid,,93,4,20,Not Promoted,No,2020,Mettur
E908,Reyansh,Female,36,Sales,Business Development Executive,,7,Hybrid,5,79,9,12,Not Promoted,No,2023,Ranipet
E909,Anahita,Female,26,Finance,Financial Analyst,46107,4,Hybrid,4.3,77,12,13,Not Promoted,No,2023,Walajapet
E910,Indrajit,Female,36,IT,DevOps Engineer,56795,11,,4.4,77,14,31,Promoted,No,2018,Arakkonam
E911,Hridaan,Female,23,Sales,Business Development Executive,47824,2,Hybrid,3.6,93,7,,Not Promoted,No,2013,Chidambaram
E912,Biju,Male,35,HR,HR Executive,38983,6,Hybrid,3.4,90,8,21,Promoted,No,2018,Panruti
E913,Hridaan,Female,26,Sales,Sales Executive,37962,8,Hybrid,4,84,7,16,Not Promoted,No,2022,Neyveli
E914,Anahita,Male,28,Sales,Sales Executive,67856,1,Office,4.4,89,10,36,Not Promoted,Yes,2012,Paramakudi
E915,Samiha,Male,29,HR,Payroll Executive,52993,11,Hybrid,3.5,84,17,20,Promoted,No,2012,Karaikudi
E916,Mannat,Female,29,Finance,Financial Analyst,61704,11,Office,3.8,92,12,,Promoted,No,2022,Oddanchatram
E917,Prerak,Female,35,Finance,Auditor,51810,,Hybrid,4.1,93,3,29,Not Promoted,Yes,2021,Palani
E918,Nakul,Male,27,HR,HR Analyst,37401,4,Office,4.3,80,18,17,Promoted,Yes,2020,Udumalpet
E919,Arnav,Female,28,Finance,Financial Analyst,39879,4,WFH,4.1,77,12,33,Not Promoted,Yes,2021,Chennai
E920,Romil,Male,31,Sales,Business Development Executive,43008,13,Hybrid,4.4,79,1,37,Not Promoted,Yes,2014,Coimbatore
E921,Zeeshan,Male,30,IT,Data Analyst,32214,6,Office,3.8,85,11,31,Promoted,Yes,2020,Madurai
E922,Zoya,Female,25,Sales,Sales Coordinator,79714,12,Office,5,78,12,22,Promoted,No,2022,Trichy
E923,Keya,Male,,Sales,Marketing Executive,78369,5,Office,4.3,91,10,31,Promoted,No,2012,Salem
E924,Nirvaan,Female,29,IT,QA Engineer,79945,11,WFH,3.8,98,10,9,Promoted,No,2021,Tirunelveli
E925,Rania,Male,34,Finance,Auditor,53239,11,WFH,3.4,80,4,20,Promoted,No,2020,Erode
E926,Anahi,Female,28,IT,Software Developer,67908,3,Hybrid,4.5,95,12,13,Not Promoted,No,2014,Vellore
E927,Saira,Male,28,,HR Executive,40244,3,Office,4.8,86,,12,Not Promoted,No,2022,Thanjavur
E928,Aarav,Male,24,IT,Cloud Engineer,60468,6,Office,3.5,97,11,13,Promoted,No,2021,Hosur
E929,Hridaan,Male,30,Sales,Sales Executive,32337,10,WFH,,80,2,31,Not Promoted,Yes,2012,Tiruppur
E930,Nishith,Male,,HR,HR Executive,56492,2,WFH,4.3,80,17,30,Not Promoted,Yes,2019,Thoothukudi
E931,Arhaan,Male,31,IT,UI Designer,48887,12,,3.9,86,8,20,Not Promoted,No,2020,Dindigul
E932,Tanya,Male,24,HR,Training Coordinator,76278,7,Office,3.3,85,13,39,Not Promoted,No,2019,Karur
E933,Armaan,Male,33,Finance,Auditor,70366,14,Office,3.7,90,11,30,Promoted,Yes,2012,Nagercoil
E934,Tejas,Female,28,Finance,Finance Executive,71748,8,Office,4.2,91,17,38,Promoted,No,2017,Kanchipuram
E935,Kiaan,Female,24,IT,Cloud Engineer,61943,3,Office,4.4,99,7,11,,Yes,2015,Cuddalore
E936,Aarna,Female,32,Sales,Marketing Executive,38609,6,WFH,3.8,86,8,11,Not Promoted,Yes,2023,Nagapattinam
E937,Advik,Female,28,IT,Software Developer,48310,12,WFH,3.9,77,11,6,Promoted,Yes,2023,Sivakasi
E938,Vritika,Female,34,Sales,Sales Coordinator,79240,12,WFH,4.6,87,11,38,Not Promoted,No,2015,Virudhunagar
E939,Ojas,Male,26,Finance,Tax Analyst,49986,4,Hybrid,4.2,86,14,10,Not Promoted,Yes,2018,Namakkal
E940,Zain,Female,26,IT,Cloud Engineer,61759,9,Office,4.1,86,8,40,Promoted,Yes,2019,Dharmapuri
E941,Akarsh,Female,24,Sales,Business Development Executive,61376,,Office,4.6,,2,8,Promoted,Yes,2018,Krishnagiri
E942,Eshani,Female,25,HR,Payroll Executive,61060,4,WFH,3.5,88,12,10,Not Promoted,Yes,2019,Villupuram
E943,Sana,Male,23,IT,DevOps Engineer,63176,8,Office,4.8,98,17,32,Promoted,No,2023,Pudukkottai
E944,Samarth,Male,36,HR,HR Executive,36368,2,Hybrid,4.7,99,9,35,Promoted,No,2014,Ramanathapuram
E945,Advik,Female,36,Finance,Financial Analyst,46816,3,Office,3.6,82,5,31,Not Promoted,No,2024,Ariyalur
E946,Prisha,Male,30,Finance,Financial Analyst,75720,1,Hybrid,4.5,90,16,30,Not Promoted,Yes,2019,Perambalur
E947,Oorja,Male,34,Finance,Finance Executive,60537,3,Office,3.9,92,2,27,Promoted,Yes,2024,Nilgiris
E948,Riaan,Male,35,Finance,Accountant,55525,7,WFH,3.6,98,13,20,Not Promoted,No,2012,Pollachi
E949,Arhaan,Female,24,IT,Software Developer,37581,10,Hybrid,3.7,81,5,19,Not Promoted,Yes,2022,Kumbakonam
E950,Lavanya,Male,26,IT,Cloud Engineer,50813,3,,4.4,80,11,12,,No,2021,Mayiladuthurai
E951,Samarth Chokshi,Female,26,Sales,Area Manager,73498,2,WFH,4.9,86,19,5,Not Promoted,No,2020,Tenkasi
E952,Lavanya Mammen,Male,31,HR,Recruiter,74839,15,WFH,3.8,94,4,7,Promoted,Yes,2021,Rajapalayam
E953,Shray Chauhan,Female,38,Sales,Business Development Executive,31521,10,WFH,4.8,86,18,33,Promoted,No,2016,Avadi
E954,Elakshi Mani,Male,37,Sales,Business Development Executive,33726,4,Hybrid,4.8,97,2,8,Promoted,No,2021,Tambaram
E955,Ela Ramachandran,Female,29,Finance,Budget Analyst,49327,10,Hybrid,3.5,79,11,21,Promoted,No,2011,Ambattur
E956,Mamooty Kapadia,Male,23,HR,Recruiter,80562,5,Office,3.5,91,15,33,Promoted,No,2019,Pallavaram
E957,Khushi Ray,Male,,HR,HR Executive,46977,8,WFH,4.8,90,5,22,,Yes,2024,Guduvanchery
E958,Shalv Mane,Female,38,Sales,Marketing Executive,72725,3,Hybrid,5,81,15,,Not Promoted,No,2012,Mettur
E959,Navya Sama,Male,33,HR,Payroll Executive,73452,11,WFH,4.4,97,15,5,Promoted,Yes,2012,Ranipet
E960,Anahita Wali,Female,26,IT,Data Analyst,51697,11,WFH,4.7,95,11,34,Promoted,Yes,2021,Walajapet
E961,Madhav Lad,Female,37,Sales,,43055,12,Hybrid,4.6,96,14,13,Promoted,Yes,2018,Arakkonam
E962,Anvi Sarma,Male,23,HR,HR Analyst,68676,12,WFH,4.7,76,8,36,Not Promoted,Yes,2022,Chidambaram
E963,Fateh Krishna,Male,23,Sales,Area Manager,76287,15,Office,3.3,78,15,,Promoted,Yes,2013,Panruti
E964,Trisha Chand,Male,32,Sales,Sales Coordinator,32318,15,,4.6,92,7,40,Promoted,Yes,2018,Neyveli
E965,Bhamini Bandi,Female,,Finance,Accountant,74123,13,WFH,4.8,92,6,40,Not Promoted,No,2024,Paramakudi
E966,Anahi Balasubramanian,Male,23,IT,DevOps Engineer,48654,14,Office,4.1,95,13,14,Not Promoted,No,2021,Karaikudi
E967,Arhaan Kari,Male,24,Finance,Budget Analyst,45922,13,Office,4,81,20,31,Not Promoted,No,2017,Oddanchatram
E968,Rati Sem,Male,25,Sales,Sales Coordinator,43235,2,Hybrid,3.8,87,13,29,Not Promoted,Yes,2016,Palani
E969,Mahika Dua,Female,29,Finance,Accountant,74882,4,Hybrid,3.3,89,6,16,Not Promoted,No,2019,Udumalpet
E970,Aaina Dada,Male,24,IT,Cloud Engineer,60114,13,Office,,89,4,38,Not Promoted,Yes,2024,Chennai
E971,Jayan Barman,Male,28,IT,DevOps Engineer,57251,12,Office,3.3,88,14,14,Promoted,Yes,2016,Coimbatore
E972,Ehsaan Vora,Female,33,Sales,Sales Coordinator,73217,5,WFH,4.7,99,10,25,Not Promoted,Yes,2024,Madurai
E973,Dhruv Badal,Male,28,HR,Payroll Executive,34996,13,Hybrid,3.4,99,11,5,Not Promoted,Yes,2024,Trichy
E974,Hridaan Mane,Male,22,Finance,Budget Analyst,42581,15,Hybrid,3.5,96,5,13,Not Promoted,Yes,2019,Salem
E975,Kavya Gandhi,Male,32,Finance,Financial Analyst,63344,11,Hybrid,3.9,96,10,33,,Yes,2020,Tirunelveli
E976,Divit Rastogi,Female,27,,Area Manager,67196,6,Hybrid,3.9,80,1,9,Promoted,Yes,2014,Erode
E977,Lakshit Brar,Female,26,IT,Software Developer,35675,12,Hybrid,4.2,90,16,11,Promoted,No,2020,Vellore
E978,Yasmin Bora,Female,31,HR,Recruiter,50273,13,Office,4,92,19,14,Promoted,Yes,2023,Thanjavur
E979,Seher Devan,Female,33,IT,Data Analyst,78542,12,Hybrid,4.6,97,5,,Not Promoted,Yes,2017,Hosur
E980,Fateh Shan,Female,32,IT,Data Analyst,52134,9,WFH,4.1,84,13,18,Promoted,Yes,2020,Tiruppur
E981,Vaibhav Dayal,Female,32,HR,HR Manager,59311,8,Hybrid,4.9,95,20,33,Not Promoted,Yes,2016,Thoothukudi
E982,Sana Venkatesh,Female,35,HR,Payroll Executive,84591,10,Hybrid,3.4,94,9,34,Not Promoted,Yes,2016,Dindigul
E983,Aaryahi Sama,Female,22,Finance,Tax Analyst,47610,5,WFH,3.6,91,16,26,Promoted,Yes,2021,Karur
E984,Aradhya Bala,Male,22,Sales,Marketing Executive,42771,8,WFH,3.4,87,14,32,Not Promoted,Yes,2011,Nagercoil
E985,Priyansh Devi,Male,23,IT,Data Analyst,47043,2,WFH,3.9,79,18,11,Promoted,Yes,,Kanchipuram
E986,Inaaya  Sem,Male,30,IT,Cloud Engineer,64944,1,WFH,4.5,77,13,18,Not Promoted,No,2017,Cuddalore
E987,Prisha Bedi,Female,24,Finance,Accountant,45971,11,WFH,3.5,90,17,24,Promoted,No,2019,Nagapattinam
E988,Raunak Bains,Male,28,HR,HR Executive,67239,8,WFH,4.1,90,10,31,Not Promoted,No,2015,Sivakasi
E989,Divij Dass,Female,24,HR,HR Analyst,57118,4,WFH,4.2,91,4,15,Promoted,Yes,2019,Virudhunagar
E990,Hazel Tailor,Female,25,IT,Data Analyst,72970,11,Hybrid,3.3,96,17,10,Not Promoted,Yes,2018,Namakkal
E991,Mannat Kumer,Male,24,IT,QA Engineer,80948,15,Office,3.9,85,4,24,Not Promoted,No,2020,Dharmapuri
E992,Pari Ranganathan,Male,29,IT,Software Developer,61663,1,Hybrid,4.1,82,15,15,Promoted,Yes,2022,Krishnagiri
E993,Emir Maharaj,Female,23,HR,HR Manager,59607,9,WFH,3.5,76,7,22,Promoted,No,,Villupuram
E994,Mohanlal Golla,Female,36,Sales,Marketing Executive,52995,3,Hybrid,3.4,87,18,23,Not Promoted,No,2016,Pudukkottai
E995,Tara Gara,Female,23,IT,Data Analyst,43850,5,WFH,4.9,78,10,18,Not Promoted,Yes,2022,Ramanathapuram
E996,Lakshit Buch,Male,27,IT,Data Analyst,60561,9,Office,3.7,82,9,17,Promoted,No,2023,Ariyalur
E997,Vaibhav Chaudry,Female,23,HR,HR Executive,78661,3,,3.3,79,14,31,Promoted,No,2016,Perambalur
E998,Zara Solanki,Female,31,Finance,Tax Analyst,79463,13,Office,4.2,98,1,25,Promoted,Yes,2012,Nilgiris
E999,Dharmajan Koshy,Female,30,Sales,Marketing Executive,82950,9,WFH,3.6,98,4,34,Not Promoted,No,2022,Pollachi
E1000,Fateh Bail,Male,38,IT,UI Designer,66464,10,Hybrid,4.9,95,15,35,Not Promoted,No,2017,Kumbakonam
E1001,Ivana Vora,Female,38,Sales,Business Development Executive,56139,14,Hybrid,4.1,79,17,33,Promoted,,2019,Mayiladuthurai
E1002,Rohan Dhar,Female,31,Sales,Marketing Executive,81880,11,Hybrid,4.1,85,19,31,Not Promoted,Yes,2021,Tenkasi
E1003,Madhup Srinivasan,Male,36,Finance,Finance Executive,48786,10,WFH,3.7,76,17,16,Promoted,Yes,2021,Rajapalayam
E1004,Akarsh Gulati,Female,24,Sales,Marketing Executive,83890,15,Office,4.2,75,20,26,Not Promoted,,2012,Avadi
E1005,Shlok Sarkar,Female,25,IT,Cloud Engineer,76847,8,WFH,3.5,97,19,13,Promoted,No,2011,Tambaram
E1006,Vanya Chana,Female,28,IT,Backend Developer,78898,14,Office,,96,13,22,Not Promoted,No,2012,Ambattur
E1007,Anay Atwal,Male,31,IT,Data Analyst,40072,7,Office,4.5,88,5,15,Not Promoted,Yes,2018,Pallavaram
E1008,Keya Bobal,Male,23,Sales,Business Development Executive,58632,4,WFH,3.6,92,7,13,Promoted,Yes,2011,Guduvanchery
E1009,Ira Sridhar,Female,22,Finance,Auditor,55215,15,Hybrid,3.7,80,12,13,Promoted,Yes,2016,Mettur
E1010,Parinaaz Shroff,Female,30,HR,Training Coordinator,67987,10,Hybrid,4.6,78,14,40,Promoted,Yes,2011,Ranipet
E1011,Yuvaan Halder,Female,27,HR,HR Analyst,50605,10,Hybrid,4.8,91,13,9,Not Promoted,Yes,2019,Walajapet
E1012,Jayesh Tella,Male,31,Finance,Financial Analyst,,14,Hybrid,4.1,83,10,31,Not Promoted,Yes,2015,Arakkonam
E1013,Hunar Wali,Male,32,Sales,Sales Coordinator,60919,4,Office,3.6,82,13,16,Promoted,Yes,2012,Chidambaram
E1014,Anika Rau,Female,32,HR,Training Coordinator,57727,1,Office,4.5,75,1,38,Promoted,No,2016,Panruti
E1015,Ryan Wali,Male,31,Sales,Sales Executive,48626,5,Office,5,94,14,5,Not Promoted,Yes,2021,Neyveli
E1016,Inaaya  Dugar,Female,31,HR,Payroll Executive,31001,9,Office,4.9,81,10,,Not Promoted,Yes,2013,Paramakudi
E1017,Heer Dar,Female,25,Sales,Marketing Executive,74872,14,WFH,3.2,81,3,18,Not Promoted,Yes,2018,Karaikudi
E1018,Dharmajan Sinha,Female,33,IT,QA Engineer,79284,14,Hybrid,3.7,89,10,13,Promoted,Yes,2012,Oddanchatram
E1019,Mehul Subramanian,,29,Finance,Tax Analyst,38809,2,WFH,3.5,75,8,11,Promoted,Yes,2019,Palani
E1020,Urvi Gour,Male,23,Sales,Sales Coordinator,73623,1,,3.9,93,3,22,Not Promoted,Yes,2012,Udumalpet
E1021,Azad Chokshi,Female,36,Finance,Tax Analyst,57901,13,Hybrid,4.3,98,6,9,Not Promoted,No,2017,Chennai
E1022,Shlok Gour,Female,30,HR,HR Analyst,40886,12,Hybrid,4.9,80,12,12,Promoted,Yes,2023,Coimbatore
E1023,Taran Andra,Male,29,Sales,Sales Executive,42821,3,Office,4.6,76,,11,Promoted,Yes,2014,Madurai
E1024,Kismat Seshadri,Male,36,Finance,Accountant,57574,8,Office,3.5,81,4,34,Promoted,Yes,2018,Trichy
E1025,Nitara Bal,Female,25,IT,Cloud Engineer,79647,6,Office,4.9,83,16,21,Not Promoted,Yes,2014,Salem
E1026,Adira Sampath,Female,28,IT,Data Analyst,57672,11,Hybrid,4.4,87,19,14,Promoted,Yes,2022,Tirunelveli
E1027,Umang Batta,Female,30,Finance,Finance Executive,30758,15,Office,4.8,78,13,35,Not Promoted,Yes,2016,Erode
E1028,Dishani Bhalla,Female,23,Finance,Tax Analyst,77621,9,Hybrid,4.2,76,2,37,Not Promoted,Yes,2017,Vellore
E1029,Ivana Vala,Female,37,Sales,Area Manager,37134,2,WFH,4.9,84,15,17,Promoted,,2019,Thanjavur
E1030,Ojas Raman,Male,38,Sales,Business Development Executive,50442,8,Office,4.9,95,,20,Not Promoted,Yes,2015,Hosur
E1031,Tushar Biswas,Female,26,Sales,Business Development Executive,50377,9,Hybrid,4.7,87,11,20,Promoted,No,2019,Tiruppur
E1032,Akarsh Viswanathan,Female,33,HR,HR Manager,52685,10,Hybrid,4.1,96,16,27,Not Promoted,Yes,2014,Thoothukudi
E1033,Alia Kala,Female,22,Sales,Marketing Executive,33211,7,Office,3.5,93,5,17,Promoted,Yes,2023,Dindigul
E1034,Vaibhav Saha,Male,34,Finance,Financial Analyst,74303,10,Hybrid,3.8,76,12,18,Promoted,Yes,2015,Karur
E1035,Aradhya Dubey,Male,22,HR,HR Manager,31256,11,WFH,3.5,79,16,6,Not Promoted,No,2012,Nagercoil
E1036,Shaan Thaman,Male,,IT,Backend Developer,75762,2,WFH,4.7,89,5,30,Not Promoted,No,2012,Kanchipuram
E1037,Zaina Kumer,Male,28,IT,DevOps Engineer,82213,2,Hybrid,4.8,90,19,25,Not Promoted,No,2020,Cuddalore
E1038,Nayantara Rattan,Male,25,HR,Payroll Executive,84134,1,Hybrid,5,90,20,13,,No,2020,Nagapattinam
E1039,Riaan Thaker,Male,26,IT,UI Designer,81681,4,Hybrid,4.3,75,7,26,Promoted,Yes,2021,Sivakasi
E1040,Adah Balan,Male,32,IT,Backend Developer,83635,2,Office,3.5,99,1,40,Promoted,No,2022,Virudhunagar
E1041,Dishani Bains,Male,36,IT,Backend Developer,,9,WFH,4.9,77,2,37,Not Promoted,No,2014,Namakkal
E1042,Lavanya Kale,Male,22,Sales,Sales Executive,57304,6,WFH,4.2,77,1,34,,Yes,2021,Dharmapuri
E1043,Tiya Comar,Female,29,Sales,Sales Executive,67521,6,WFH,3.4,,17,14,Promoted,No,2016,Krishnagiri
E1044,Khushi Baral,Male,,IT,Data Analyst,56176,13,Hybrid,4.1,86,6,39,Promoted,No,2014,Villupuram
E1045,Taran Bansal,Male,23,HR,HR Analyst,34845,5,WFH,4.2,98,3,40,Promoted,No,2013,Pudukkottai
E1046,Lakshay Saini,Male,30,Sales,Area Manager,36531,11,Office,4,84,4,9,Not Promoted,Yes,2012,Ramanathapuram
E1047,Zain Chakraborty,Male,,Sales,Marketing Executive,48851,15,Office,3.3,85,13,12,Promoted,No,2013,Ariyalur
E1048,Shalv Subramaniam,Female,35,Finance,Auditor,57077,15,Office,3.9,98,8,7,Not Promoted,No,2017,Perambalur
E1049,Ryan Chakraborty,Female,25,Sales,Sales Coordinator,83039,12,Hybrid,4.2,82,9,17,Promoted,Yes,2024,Nilgiris
E1050,Dhanush Bhargava,Female,25,IT,QA Engineer,40372,14,Office,3.6,92,8,25,Promoted,No,2021,Pollachi
E1051,Tejas Devan,Female,33,IT,QA Engineer,39694,12,Office,3.8,93,13,25,Not Promoted,No,2015,Kumbakonam
E1052,Indrajit Agarwal,Male,25,Finance,Financial Analyst,76391,9,Office,3.2,90,,26,Not Promoted,No,2014,Mayiladuthurai
E1053,Anaya Varkey,Male,34,,Tax Analyst,40800,2,WFH,4.9,82,6,19,Not Promoted,No,2018,Tenkasi
E1054,Elakshi Sarraf,Male,38,Sales,Business Development Executive,75055,6,WFH,3.3,84,16,33,Not Promoted,Yes,2024,Rajapalayam
E1055,Hazel Doctor,,33,Sales,Business Development Executive,71091,14,Hybrid,3.7,86,17,28,Promoted,Yes,2017,Avadi
E1056,Gokul Kata,Female,23,Finance,Accountant,60071,7,WFH,4.1,98,1,15,Not Promoted,Yes,2017,Tambaram
E1057,Ranbir Tailor,Female,31,IT,DevOps Engineer,66547,,WFH,4.4,82,12,36,Not Promoted,No,2024,Ambattur
E1058,Elakshi Kalla,Male,24,Finance,Accountant,65077,15,WFH,3.6,97,3,11,Promoted,No,2012,Pallavaram
E1059,Neysa Jaggi,Female,26,HR,HR Analyst,58884,8,WFH,4.4,75,1,25,Not Promoted,Yes,2024,Guduvanchery
E1060,Rohan Kumar,Female,30,IT,DevOps Engineer,47105,9,Hybrid,3.5,88,10,34,Promoted,Yes,2018,Mettur
E1061,Krish Sengupta,Male,25,IT,Backend Developer,45940,10,Office,4.4,81,14,26,Promoted,No,2016,Ranipet
E1062,Lagan Tandon,Female,24,Sales,Sales Executive,73254,15,Office,4.1,97,10,10,Promoted,No,2020,Walajapet
E1063,Inaaya  Baral,Male,22,IT,DevOps Engineer,75757,6,Office,4.1,75,2,11,Promoted,Yes,2014,Arakkonam
E1064,Nishith Khosla,Male,38,Finance,Finance Executive,46004,2,WFH,3.7,80,6,37,Not Promoted,No,2021,Chidambaram
E1065,Prisha Kashyap,Female,,HR,HR Manager,31414,14,Office,4.2,85,3,23,Not Promoted,Yes,2020,Panruti
E1066,Adah Jha,Female,37,Sales,Area Manager,37697,13,Hybrid,4.1,93,15,20,Not Promoted,No,2020,Neyveli
E1067,Divit Sathe,Female,33,Sales,Sales Coordinator,60585,11,Office,4.8,90,11,10,Not Promoted,Yes,2017,Paramakudi
E1068,Ivan Apte,Male,38,IT,Cloud Engineer,64928,11,Hybrid,4.7,80,5,20,Not Promoted,No,2021,Karaikudi
E1069,Keya Viswanathan,Male,27,Sales,Area Manager,32875,8,Office,3.8,96,19,23,Promoted,Yes,2013,Oddanchatram
E1070,Dharmajan Dhar,Female,29,,Area Manager,71087,12,WFH,3.5,81,11,30,Promoted,Yes,2016,Palani
E1071,Shayak Shanker,Male,22,Finance,Finance Executive,65525,7,Office,3.6,82,,31,Not Promoted,Yes,2014,Udumalpet
E1072,Aaina Kakar,Female,37,IT,UI Designer,83882,10,Office,3.7,97,1,39,Not Promoted,No,2021,Chennai
E1073,Samarth Cheema,Female,36,HR,Training Coordinator,35440,8,WFH,5,80,8,19,Promoted,Yes,2019,Coimbatore
E1074,Mamooty Bahri,Male,25,Sales,Business Development Executive,73673,11,Office,3.8,81,6,29,Promoted,Yes,2024,Madurai
E1075,Devansh Ramachandran,,26,Finance,Tax Analyst,44650,4,WFH,4.6,81,8,29,Not Promoted,No,2019,Trichy
E1076,Divit Bumb,,29,Sales,Sales Executive,50603,10,WFH,3.9,82,19,36,Not Promoted,No,2015,Salem
E1077,Dishani Vala,Male,27,HR,HR Analyst,64059,4,WFH,4.2,97,3,39,Promoted,No,2017,Tirunelveli
E1078,Faiyaz Kohli,Male,31,Finance,Tax Analyst,51480,12,WFH,3.6,86,12,9,Promoted,Yes,2017,Erode
E1079,Vaibhav Deep,Female,27,IT,QA Engineer,73948,12,Office,4.3,95,4,20,Not Promoted,Yes,2017,Vellore
E1080,Suhana Varughese,Female,30,HR,HR Analyst,73751,7,WFH,3.3,89,5,26,Promoted,No,2015,Thanjavur
E1081,Nirvi Mahal,Male,28,HR,Training Coordinator,66914,6,WFH,3.8,81,17,38,Promoted,Yes,2018,Hosur
E1082,Shamik Kota,,37,IT,QA Engineer,47991,11,WFH,3.8,99,14,18,Not Promoted,Yes,2022,Tiruppur
E1083,Sahil Borde,Male,29,IT,UI Designer,30912,3,WFH,4.3,,13,7,Promoted,Yes,2015,Thoothukudi
E1084,Ishita Din,Male,30,Sales,Area Manager,70290,10,WFH,4.3,75,6,35,Promoted,Yes,2017,Dindigul
E1085,Ishita Mani,Male,33,IT,,76635,9,Office,3.6,94,15,26,Not Promoted,No,2016,Karur
E1086,Anay Deol,Female,37,IT,,49292,13,Hybrid,3.7,87,10,6,Not Promoted,No,2020,Nagercoil
E1087,Kiaan Ben,Female,24,IT,Software Developer,63436,15,Office,5,89,2,21,Not Promoted,Yes,2024,Kanchipuram
E1088,Dhanuk Batta,Male,,Sales,Marketing Executive,60819,3,WFH,4.5,86,1,8,Not Promoted,Yes,2020,Cuddalore
E1089,Anvi Bhatti,Male,29,Sales,Sales Coordinator,64576,10,Office,3.9,96,2,31,Promoted,Yes,2017,Nagapattinam
E1090,Rania Mangal,Male,38,Finance,Tax Analyst,46084,6,Hybrid,3.3,97,5,25,Not Promoted,No,2018,Sivakasi
E1091,Sumer Bumb,Male,38,Finance,Financial Analyst,53610,5,Office,4.6,95,4,30,Promoted,No,2017,Virudhunagar
E1092,Eshani Dutt,,35,HR,HR Manager,34535,14,WFH,4.2,83,5,6,Promoted,Yes,2016,Namakkal
E1093,Uthkarsh Gandhi,Female,33,Finance,Tax Analyst,80536,7,WFH,4.6,86,20,20,Not Promoted,Yes,,Dharmapuri
E1094,Vritika Krishna,Female,26,IT,QA Engineer,69503,11,WFH,3.4,85,16,14,,Yes,2018,Krishnagiri
E1095,Reyansh Ramanathan,Male,25,HR,HR Analyst,32745,7,WFH,4.9,,20,28,Promoted,Yes,2014,Villupuram
E1096,Veer Dhillon,Female,34,Finance,Tax Analyst,46974,8,Office,4.3,85,10,32,Promoted,No,2011,Pudukkottai
E1097,Tara Khanna,Female,25,IT,DevOps Engineer,31815,10,Hybrid,4.2,97,5,24,Not Promoted,,2017,Ramanathapuram
E1098,Dhanuk Kunda,Female,33,Finance,Accountant,43958,3,Office,4.6,82,14,9,Not Promoted,Yes,2016,Ariyalur
E1099,Drishya Yadav,Female,24,HR,Recruiter,30160,8,Office,4.9,96,9,9,Not Promoted,No,2017,Perambalur
E1100,Samaira Karpe,Female,31,Sales,Marketing Executive,55277,2,Office,4.5,88,6,25,Promoted,No,2020,Nilgiris
E1101,Saira Kade,Male,32,IT,DevOps Engineer,41800,8,Hybrid,5,84,8,14,Not Promoted,Yes,2022,Pollachi
E1102,Shanaya Zacharia,Male,33,Sales,Marketing Executive,72381,3,Hybrid,4.3,93,16,13,Promoted,Yes,2019,Kumbakonam
E1103,Lakshit Tank,Female,28,IT,Backend Developer,63358,6,WFH,4.8,83,4,6,Promoted,No,2019,Mayiladuthurai
E1104,Dhanush Dara,,29,Finance,Accountant,84159,7,Hybrid,3.2,79,10,8,Promoted,Yes,2023,Tenkasi
E1105,Mannat Bail,Male,22,Finance,Finance Executive,75238,1,Hybrid,4.4,79,19,36,Promoted,Yes,2012,Rajapalayam
E1106,Azad Keer,Male,35,Sales,Sales Executive,57316,9,WFH,,81,3,15,Not Promoted,No,2011,Avadi
E1107,Manjari Tak,Female,29,HR,HR Executive,,6,WFH,3.5,83,19,8,Not Promoted,No,2017,Tambaram
E1108,Vivaan Kumar,Female,24,Finance,Accountant,76406,6,Office,4.1,96,18,21,Promoted,Yes,2015,Ambattur
E1109,Kiaan Thakur,Female,35,HR,HR Manager,60492,1,WFH,4.1,94,8,40,Promoted,No,2023,Pallavaram
E1110,Mamooty Sastry,Male,33,HR,HR Executive,64400,8,Hybrid,3.9,77,4,11,Not Promoted,Yes,2018,Guduvanchery
E1111,Vivaan Reddy,Female,36,HR,Payroll Executive,73831,8,Hybrid,4.4,79,17,37,Not Promoted,Yes,2022,Mettur
E1112,Mamooty Karnik,Female,34,Finance,Budget Analyst,69457,12,Hybrid,3.8,78,11,13,Promoted,No,2023,Ranipet
E1113,Stuvan Chaudhuri,Male,38,Finance,Financial Analyst,48233,8,Hybrid,4.3,95,9,28,Promoted,Yes,2014,Walajapet
E1114,Krish Mandal,Male,25,Sales,Sales Coordinator,71294,15,,4,93,16,21,Not Promoted,Yes,2017,Arakkonam
E1115,Jayan Tak,Female,24,Finance,Tax Analyst,39165,13,Office,3.4,99,5,12,Promoted,Yes,2020,Chidambaram
E1116,Shaan Sehgal,Male,35,HR,Recruiter,70715,14,WFH,4.2,89,11,16,Promoted,Yes,,Panruti
E1117,Mehul Iyer,Male,23,Sales,Business Development Executive,75911,7,Office,,97,19,14,Promoted,No,2021,Neyveli
E1118,Navya Kumer,Female,30,Finance,Tax Analyst,67598,3,Office,4.5,75,2,30,Not Promoted,No,2022,Paramakudi
E1119,Faiyaz Subramanian,,25,Sales,Sales Executive,75674,,WFH,3.6,93,10,31,Not Promoted,No,2018,Karaikudi
E1120,Ivan Soni,Female,24,HR,Recruiter,73042,13,WFH,3.8,88,13,29,Not Promoted,Yes,2018,Oddanchatram
E1121,Nirvaan Singhal,Female,33,HR,HR Executive,72164,12,Office,3.9,77,2,19,Promoted,No,2011,Palani
E1122,Riya Ganesan,Female,31,Sales,Business Development Executive,64571,1,Hybrid,3.9,91,16,15,Not Promoted,Yes,2014,Udumalpet
E1123,Seher Baral,Female,29,HR,HR Analyst,51373,8,WFH,4.4,85,3,31,Promoted,No,2020,Chennai
E1124,Vardaniya Mahal,Female,22,IT,Data Analyst,63584,15,Office,3.5,,12,17,Promoted,No,2012,Coimbatore
E1125,Ivan Chadha,Male,26,Finance,Finance Executive,80884,1,Office,3.7,81,14,26,Promoted,No,2022,Madurai
E1126,Ranbir Master,Male,23,Sales,Area Manager,32399,3,Office,4.9,84,17,29,Promoted,Yes,2013,Trichy
E1127,Indrans Kakar,Female,25,Finance,Budget Analyst,79254,2,Office,4.5,83,16,31,Promoted,No,2018,Salem
E1128,Tanya Andra,Female,35,Finance,Accountant,82832,11,Office,4.8,98,5,24,Promoted,No,2013,Tirunelveli
E1129,Inaaya  Virk,Male,27,Sales,Marketing Executive,72166,8,WFH,3.5,78,8,24,Not Promoted,No,2022,Erode
E1130,Eva Golla,Male,33,IT,Cloud Engineer,36862,2,Hybrid,3.5,75,13,32,Promoted,Yes,2015,Vellore
E1131,Myra Tailor,Male,23,IT,DevOps Engineer,82457,7,WFH,4.7,88,3,15,Promoted,Yes,2013,Thanjavur
E1132,Eva Rajan,Male,23,Finance,Finance Executive,69516,14,Office,3.8,83,20,33,Promoted,Yes,2012,Hosur
E1133,Azad Dani,Female,38,HR,Recruiter,41604,15,Office,4.4,79,9,6,Promoted,Yes,2018,Tiruppur
E1134,Damini Bhargava,Male,28,HR,Payroll Executive,77329,9,WFH,4.1,81,7,6,Not Promoted,Yes,2023,Thoothukudi
E1135,Navya Thaker,Male,34,IT,Data Analyst,54359,6,Hybrid,3.9,84,9,33,Not Promoted,Yes,2019,Dindigul
E1136,Myra Dani,Male,38,IT,DevOps Engineer,83921,7,Office,3.5,92,13,10,Promoted,No,2018,Karur
E1137,Lakshay Agate,Female,38,IT,Backend Developer,83702,6,Office,3.3,86,3,26,Not Promoted,No,2021,Nagercoil
E1138,Divyansh Cherian,,29,Sales,Marketing Executive,40947,12,WFH,4.2,87,14,8,Promoted,No,2021,Kanchipuram
E1139,Aarush Bora,Male,24,IT,DevOps Engineer,58448,14,Office,4.1,97,6,5,Promoted,No,2023,Cuddalore
E1140,Sara Johal,Female,27,Finance,Auditor,60928,6,Hybrid,4.1,90,2,17,Not Promoted,No,2019,Nagapattinam
E1141,Mehul Sharma,Male,23,HR,Training Coordinator,57707,2,,3.3,79,2,33,Not Promoted,Yes,2019,Sivakasi
E1142,Hridaan Buch,Male,32,IT,Backend Developer,68949,13,Hybrid,3.9,85,2,14,Promoted,Yes,2011,Virudhunagar
E1143,Dharmajan Aurora,Male,32,HR,HR Manager,51510,14,Hybrid,4.7,81,1,,Not Promoted,Yes,2019,Namakkal
E1144,Manjari Anand,Male,26,Sales,Sales Coordinator,59521,13,Office,3.7,91,20,13,Promoted,Yes,2023,Dharmapuri
E1145,Anvi Guha,Male,35,HR,Payroll Executive,83779,5,Office,3.9,86,4,30,Not Promoted,Yes,2016,Krishnagiri
E1146,Ela Barman,Female,29,Sales,Sales Executive,31424,3,WFH,4.8,91,20,21,Promoted,Yes,2023,Villupuram
E1147,Madhup Banik,Male,25,HR,Training Coordinator,56466,8,WFH,3.8,82,11,37,Promoted,No,2018,Pudukkottai
E1148,Yasmin Lalla,Female,25,IT,Backend Developer,68822,4,,4.2,97,8,,Not Promoted,No,2013,Ramanathapuram
E1149,Arnav Lall,Male,,Finance,Auditor,36843,15,WFH,4.9,80,12,36,Not Promoted,Yes,2020,Ariyalur
E1150,Zoya Raj,Male,27,IT,DevOps Engineer,49635,2,Hybrid,4.3,84,5,33,Promoted,No,2019,Perambalur
E1151,Yakshit Hora,Male,26,Finance,Accountant,40707,14,Office,5,78,16,7,Promoted,Yes,2016,Nilgiris
E1152,Tanya Gopal,Female,36,HR,Training Coordinator,32099,1,Office,5,86,11,13,Not Promoted,Yes,2017,Pollachi
E1153,Azad Samra,,30,HR,Training Coordinator,71524,10,WFH,3.3,88,7,40,Promoted,No,2021,Kumbakonam
E1154,Nirvaan Zacharia,Male,22,Finance,Financial Analyst,31790,12,Hybrid,4.5,,6,10,Not Promoted,Yes,2019,Mayiladuthurai
E1155,Abram Ravi,Male,37,Finance,Auditor,73149,14,WFH,4.6,81,7,11,Not Promoted,Yes,2011,Tenkasi
E1156,Elakshi Gara,Female,35,IT,QA Engineer,49156,14,Office,4,,3,28,Promoted,Yes,2018,Rajapalayam
E1157,Riaan Rout,Male,23,IT,Cloud Engineer,65889,14,WFH,4.2,83,10,20,Promoted,No,2011,Avadi
E1158,Arhaan Chauhan,Female,33,HR,HR Analyst,60225,14,WFH,4,87,12,28,Promoted,Yes,2016,Tambaram
E1159,Aarav Raman,Male,30,HR,Payroll Executive,62456,11,Office,4.2,81,15,37,Promoted,No,2014,Ambattur
E1160,Adah Ram,Male,24,Sales,Sales Coordinator,76677,2,WFH,3.5,80,1,23,Not Promoted,Yes,2016,Pallavaram
E1161,Anahita Loyal,Female,37,Sales,,82463,8,Hybrid,3.8,92,20,34,Not Promoted,No,2021,Guduvanchery
E1162,Miraya Handa,Male,25,Finance,Auditor,50344,13,WFH,3.9,85,10,36,Not Promoted,Yes,2015,Mettur
E1163,Aniruddh Luthra,Female,36,HR,HR Analyst,66450,12,Office,4.3,,20,25,Promoted,No,2015,Ranipet
E1164,Anvi Mani,Female,31,Sales,Sales Executive,36169,6,Office,3.8,98,8,12,Promoted,Yes,2017,Walajapet
E1165,Anahita Balay,Male,25,Sales,Business Development Executive,74232,12,WFH,3.8,90,8,26,Promoted,Yes,2019,Arakkonam
E1166,Zaina Barad,Male,23,Finance,Tax Analyst,68718,12,Office,4.1,81,15,28,Promoted,Yes,2013,Chidambaram
E1167,Vedika Grover,Male,25,IT,Backend Developer,41999,9,Office,3.4,95,10,38,Promoted,No,2011,Panruti
E1168,Samiha Datta,Female,30,IT,Data Analyst,64556,11,WFH,3.7,87,9,14,Not Promoted,No,2012,Neyveli
E1169,Aaryahi Sama,Male,31,Finance,,69403,7,Hybrid,4.1,85,9,38,Promoted,No,2017,Paramakudi
E1170,Kiaan Dasgupta,Male,28,Sales,Marketing Executive,60337,1,Office,3.7,79,10,38,Promoted,Yes,2024,Karaikudi
E1171,Amira Tripathi,Female,22,Finance,Accountant,32572,7,WFH,4.7,76,11,8,Not Promoted,No,2013,Oddanchatram
E1172,Ritvik Gandhi,Female,25,Finance,Auditor,50893,2,Hybrid,4.6,84,6,13,Not Promoted,Yes,2011,Palani
E1173,Arhaan Dey,Male,27,Sales,Sales Coordinator,55413,12,Office,4.5,,10,,Not Promoted,No,2018,Udumalpet
E1174,Chirag Kohli,Female,32,HR,Payroll Executive,55478,11,Office,3.4,82,2,17,Promoted,,2017,Chennai
E1175,Dishani Sarkar,Male,23,Sales,Marketing Executive,47363,6,Office,3.4,79,2,16,Promoted,No,2019,Coimbatore
E1176,Mannat Madan,Male,29,HR,Recruiter,38926,12,Office,3.8,86,,,Not Promoted,Yes,2012,Madurai
E1177,Nishith Dalal,Male,31,HR,HR Manager,33733,12,Office,4.9,93,6,7,Not Promoted,No,2013,Trichy
E1178,Jayant Baral,Female,23,Sales,Marketing Executive,30264,11,Office,3.8,90,3,5,Promoted,No,2024,Salem
E1179,Anahita Sankar,Male,37,HR,HR Executive,48290,11,Hybrid,3.7,76,14,21,Promoted,Yes,2019,Tirunelveli
E1180,Yuvraj  Jhaveri,Male,32,,HR Manager,54804,14,Office,3.8,80,2,15,Not Promoted,Yes,2024,Erode
E1181,Romil Madan,Female,32,Sales,Business Development Executive,48997,8,Office,4.7,98,14,30,Not Promoted,No,,Vellore
E1182,Ryan Bala,Male,23,Sales,Business Development Executive,50447,10,Hybrid,4.6,93,1,35,Not Promoted,No,2021,Thanjavur
E1183,Sana Dhar,Male,30,IT,Cloud Engineer,,11,WFH,4.6,86,12,22,Not Promoted,No,2016,Hosur
E1184,Samarth Joshi,Male,24,Sales,Area Manager,50956,2,WFH,4.2,97,16,36,Not Promoted,No,2015,Tiruppur
E1185,Mishti Chawla,Female,26,IT,Data Analyst,69248,11,Office,4.1,76,11,27,Not Promoted,No,2016,Thoothukudi
E1186,Rania Seshadri,Male,24,HR,Payroll Executive,49329,1,Hybrid,4.4,89,15,20,Promoted,Yes,2013,Dindigul
E1187,Madhav Sahota,Male,38,IT,Data Analyst,72543,,Office,4.5,95,16,5,Promoted,Yes,2020,Karur
E1188,Ira Aurora,Female,24,IT,UI Designer,32899,10,Hybrid,4.2,93,10,11,Promoted,No,2017,Nagercoil
E1189,Vedika Dhillon,Female,33,HR,HR Executive,44604,11,Office,3.9,87,10,33,Promoted,Yes,2017,Kanchipuram
E1190,Keya Reddy,Female,24,Finance,Accountant,42476,6,Office,3.9,87,14,7,Not Promoted,No,2024,Cuddalore
E1191,Anay Bobal,Male,34,Finance,Accountant,30393,3,Hybrid,4,81,14,12,Not Promoted,Yes,2024,Nagapattinam
E1192,Anaya Chaudhari,Female,35,Sales,Business Development Executive,59891,8,Office,4.5,75,12,40,Promoted,No,2020,Sivakasi
E1193,Ritvik Sha,Female,35,Finance,Finance Executive,76954,7,Hybrid,4.6,91,6,5,Not Promoted,No,2020,Virudhunagar
E1194,Aradhya Buch,Female,27,IT,DevOps Engineer,69217,7,Office,4.4,80,9,25,Not Promoted,No,2015,Namakkal
E1195,Indrajit Sheth,Female,29,IT,Cloud Engineer,41655,15,Hybrid,3.3,,20,39,Promoted,No,2021,Dharmapuri
E1196,Divit Trivedi,Male,38,Sales,Marketing Executive,58520,7,Office,4.1,95,7,36,Not Promoted,Yes,2021,Krishnagiri
E1197,Diya Rajagopal,Female,33,Finance,Auditor,33551,3,WFH,4.1,,13,28,Not Promoted,No,2020,Villupuram
E1198,Pihu Bhasin,Male,36,Finance,Finance Executive,59856,10,Office,5,76,11,37,Promoted,No,2022,Pudukkottai
E1199,Kanav Ghose,Male,30,HR,Training Coordinator,60754,12,WFH,3.6,99,4,27,Promoted,Yes,2024,Ramanathapuram
E1200,Tara Garde,Male,25,Sales,Sales Coordinator,68670,10,Office,3.4,92,1,6,Promoted,Yes,2017,Ariyalur
E1201,Bhamini Solanki,Female,36,Sales,Business Development Executive,78503,5,Hybrid,4.4,97,15,32,Promoted,No,2024,Perambalur
E1202,Tejas Samra,Male,32,Sales,Area Manager,58182,2,Office,4.9,77,5,11,Promoted,Yes,2016,Nilgiris
E1203,Renee Bumb,Male,29,IT,Software Developer,70368,14,Hybrid,4.5,90,1,11,Not Promoted,Yes,2018,Pollachi
E1204,Advik Bedi,Female,25,HR,HR Manager,65880,15,WFH,4.5,95,,6,Not Promoted,No,2016,Kumbakonam
E1205,Sahil Raj,Male,22,IT,Software Developer,41996,10,Office,3.4,97,6,27,Promoted,Yes,2013,Mayiladuthurai
E1206,Jhanvi Rege,Female,32,Sales,Marketing Executive,83633,3,WFH,4.8,82,9,21,Not Promoted,Yes,2012,Tenkasi
E1207,Nehmat Sethi,Male,23,Sales,Sales Coordinator,47826,14,WFH,4.9,84,18,16,Not Promoted,No,2012,Rajapalayam
E1208,Kashvi Tailor,Male,25,Finance,Financial Analyst,50583,13,Hybrid,4.4,86,11,10,Promoted,Yes,2022,Avadi
E1209,Hridaan Amble,Male,38,HR,Training Coordinator,63191,8,Hybrid,4.9,76,11,24,Promoted,No,2011,Tambaram
E1210,Nehmat Suri,Female,23,Sales,Sales Coordinator,38531,13,Hybrid,4.1,96,17,39,Promoted,Yes,2013,Ambattur
E1211,Ishita Bedi,Female,34,IT,DevOps Engineer,51067,1,Office,3.8,75,9,37,Not Promoted,Yes,2011,Pallavaram
E1212,Piya Tailor,Male,29,HR,HR Executive,69849,14,Hybrid,4.9,96,12,6,Not Promoted,No,2023,Guduvanchery
E1213,Prisha Boase,,25,Sales,Area Manager,61368,7,Office,4.6,93,13,28,Not Promoted,Yes,2019,Mettur
E1214,Prisha Walla,Female,25,IT,Cloud Engineer,70897,11,WFH,3.3,75,4,29,Not Promoted,Yes,2017,Ranipet
E1215,Piya Saran,Female,30,IT,UI Designer,37064,14,,4.9,92,10,7,Promoted,No,2020,Walajapet
E1216,Jhanvi Bora,Male,26,IT,Software Developer,50695,8,Office,4.9,89,17,29,Promoted,No,2021,Arakkonam
E1217,Madhav Johal,Female,30,HR,HR Manager,48793,14,Office,4.6,75,4,24,Not Promoted,Yes,2014,Chidambaram
E1218,Saanvi Sethi,Female,30,HR,HR Analyst,37336,14,Hybrid,4.3,80,14,11,Promoted,No,2019,Panruti
E1219,Ehsaan Som,Female,36,HR,Payroll Executive,38264,9,Hybrid,4.8,75,6,33,Not Promoted,No,,Neyveli
E1220,Zara Gola,Male,35,IT,DevOps Engineer,67709,9,Hybrid,4,91,4,24,Not Promoted,No,2023,Paramakudi
E1221,Hrishita Baral,Male,28,Finance,Finance Executive,71708,,WFH,4.3,91,3,29,Promoted,Yes,2018,Karaikudi
E1222,Misha Ganguly,Female,36,Finance,Accountant,34421,8,Office,3.7,95,14,9,Promoted,Yes,2024,Oddanchatram
E1223,Neelofar Roy,Male,37,IT,UI Designer,58225,10,Office,4.8,89,4,8,Not Promoted,No,2014,Palani
E1224,Ivana Wagle,Female,34,Sales,Area Manager,62180,6,WFH,3.9,87,14,39,Promoted,No,2012,Udumalpet
E1225,Siya Shetty,Male,33,Finance,Finance Executive,82067,5,Office,4.6,84,9,6,Promoted,No,2022,Chennai
E1226,Rasha Ravel,Female,37,Sales,Sales Coordinator,30940,3,Office,3.3,82,17,37,Promoted,No,2021,Coimbatore
E1227,Nitara Bajwa,Female,,IT,DevOps Engineer,78344,14,Hybrid,3.3,92,7,14,Promoted,No,2013,Madurai
E1228,Advika Kari,Female,31,IT,Cloud Engineer,42702,3,Hybrid,3.6,94,15,30,Not Promoted,Yes,2021,Trichy
E1229,Kismat Varty,Male,,Sales,Sales Coordinator,64872,1,WFH,3.5,81,11,6,Promoted,No,2016,Salem
E1230,Hansh Magar,Male,23,IT,Backend Developer,50134,8,Hybrid,4.6,75,16,20,Not Promoted,No,2018,Tirunelveli
E1231,Raunak Kunda,Female,26,Sales,Business Development Executive,30996,4,Hybrid,3.2,98,15,24,Promoted,Yes,2023,Erode
E1232,Renee Mane,Male,28,HR,HR Executive,67888,5,Office,4.7,89,2,36,Not Promoted,Yes,2019,Vellore
E1233,Rohan Majumdar,Female,25,IT,DevOps Engineer,31600,10,WFH,4.7,,2,15,Not Promoted,No,2011,Thanjavur
E1234,Divit Rastogi,Female,38,IT,Cloud Engineer,62873,1,Hybrid,3.4,87,11,17,Promoted,Yes,2021,Hosur
E1235,Akarsh Raval,Female,26,IT,Data Analyst,51393,7,Office,4.6,88,1,25,Promoted,Yes,2021,Tiruppur
E1236,Kiara Chahal,Female,25,Finance,Accountant,59733,6,Office,4,98,8,16,Not Promoted,No,2020,Thoothukudi
E1237,Anaya Kapur,Male,23,HR,Payroll Executive,55881,4,WFH,4.1,83,13,19,Not Promoted,No,2016,Dindigul
E1238,Neelofar Dave,Male,22,IT,Data Analyst,71319,3,Office,4,89,14,10,Not Promoted,Yes,2019,Karur
E1239,Sana Tandon,Female,29,Finance,Financial Analyst,33129,11,,4.1,76,4,23,Not Promoted,No,2016,Nagercoil
E1240,Tara Chandra,,35,Finance,Auditor,83153,1,Hybrid,3.9,88,1,7,Not Promoted,No,2019,Kanchipuram
E1241,Trisha Agate,Female,38,Finance,Auditor,48287,10,Office,4.4,93,,38,Not Promoted,No,2013,Cuddalore
E1242,Manjari Arora,Female,26,IT,Cloud Engineer,51942,14,Office,3.6,87,13,24,Promoted,Yes,2017,Nagapattinam
E1243,Samiha Kaur,Male,27,Sales,Area Manager,74607,13,Hybrid,4.4,82,16,5,Promoted,Yes,2021,Sivakasi
E1244,Azad Kibe,Female,32,HR,HR Executive,66404,11,Hybrid,4.9,98,8,6,,Yes,2012,Virudhunagar
E1245,Heer Lanka,Male,30,HR,Payroll Executive,66121,8,Office,3.6,,7,37,Not Promoted,Yes,2015,Namakkal
E1246,Mahika Grewal,Female,28,Sales,Marketing Executive,72164,1,WFH,4.9,84,15,13,Not Promoted,Yes,2017,Dharmapuri
E1247,Yashvi Jayaraman,Female,30,HR,HR Analyst,35150,11,WFH,3.4,92,17,26,Not Promoted,Yes,2016,Krishnagiri
E1248,Anaya Sama,Male,32,Finance,Budget Analyst,79584,2,Hybrid,3.5,78,5,37,Promoted,,2023,Villupuram
E1249,Anahita Ray,Male,34,IT,UI Designer,40974,6,Hybrid,4.7,80,7,16,Promoted,No,2020,Pudukkottai
E1250,Gokul Dani,Female,22,HR,Recruiter,57287,15,WFH,4,85,6,18,Promoted,Yes,2012,Ramanathapuram
E1251,Farhan Hayer,Female,25,Finance,Accountant,83281,14,Office,4.7,96,2,30,Not Promoted,No,2024,Ariyalur
E1252,Shayak Bawa,Male,32,IT,QA Engineer,51455,6,Office,5,88,16,13,Promoted,No,2021,Perambalur
E1253,Biju Deep,Female,32,Sales,Sales Executive,42655,4,Hybrid,4.6,96,13,18,Not Promoted,No,2016,Nilgiris
E1254,Saira Bala,Female,37,HR,HR Analyst,,4,Office,3.6,80,9,31,Not Promoted,No,2022,Pollachi
E1255,Saira Gola,Female,22,Sales,Sales Executive,48218,15,WFH,3.9,79,18,14,Not Promoted,Yes,2017,Kumbakonam
E1256,Onkar Jaggi,Female,29,HR,Training Coordinator,84593,12,WFH,4.5,82,12,24,Promoted,Yes,2012,Mayiladuthurai
E1257,Emir D’Alia,Female,22,Sales,Sales Coordinator,50774,9,WFH,4.5,89,16,37,Not Promoted,Yes,2017,Tenkasi
E1258,Charvi Sur,Female,35,Finance,Budget Analyst,82672,2,Hybrid,3.6,79,8,34,Not Promoted,No,2017,Rajapalayam
E1259,Trisha Chatterjee,Female,34,IT,Software Developer,57178,13,Hybrid,3.9,92,17,23,Promoted,No,2018,Avadi
E1260,Divij Khosla,Female,27,Finance,Budget Analyst,62508,15,Office,4.1,98,15,36,Not Promoted,No,2022,Tambaram
E1261,Biju Shroff,Female,22,IT,Backend Developer,30229,12,WFH,4.5,80,7,15,Promoted,Yes,2013,Ambattur
E1262,Ivana Kara,Male,30,HR,HR Analyst,73498,11,WFH,5,85,9,32,Promoted,Yes,2011,Pallavaram
E1263,Divij Ratta,Male,38,Sales,Sales Executive,68461,3,Office,4,90,4,14,,No,2011,Guduvanchery
E1264,Taimur Karnik,Female,33,Finance,Financial Analyst,53709,5,WFH,4.4,76,2,27,Not Promoted,Yes,2015,Mettur
E1265,Ahana  Kara,Male,33,IT,Cloud Engineer,,4,Office,3.4,95,18,10,,No,2019,Ranipet
E1266,Pranay Cheema,Male,34,HR,HR Analyst,64238,14,Hybrid,4.4,93,5,27,Promoted,No,2022,Walajapet
E1267,Ojas Sankaran,Female,37,Sales,Sales Coordinator,44547,13,Office,4.6,93,14,17,Not Promoted,No,2018,Arakkonam
E1268,Faiyaz Khurana,Female,30,HR,HR Executive,60465,11,Hybrid,3.3,92,8,18,Promoted,No,2018,Chidambaram
E1269,Nishith Bedi,Female,36,Sales,Marketing Executive,40631,11,WFH,4.8,96,5,36,Promoted,No,2014,Panruti
E1270,Shray Bhargava,Female,30,HR,HR Executive,33532,9,Office,4.7,86,16,40,,No,2018,Neyveli
E1271,Riaan Chanda,Male,35,Sales,Area Manager,72741,9,Hybrid,4.2,85,5,15,Not Promoted,No,2022,Paramakudi
E1272,Zara Madan,Male,28,IT,Software Developer,65196,4,Hybrid,4.7,92,12,12,Promoted,Yes,2013,Karaikudi
E1273,Sahil Basak,Male,33,Sales,Sales Executive,62380,15,WFH,3.8,,1,22,Promoted,Yes,2020,Oddanchatram
E1274,Ivana Lad,Female,22,HR,Recruiter,70668,6,WFH,4.2,99,17,17,Not Promoted,,2021,Palani
E1275,Vardaniya Luthra,Male,27,IT,Backend Developer,78232,7,Office,4.5,80,4,22,Not Promoted,Yes,2022,Udumalpet
E1276,Lakshit Tata,Female,38,HR,HR Analyst,44104,10,Office,3.9,97,10,26,Not Promoted,Yes,2024,Chennai
E1277,Shanaya Kakar,Male,32,Finance,Tax Analyst,83689,12,WFH,5,90,7,11,Not Promoted,Yes,2023,Coimbatore
E1278,Faiyaz Varty,Female,26,Sales,Marketing Executive,36739,13,Hybrid,3.6,90,5,28,Promoted,No,2018,Madurai
E1279,Mahika Baral,Male,35,Sales,Marketing Executive,61229,2,WFH,4.1,87,18,34,Not Promoted,Yes,2018,Trichy
E1280,Azad Mangal,Male,23,IT,,50537,4,Hybrid,4.1,97,14,39,Not Promoted,No,2011,Salem
E1281,Manjari Sehgal,Female,22,IT,Data Analyst,34407,1,WFH,3.7,77,6,21,Promoted,No,2021,Tirunelveli
E1282,Bhamini Sura,Female,25,Finance,Tax Analyst,39723,9,Office,4.4,90,14,24,Not Promoted,No,2020,Erode
E1283,Alia Hans,Male,24,IT,DevOps Engineer,42960,4,WFH,4.1,84,20,35,Promoted,No,2021,Vellore
E1284,Ivan Bhatti,Female,30,Sales,Sales Coordinator,76553,5,Office,4.9,97,10,17,Promoted,Yes,2017,Thanjavur
E1285,Devansh Setty,Male,32,IT,DevOps Engineer,49197,2,Hybrid,3.4,97,6,22,Not Promoted,No,2011,Hosur
E1286,Nayantara Kata,Female,37,IT,Data Analyst,,2,Hybrid,3.4,80,9,10,Promoted,Yes,2021,Tiruppur
E1287,Misha Sampath,Female,31,Finance,,55168,5,Office,3.5,98,14,32,Promoted,No,2013,Thoothukudi
E1288,Mannat Sibal,Male,24,HR,Payroll Executive,54254,4,Hybrid,4.3,98,8,40,Not Promoted,Yes,2021,Dindigul
E1289,Aaina Venkatesh,Male,23,Finance,Accountant,60913,5,Office,,83,2,15,Promoted,Yes,2022,Karur
E1290,Vanya Rana,Female,27,HR,HR Analyst,33580,6,Office,4.8,76,10,8,Promoted,Yes,2019,Nagercoil
E1291,Mishti Mand,Male,26,,Data Analyst,80231,15,Hybrid,3.6,80,20,22,Not Promoted,No,2018,Kanchipuram
E1292,Shayak Saini,Female,23,HR,HR Manager,71447,7,,3.3,78,7,11,Promoted,No,2011,Cuddalore
E1293,Rohan Ramakrishnan,Female,38,HR,HR Executive,53810,3,Hybrid,3.8,85,10,26,Promoted,No,2017,Nagapattinam
E1294,Kismat Das,Male,23,IT,Backend Developer,68373,7,WFH,3.8,76,5,32,Promoted,No,2019,Sivakasi
E1295,Veer Lad,Male,26,Finance,Finance Executive,80932,6,Hybrid,3.6,87,17,35,Not Promoted,Yes,2020,Virudhunagar
E1296,Ela Bajaj,Male,22,IT,Cloud Engineer,,7,WFH,3.8,76,11,6,Not Promoted,Yes,2014,Namakkal
E1297,Piya Rege,Female,22,IT,DevOps Engineer,53768,13,WFH,3.5,89,2,31,Not Promoted,No,2021,Dharmapuri
E1298,Zara Dave,Male,26,Sales,Business Development Executive,55552,6,Office,4.1,81,20,6,Promoted,No,2016,Krishnagiri
E1299,Yakshit Borde,Male,22,Sales,Sales Coordinator,69657,12,Hybrid,3.2,95,3,19,Not Promoted,Yes,2019,Villupuram
E1300,Anahi Bassi,Female,31,HR,HR Executive,64120,14,Hybrid,4.5,78,19,17,Promoted,No,2017,Pudukkottai
E1301,Mehul Zacharia,Female,31,HR,HR Executive,59321,1,Hybrid,4.6,95,14,32,Not Promoted,No,2011,Ramanathapuram
E1302,Neelofar Kadakia,Female,31,IT,Data Analyst,74017,1,Office,3.9,91,10,27,Promoted,Yes,2011,Ariyalur
E1303,Hunar Dey,Male,25,Sales,Area Manager,43003,11,Office,4.4,99,4,31,Not Promoted,No,2020,Perambalur
E1304,Advika Samra,Female,26,IT,QA Engineer,62155,6,Hybrid,4.8,95,2,28,Not Promoted,Yes,2012,Nilgiris
E1305,Seher Bhakta,Female,32,HR,HR Executive,70891,4,Office,3.5,95,4,33,Not Promoted,Yes,2016,Pollachi
E1306,Rhea Mandal,Female,33,Sales,Area Manager,35944,2,Hybrid,4.2,97,12,14,Promoted,Yes,2013,Kumbakonam
E1307,Shayak Chadha,Female,33,,Auditor,65347,9,Office,4.8,86,16,19,Promoted,No,2015,Mayiladuthurai
E1308,Saira Bhatnagar,Female,,Finance,Budget Analyst,47452,3,Office,3.9,83,12,11,Not Promoted,No,2014,Tenkasi
E1309,Alisha Divan,Female,27,Sales,Area Manager,37571,6,Office,4.4,91,1,15,Not Promoted,No,2018,Rajapalayam
E1310,Manjari Sehgal,Female,25,Sales,Marketing Executive,73916,11,Office,5,97,9,20,Not Promoted,Yes,2011,Avadi
E1311,Rohan Lata,Male,36,Finance,Financial Analyst,46578,7,Hybrid,4.1,94,16,30,Promoted,No,2016,Tambaram
E1312,Nayantara Solanki,Female,38,Sales,Area Manager,58575,5,Office,4.2,79,18,18,Not Promoted,No,2017,Ambattur
E1313,Ayesha Sastry,Female,31,Finance,Budget Analyst,52126,3,Hybrid,4.3,88,6,32,Not Promoted,No,2024,Pallavaram
E1314,Charvi Badal,Female,28,HR,HR Executive,33844,5,Hybrid,5,86,14,10,Promoted,Yes,2016,Guduvanchery
E1315,Prisha Chacko,Male,28,,Marketing Executive,74085,15,WFH,4.9,92,8,37,Not Promoted,No,2013,Mettur
E1316,Vidur Vohra,Female,22,HR,HR Executive,61021,1,Office,4.2,81,20,16,Not Promoted,Yes,,Ranipet
E1317,Prisha Dhaliwal,Male,24,HR,Payroll Executive,81380,13,Hybrid,3.6,78,5,14,Promoted,Yes,2021,Walajapet
E1318,Keya Vasa,Female,37,IT,Backend Developer,47016,15,Office,4.7,86,7,29,Promoted,No,,Arakkonam
E1319,Mehul Kaul,Male,30,Sales,Marketing Executive,40052,2,WFH,3.3,79,20,10,Not Promoted,Yes,2011,Chidambaram
E1320,Vedika Desai,Female,38,HR,Training Coordinator,58493,8,Hybrid,3.2,92,5,20,Promoted,No,2012,Panruti
E1321,Dishani Walla,Male,29,Finance,Budget Analyst,,13,Office,4.5,87,19,39,Not Promoted,Yes,2016,Neyveli
E1322,Adira Sawhney,Male,23,Sales,Sales Executive,61985,,Office,3.3,81,17,11,Promoted,No,2014,Paramakudi
E1323,Anika Rajagopalan,Male,26,Finance,Financial Analyst,75518,6,Office,3.9,93,20,29,Not Promoted,Yes,2021,Karaikudi
E1324,Tanya Chana,Female,32,HR,Training Coordinator,57029,9,WFH,4.1,94,13,11,Not Promoted,No,2014,Oddanchatram
E1325,Shayak Bora,Female,30,HR,HR Analyst,34989,14,WFH,3.4,98,1,30,Not Promoted,Yes,2024,Palani
E1326,Zain Grover,Male,38,HR,Payroll Executive,78427,4,WFH,3.6,77,12,36,Not Promoted,No,2023,Udumalpet
E1327,Dharmajan Srivastava,Male,30,IT,,66009,7,WFH,3.7,76,20,,Not Promoted,Yes,2012,Chennai
E1328,Nitya Chadha,Female,28,Finance,Finance Executive,59889,13,Office,4.3,92,8,30,Not Promoted,Yes,2011,Coimbatore
E1329,Baiju Subramaniam,Male,36,,Finance Executive,80652,4,Office,3.8,79,2,25,Promoted,No,2016,Madurai
E1330,Prerak Sha,Male,25,HR,HR Executive,53240,6,Hybrid,5,89,11,12,Promoted,Yes,2011,Trichy
E1331,Shray Chokshi,Female,28,Finance,Auditor,71339,1,Hybrid,4.3,98,16,8,Promoted,No,2012,Salem
E1332,Nitya Gala,Male,30,Sales,Sales Coordinator,45321,,WFH,3.6,91,16,39,Not Promoted,No,2017,Tirunelveli
E1333,Charvi Chandra,Female,24,IT,Software Developer,61113,1,Hybrid,4.9,88,6,39,Not Promoted,No,2017,Erode
E1334,Charvi Sur,Male,23,IT,DevOps Engineer,31458,3,Hybrid,3.2,84,5,14,Not Promoted,No,2011,Vellore
E1335,Jayan Dewan,Female,33,IT,Data Analyst,63034,8,Office,3.3,76,14,23,Promoted,No,2016,Thanjavur
E1336,Hrishita Balasubramanian,Female,27,Sales,Sales Coordinator,61139,11,Office,3.5,94,7,21,Promoted,,2021,Hosur
E1337,Jhanvi Swaminathan,Female,23,HR,Payroll Executive,37452,10,Hybrid,3.9,97,16,5,Promoted,Yes,2015,Tiruppur
E1338,Arhaan Chowdhury,Male,37,Finance,Finance Executive,34553,4,Hybrid,4.7,78,3,38,Promoted,Yes,2020,Thoothukudi
E1339,Sahil Rout,Female,26,Finance,Finance Executive,46550,3,WFH,4.3,85,1,35,Not Promoted,No,2019,Dindigul
E1340,Divyansh Uppal,Female,29,HR,HR Manager,42325,6,Office,3.5,91,8,,Not Promoted,No,2024,Karur
E1341,Darshit Comar,Female,28,IT,Data Analyst,73883,3,Office,4.2,82,4,24,Promoted,No,2021,Nagercoil
E1342,Vidur Chakrabarti,Male,26,HR,HR Analyst,45619,6,Office,4.8,94,19,35,Not Promoted,Yes,2019,Kanchipuram
E1343,Hrishita Sane,Male,37,HR,Payroll Executive,52680,3,WFH,4.7,96,12,36,Not Promoted,No,2017,Cuddalore
E1344,Khushi Bajwa,Male,36,Finance,Financial Analyst,56980,11,Office,4.1,91,18,7,Not Promoted,Yes,2024,Nagapattinam
E1345,Aaryahi Vyas,Female,36,IT,QA Engineer,83744,2,Hybrid,3.8,85,6,10,Promoted,Yes,2019,Sivakasi
E1346,Pari Wali,Male,23,Sales,Business Development Executive,32033,4,WFH,3.5,91,9,5,Not Promoted,Yes,2020,Virudhunagar
E1347,Nitara Saraf,Male,30,Finance,Budget Analyst,42731,15,WFH,4.3,79,15,22,Promoted,No,2019,Namakkal
E1348,Nayantara Datta,Female,25,Sales,,48795,8,Hybrid,3.4,87,1,10,Not Promoted,No,2019,Dharmapuri
E1349,Reyansh Sama,Female,34,Sales,Sales Coordinator,55970,5,WFH,,98,8,24,Not Promoted,No,2012,Krishnagiri
E1350,Ritvik Vora,Male,36,HR,Recruiter,67254,15,Office,3.6,87,11,35,Promoted,Yes,2023,Villupuram
E1351,Uthkarsh Vig,Female,36,HR,Training Coordinator,62817,14,Office,4.1,91,17,9,Not Promoted,No,2014,Pudukkottai
E1352,Saira Khosla,Female,35,Finance,Budget Analyst,30611,11,Office,4.1,88,18,28,Promoted,No,2020,Ramanathapuram
E1353,Krish Gandhi,Female,24,IT,QA Engineer,82725,1,Office,3.5,85,19,23,Promoted,No,2023,Ariyalur
E1354,Ivan Bahri,Female,25,HR,Payroll Executive,61525,8,WFH,,78,17,31,Not Promoted,,2016,Perambalur
E1355,Hazel Din,Female,27,IT,QA Engineer,53916,7,Hybrid,3.9,97,9,14,Promoted,No,2022,Nilgiris
E1356,Lavanya Chacko,Male,28,Finance,Financial Analyst,82838,6,WFH,4.4,93,9,31,Not Promoted,Yes,2015,Pollachi
E1357,Taran Dhingra,Female,27,Sales,Sales Coordinator,45018,10,,5,81,2,26,Not Promoted,Yes,2018,Kumbakonam
E1358,Suhana Grover,Male,33,HR,HR Executive,43907,13,WFH,4.2,84,20,14,Not Promoted,Yes,2024,Mayiladuthurai
E1359,Kashvi Babu,Male,35,HR,Payroll Executive,55547,,WFH,4.8,97,16,10,Not Promoted,Yes,2018,Tenkasi
E1360,Madhup Keer,Female,34,Sales,Sales Executive,72714,8,WFH,3.3,82,1,37,Not Promoted,No,2014,Rajapalayam
E1361,Zeeshan Basak,Female,24,IT,Data Analyst,74363,10,Hybrid,3.6,84,16,15,Not Promoted,,2011,Avadi
E1362,Ryan Lanka,Male,28,IT,DevOps Engineer,42840,,WFH,4.4,95,4,22,Promoted,No,2024,Tambaram
E1363,Aniruddh Rattan,Female,33,HR,Payroll Executive,59387,15,Office,4.5,86,8,25,Not Promoted,No,2023,Ambattur
E1364,Indrans Ghosh,Female,28,HR,Recruiter,52091,15,Hybrid,4.9,84,4,5,Not Promoted,Yes,2017,Pallavaram
E1365,Suhana Ahluwalia,Male,36,Sales,Sales Coordinator,73582,13,WFH,4.7,83,7,39,Promoted,No,2011,Guduvanchery
E1366,Jiya Loyal,Male,30,IT,Backend Developer,32343,7,Office,3.8,89,1,26,Not Promoted,No,2017,Mettur
E1367,Baiju Cheema,Female,32,Sales,Business Development Executive,57616,12,Office,3.3,81,3,,Promoted,No,2016,Ranipet
E1368,Mohanlal Upadhyay,Female,23,Finance,Auditor,84982,11,Office,4.1,79,,31,Promoted,Yes,2014,Walajapet
E1369,Yuvraj  Bhalla,Male,38,Sales,Business Development Executive,36783,3,WFH,4,82,15,38,Promoted,,2017,Arakkonam
E1370,Jivika Iyer,Male,23,Sales,Sales Coordinator,83163,6,Office,4.5,78,20,9,Not Promoted,No,2011,Chidambaram
E1371,Madhav De,Female,33,IT,Backend Developer,60582,12,Hybrid,4.3,98,4,20,Promoted,No,2017,Panruti
E1372,Ivana Badal,Male,31,Sales,Sales Coordinator,59869,9,WFH,3.9,79,16,30,Promoted,No,2016,Neyveli
E1373,Bhavin Arora,Female,35,Finance,Tax Analyst,33466,8,Hybrid,3.7,98,15,40,Promoted,Yes,2021,Paramakudi
E1374,Jayan Dugal,Male,23,Sales,,59350,12,WFH,3.9,97,17,34,Promoted,No,2018,Karaikudi
E1375,Amani Saran,Male,32,HR,HR Manager,54475,15,Office,4.4,95,16,38,Promoted,No,2020,Oddanchatram
E1376,Charvi Yogi,Male,23,Sales,Sales Coordinator,62903,1,Office,4.5,84,7,37,Promoted,Yes,2024,Palani
E1377,Jivin Venkataraman,Male,33,HR,HR Analyst,62084,3,WFH,4.6,80,17,39,Promoted,Yes,2021,Udumalpet
E1378,Nitya Chanda,Female,29,HR,HR Analyst,60589,11,WFH,4.7,77,17,37,Promoted,Yes,2021,Chennai
E1379,Sumer Iyer,Female,29,IT,Backend Developer,56034,1,WFH,3.4,78,6,26,Not Promoted,,2017,Coimbatore
E1380,Miraya Seshadri,Female,30,IT,Software Developer,,4,WFH,4.7,86,9,33,Not Promoted,No,2017,Madurai
E1381,Hunar Cherian,Male,23,IT,Data Analyst,81126,4,Office,4.6,90,12,33,Not Promoted,No,2020,Trichy
E1382,Adah Bhattacharyya,Male,27,IT,Cloud Engineer,63283,2,Hybrid,3.3,87,6,8,Promoted,Yes,2020,Salem
E1383,Fateh Khanna,Female,38,Finance,Budget Analyst,57796,11,WFH,4.8,96,8,12,Not Promoted,Yes,2021,Tirunelveli
E1384,Dhanuk Tella,Female,38,Sales,Sales Coordinator,56696,14,Office,3.9,88,12,34,Promoted,No,2023,Erode
E1385,Lakshit Kale,Male,32,IT,Software Developer,50382,6,Office,3.9,80,11,38,Promoted,Yes,2021,Vellore
E1386,Mishti Malhotra,Female,26,Sales,Business Development Executive,36605,3,WFH,3.2,87,13,10,Not Promoted,Yes,2022,Thanjavur
E1387,Sara Solanki,,31,Sales,Sales Executive,33744,6,WFH,4.1,97,2,7,Not Promoted,No,2016,Hosur
E1388,Anay Chaudhari,Female,30,Sales,Area Manager,70006,5,Hybrid,4.6,97,9,18,Promoted,Yes,2022,Tiruppur
E1389,Pranay Datta,Male,25,HR,Recruiter,,2,Hybrid,4.6,91,19,25,Not Promoted,Yes,2013,Thoothukudi
E1390,Kimaya Rastogi,,23,HR,Payroll Executive,79145,10,Office,4.4,99,11,13,Not Promoted,No,2019,Dindigul
E1391,Ahana  Bir,Male,,HR,HR Manager,59815,12,WFH,4.3,94,13,16,Not Promoted,No,2011,Karur
E1392,Emir Chacko,Female,32,IT,Software Developer,30202,14,Hybrid,4.8,97,11,37,Promoted,No,2011,Nagercoil
E1393,Jayant Karnik,Male,33,Sales,Sales Coordinator,38916,8,Hybrid,3.9,96,3,6,Not Promoted,Yes,2011,Kanchipuram
E1394,Aniruddh Issac,Male,34,HR,HR Analyst,79080,8,WFH,3.7,96,10,35,Promoted,Yes,,Cuddalore
E1395,Heer Chadha,Male,30,HR,HR Manager,60014,9,Hybrid,4.5,81,11,13,Promoted,Yes,2016,Nagapattinam
E1396,Nitara Soman,Male,37,IT,Cloud Engineer,52873,1,,4.1,88,1,17,Promoted,Yes,2012,Sivakasi
E1397,Shayak Din,Female,26,IT,Cloud Engineer,57073,10,WFH,4.3,87,15,12,Promoted,No,2024,Virudhunagar
E1398,Riaan Sem,Male,25,Finance,Auditor,30022,12,Office,,75,2,,Not Promoted,Yes,2024,Namakkal
E1399,Shayak Kota,Male,25,IT,Software Developer,65724,1,Office,4.9,75,2,20,Promoted,Yes,2011,Dharmapuri
E1400,Pihu Bail,Male,28,Sales,Area Manager,,7,Office,3.9,86,16,29,Not Promoted,Yes,2013,Krishnagiri
E1401,Purab Bobal,Female,33,Sales,Sales Executive,48026,8,Office,3.2,82,16,16,Promoted,No,2024,Villupuram
E1402,Anvi Sahni,Male,24,HR,HR Manager,66692,3,Office,4.5,97,2,27,Promoted,,2017,Pudukkottai
E1403,Chirag Varty,Female,32,HR,Training Coordinator,30273,4,Office,3.5,84,5,18,Promoted,No,2019,Ramanathapuram
E1404,Anahi Dara,Male,23,Finance,Tax Analyst,32644,1,Hybrid,4.9,82,12,40,Not Promoted,Yes,2017,Ariyalur
E1405,Miraan Doctor,Female,28,Finance,Accountant,81923,1,Hybrid,3.5,99,4,34,Not Promoted,Yes,,Perambalur
E1406,Jayesh Iyer,Female,29,IT,Data Analyst,57700,9,Hybrid,4.6,94,14,15,Promoted,No,2022,Nilgiris
E1407,Suhana Din,Male,24,Sales,Area Manager,69044,7,Office,3.9,87,10,40,Not Promoted,Yes,2011,Pollachi
E1408,Samar Dasgupta,Male,29,IT,Data Analyst,67076,8,Hybrid,3.6,97,7,22,Not Promoted,No,2018,Kumbakonam
E1409,Aarush Barad,Male,22,HR,HR Executive,78876,4,Office,4.8,89,17,10,Promoted,Yes,2024,Mayiladuthurai
E1410,Anaya Chaudhry,Male,35,Sales,Sales Coordinator,54543,9,Hybrid,4.3,97,13,16,Not Promoted,Yes,2013,Tenkasi
E1411,Adira Dugar,Female,32,Sales,,41969,12,WFH,3.3,78,18,23,Promoted,No,2014,Rajapalayam
E1412,Anahi Yadav,Female,31,Sales,Area Manager,62845,9,Hybrid,4.1,83,2,35,Not Promoted,Yes,2012,Avadi
E1413,Ivana Kulkarni,Male,37,IT,UI Designer,77722,14,Office,,94,18,24,Promoted,Yes,2015,Tambaram
E1414,Yuvaan Shetty,Female,26,Finance,,34969,12,Office,4.9,82,16,26,Not Promoted,Yes,2019,Ambattur
E1415,Yuvraj  Shanker,Female,37,IT,,,1,Office,4.5,92,11,18,Promoted,No,2013,Pallavaram
E1416,Aarush Sekhon,Female,32,IT,UI Designer,33255,15,Office,4.5,99,5,20,Not Promoted,No,2022,Guduvanchery
E1417,Mahika Gala,Male,33,Finance,Auditor,38658,10,WFH,4,80,14,14,Promoted,Yes,2021,Mettur
E1418,Mishti Chaudry,Male,30,HR,HR Executive,81837,15,WFH,4,86,19,17,Promoted,No,2016,Ranipet
E1419,Rania Master,Female,33,IT,QA Engineer,69874,13,Office,3.9,77,4,34,Promoted,No,2021,Walajapet
E1420,Saira Bala,Male,35,Finance,Finance Executive,39501,4,Hybrid,4.4,97,14,5,Promoted,No,,Arakkonam
E1421,Pari Wason,Male,37,Finance,Tax Analyst,35209,5,Hybrid,3.3,94,7,25,Promoted,No,2022,Chidambaram
E1422,Romil Solanki,Male,33,Finance,Auditor,84890,3,Hybrid,3.9,78,6,31,Promoted,No,2012,Panruti
E1423,Azad Date,Male,27,IT,Backend Developer,83978,8,Office,4.9,96,5,8,Not Promoted,No,2017,Neyveli
E1424,Kaira Dass,Female,36,IT,QA Engineer,45836,14,Hybrid,4.5,80,6,35,Not Promoted,No,2023,Paramakudi
E1425,Myra Raman,Male,23,IT,QA Engineer,79921,10,WFH,4.8,85,6,7,Not Promoted,Yes,2018,Karaikudi
E1426,Ahana  Gokhale,Male,35,HR,Training Coordinator,81824,4,Hybrid,3.3,90,17,30,Promoted,No,2018,Oddanchatram
E1427,Shamik Gola,Male,27,Sales,Sales Executive,64770,8,Office,3.4,94,6,10,Not Promoted,Yes,2017,Palani
E1428,Eva Savant,Female,38,Sales,Sales Executive,56951,10,Hybrid,4.3,81,8,26,Not Promoted,No,2014,Udumalpet
E1429,Divij Chatterjee,Male,34,IT,QA Engineer,70067,,WFH,3.3,91,4,35,Not Promoted,Yes,2020,Chennai
E1430,Indrans Sarna,Female,30,Sales,Business Development Executive,73307,13,Hybrid,3.7,92,18,25,Not Promoted,No,2021,Coimbatore
E1431,Saanvi Choudhary,Male,34,Finance,Finance Executive,67182,14,Office,4.7,92,19,27,Not Promoted,Yes,2013,Madurai
E1432,Aarav Ratti,Male,27,Sales,Sales Coordinator,48821,4,Hybrid,4.7,83,6,30,Not Promoted,Yes,2021,Trichy
E1433,Aradhya Kata,Male,36,IT,Software Developer,50474,4,Hybrid,,77,8,35,Promoted,Yes,2011,Salem
E1434,Yashvi Manne,Male,31,Finance,Auditor,,9,Hybrid,4.6,82,10,6,Promoted,No,2014,Tirunelveli
E1435,Sara Bhargava,Female,26,IT,Cloud Engineer,82398,11,WFH,5,90,14,12,Not Promoted,Yes,2016,Erode
E1436,Reyansh Bala,,26,Finance,Financial Analyst,30799,12,WFH,4,81,4,29,Promoted,No,2016,Vellore
E1437,Miraya Sibal,Female,35,Finance,Accountant,30901,12,Office,4.2,99,20,7,Not Promoted,Yes,2019,Thanjavur
E1438,Khushi Bhakta,Male,34,Finance,Financial Analyst,73234,8,WFH,4.2,90,19,13,Promoted,No,2015,Hosur
E1439,Vritika Yogi,Male,36,Sales,Marketing Executive,75773,,Office,3.6,90,8,34,Promoted,No,2012,Tiruppur
E1440,Samiha Edwin,Male,28,Finance,Financial Analyst,75997,3,Office,3.6,,13,12,Promoted,No,2017,Thoothukudi
E1441,Abram Rajagopalan,Male,22,IT,Data Analyst,65825,5,Office,3.7,86,12,13,Not Promoted,Yes,2019,Dindigul
E1442,Ayesha Sabharwal,Male,29,HR,HR Analyst,33313,12,Hybrid,3.3,82,9,12,Not Promoted,Yes,2018,Karur
E1443,Prisha Agate,Male,33,IT,Software Developer,81568,9,Hybrid,4.2,76,10,14,Promoted,Yes,2024,Nagercoil
E1444,Nayantara Bath,Male,36,IT,Backend Developer,32036,12,Hybrid,3.9,78,13,9,Promoted,No,2013,Kanchipuram
E1445,Tiya Goswami,Male,38,Finance,Tax Analyst,39283,12,Hybrid,3.8,95,5,33,Promoted,Yes,2019,Cuddalore
E1446,Anay Kothari,Female,28,IT,Software Developer,52048,15,WFH,4.8,99,5,35,Promoted,Yes,2021,Nagapattinam
E1447,Jivika Lad,Male,28,Finance,Accountant,83592,3,Office,4.2,93,20,17,Promoted,Yes,2019,Sivakasi
E1448,Jayan Contractor,Male,33,IT,Software Developer,80021,,Hybrid,4.9,76,2,19,Not Promoted,No,2024,Virudhunagar
E1449,Jayant Chanda,Female,36,Sales,Business Development Executive,,1,WFH,3.5,84,8,9,Promoted,No,2014,Namakkal
E1450,Riaan Loyal,Female,28,Sales,Sales Coordinator,73654,15,Hybrid,4.9,92,10,21,Not Promoted,No,2014,Dharmapuri
E1451,Divij Varkey,Female,33,Finance,Auditor,67261,8,Hybrid,,98,6,31,Promoted,Yes,2012,Krishnagiri
E1452,Yuvaan Bhargava,Female,36,Finance,Accountant,,12,Hybrid,4.3,78,3,19,Not Promoted,No,2021,Villupuram
E1453,Vedika Sood,Male,34,HR,HR Executive,65582,6,Office,4.8,98,15,34,Promoted,No,2014,Pudukkottai
E1454,Manjari Dave,Male,33,IT,Cloud Engineer,35426,3,Hybrid,4.3,93,9,17,Not Promoted,Yes,2019,Ramanathapuram
E1455,Sumer Varkey,Female,22,IT,Cloud Engineer,31445,8,Hybrid,3.9,96,,12,Promoted,No,2019,Ariyalur
E1456,Renee Deol,Male,34,Sales,Business Development Executive,31497,5,Office,4.5,95,19,29,Promoted,No,2012,Perambalur
E1457,Kaira Grover,Male,30,IT,DevOps Engineer,57057,15,Hybrid,3.6,82,15,9,Promoted,No,2015,Nilgiris
E1458,Yuvraj  Dora,Male,31,Finance,Auditor,57215,7,Office,4.2,86,1,32,Not Promoted,Yes,2013,Pollachi
E1459,Kimaya Lala,Female,26,Finance,,71877,7,Hybrid,3.7,77,3,27,Promoted,Yes,2024,Kumbakonam
E1460,Faiyaz Hora,Male,24,Sales,Sales Coordinator,57822,2,Hybrid,3.4,95,4,21,Promoted,Yes,2022,Mayiladuthurai
E1461,Tara Bail,Male,,IT,Software Developer,55148,8,Office,4.2,95,4,5,Promoted,No,2012,Tenkasi
E1462,Miraya Varughese,Male,27,Sales,Sales Coordinator,60150,12,WFH,4.4,92,6,11,Promoted,No,2018,Rajapalayam
E1463,Aradhya Bassi,Female,34,IT,Cloud Engineer,45446,,Hybrid,4.8,,10,17,Not Promoted,No,2022,Avadi
E1464,Divyansh Dixit,Female,26,Sales,Business Development Executive,76792,13,WFH,3.5,99,12,28,Promoted,No,2013,Tambaram
E1465,Parinaaz Thakur,Female,34,Sales,Sales Coordinator,,15,,4,93,4,16,Promoted,Yes,2020,Ambattur
E1466,Ojas Sarkar,Male,34,HR,Payroll Executive,84567,3,WFH,4.5,77,8,8,Not Promoted,Yes,2018,Pallavaram
E1467,Prerak Anne,Female,26,HR,HR Analyst,47764,13,WFH,3.7,84,12,15,Not Promoted,Yes,2015,Guduvanchery
E1468,Ivana Roy,Male,25,IT,DevOps Engineer,70212,14,Hybrid,3.8,84,7,20,Not Promoted,Yes,2022,Mettur
E1469,Anahi Singh,Female,28,HR,HR Executive,47822,6,WFH,4.1,88,11,16,Not Promoted,Yes,2023,Ranipet
E1470,Lakshit Bava,Female,22,Finance,Accountant,34359,5,Hybrid,,99,3,6,Not Promoted,No,2018,Walajapet
E1471,Lakshit Mammen,Male,25,HR,Recruiter,62441,1,WFH,3.8,89,2,24,Promoted,No,2016,Arakkonam
E1472,Vivaan Lala,Female,24,Sales,Sales Executive,32198,2,WFH,4.8,79,8,20,Promoted,No,2020,Chidambaram
E1473,Bhamini Date,Female,22,Finance,Financial Analyst,70705,15,Office,3.9,94,10,16,Promoted,Yes,2018,Panruti
E1474,Shayak Buch,Male,25,Sales,Sales Executive,84794,13,WFH,4,96,13,17,Promoted,No,2015,Neyveli
E1475,Aayush Sharaf,Female,27,Finance,Budget Analyst,82569,4,WFH,3.6,83,15,18,Promoted,No,2014,Paramakudi
E1476,Tushar Mall,Female,33,HR,HR Manager,84682,2,Hybrid,3.7,82,6,12,Not Promoted,No,2014,Karaikudi
E1477,Damini Sehgal,Male,22,IT,Cloud Engineer,53535,14,Office,3.5,80,5,28,Not Promoted,No,2015,Oddanchatram
E1478,Priyansh Rana,Female,25,IT,UI Designer,48853,3,Hybrid,4.9,95,6,20,Not Promoted,No,2019,Palani
E1479,Yashvi Bassi,Male,27,Finance,Budget Analyst,41690,4,Hybrid,3.6,79,16,28,Promoted,Yes,2014,Udumalpet
E1480,Anahi Thaman,Male,38,Sales,,34179,5,WFH,4,84,2,36,Promoted,No,2011,Chennai
E1481,Aniruddh Taneja,Female,33,HR,Training Coordinator,39927,3,Office,4.9,92,13,37,Not Promoted,Yes,2014,Coimbatore
E1482,Renee Ray,Female,33,Finance,Financial Analyst,34191,1,WFH,4.3,79,7,15,Not Promoted,No,2012,Madurai
E1483,Neysa Ahuja,Male,29,Finance,Budget Analyst,43791,13,Office,3.8,85,18,36,Not Promoted,Yes,2021,Trichy
E1484,Alisha Sinha,Male,25,Finance,Budget Analyst,80500,13,Hybrid,4.9,99,7,31,Not Promoted,Yes,2013,Salem
E1485,Shanaya Ray,Male,,Sales,Marketing Executive,46025,14,Office,4.8,,19,17,Not Promoted,Yes,2024,Tirunelveli
E1486,Neysa Sarkar,Female,,HR,HR Executive,57655,12,WFH,4,85,2,28,Promoted,Yes,2014,Erode
E1487,Shray Ganesan,Male,37,HR,Payroll Executive,46501,6,Hybrid,4.5,97,4,,Not Promoted,No,2013,Vellore
E1488,Jayesh Sane,Male,25,Finance,Accountant,65169,4,Office,4.7,79,6,24,Not Promoted,No,2018,Thanjavur
E1489,Saira Chaudhary,Female,26,Finance,Financial Analyst,35855,6,WFH,4.6,93,12,27,Promoted,No,2023,Hosur
E1490,Azad Shetty,Male,25,IT,QA Engineer,80600,7,WFH,4.1,90,5,39,Promoted,Yes,2023,Tiruppur
E1491,Kiara Chaudhary,Female,23,Finance,Finance Executive,72650,9,Office,4.4,80,5,19,Promoted,No,2018,Thoothukudi
E1492,Emir Balasubramanian,Male,38,Finance,Auditor,41616,13,WFH,3.7,98,8,20,Not Promoted,No,2023,Dindigul
E1493,Vihaan Hayre,Female,35,IT,QA Engineer,52013,15,Office,4.5,97,16,19,Promoted,No,2014,Karur
E1494,Farhan Sen,Male,30,IT,Backend Developer,83905,3,Office,4,86,2,21,Promoted,No,2021,Nagercoil
E1495,Anay Bali,,23,HR,Training Coordinator,57674,11,WFH,4.6,94,10,23,Not Promoted,No,2021,Kanchipuram
E1496,Sahil Keer,Male,26,IT,QA Engineer,55527,9,Hybrid,3.2,79,17,20,Promoted,No,2017,Cuddalore
E1497,Eva Kalla,Male,24,HR,Training Coordinator,56319,14,Hybrid,3.2,90,3,9,Not Promoted,Yes,2014,Nagapattinam
E1498,Sahil Kade,Female,33,Sales,Sales Executive,34700,15,,4.2,92,5,33,Not Promoted,No,2012,Sivakasi
E1499,Eshani Deep,Female,22,IT,UI Designer,83683,8,Office,4.8,87,12,23,Promoted,Yes,2014,Virudhunagar
E1500,Saanvi Goel,Female,25,IT,Backend Developer,45762,9,Office,4.3,84,10,11,Promoted,No,2014,Namakkal
E1501,Diya Yogi,Male,39,IT,Backend Developer,82221,3,Office,4.3,90,20,40,Promoted,No,2010,Dharmapuri
E1502,Raunak Agrawal,Female,28,IT,Backend Developer,41067,2,Office,5,84,20,29,Not Promoted,Yes,2018,Krishnagiri
E1503,Aayush Kade,Female,35,HR,HR Executive,57936,,Hybrid,4.5,76,4,37,Not Promoted,Yes,2022,Villupuram
E1504,Zeeshan Dugal,Male,33,Sales,Marketing Executive,,13,Hybrid,,75,18,24,Not Promoted,Yes,2011,Pudukkottai
E1505,Ranbir Sanghvi,Male,36,Finance,Financial Analyst,42929,5,Hybrid,3.1,79,13,33,Promoted,No,2013,Ramanathapuram
E1506,Indrajit Deshpande,Male,36,IT,Software Engineer,51540,4,Office,4,80,15,40,Not Promoted,,2017,Ariyalur
E1507,Jayesh Som,Male,26,Sales,Business Development Executive,37468,14,Office,4.9,77,14,37,Promoted,,2017,Perambalur
E1508,Shaan Rout,Male,35,Sales,Area Sales Manager,34475,16,Office,3.8,82,11,15,Not Promoted,No,2023,Nilgiris
E1509,Adira Raju,Female,40,Finance,Accountant,84804,6,Office,4.1,95,3,22,Promoted,Yes,2013,Pollachi
E1510,Saksham Talwar,Female,26,HR,HR Executive,80169,4,Office,4.3,95,4,12,Promoted,Yes,2015,Kumbakonam
E1511,Lakshit Mander,Male,24,Sales,Area Sales Manager,73241,16,WFH,4.4,84,18,32,Not Promoted,Yes,2018,Mayiladuthurai
E1512,Priyansh Deol,Female,24,Finance,Accountant,54948,3,,4.3,94,14,13,Not Promoted,Yes,2016,Tenkasi
E1513,Riya Chadha,Male,27,HR,Payroll Specialist,52334,7,WFH,4.7,88,8,9,Promoted,Yes,2014,Rajapalayam
E1514,Yashvi Rege,Male,22,Finance,Accountant,71391,16,Office,4.2,92,1,5,Promoted,No,2010,Avadi
E1515,Vivaan Mane,Male,38,IT,DevOps Engineer,81463,8,WFH,4.3,82,16,38,Not Promoted,No,2020,Tambaram
E1516,Jivin Maharaj,Female,28,Finance,Auditor,36072,7,WFH,3.1,92,13,15,Promoted,Yes,2015,Ambattur
E1517,Bhamini Sharaf,Male,36,Finance,Finance Executive,64112,12,Office,4.9,92,3,28,Promoted,Yes,2012,Pallavaram
E1518,Shalv Tank,Male,30,Finance,Financial Analyst,43849,12,WFH,3.5,93,9,11,Promoted,Yes,2022,Guduvanchery
E1519,Nishith Gandhi,Male,38,Sales,Business Development Executive,54755,7,Office,4.2,83,7,19,Promoted,No,2021,Mettur
E1520,Tara Zachariah,Male,34,Finance,Accountant,83834,8,Hybrid,4.5,99,3,14,Promoted,No,2023,Ranipet
E1521,Neysa Bir,Male,26,IT,DevOps Engineer,37681,12,Office,4.3,81,12,23,Not Promoted,Yes,2024,Walajapet
E1522,Rhea Gola,Male,28,Finance,Tax Consultant,46026,15,Hybrid,4.2,80,8,30,Promoted,No,2019,Arakkonam
E1523,Jayan Samra,Female,24,HR,Payroll Specialist,59099,6,WFH,5,83,16,9,Promoted,No,2018,Chidambaram
E1524,Bhamini Baria,Female,37,IT,Cloud Engineer,57851,7,Hybrid,3.5,93,20,35,Not Promoted,Yes,2017,Panruti
E1525,Pranay Shah,,35,HR,Payroll Specialist,79283,8,Hybrid,3.9,88,8,20,Not Promoted,No,2020,Neyveli
E1526,Zaina Bhargava,Female,22,HR,HR Executive,48871,9,Hybrid,4.6,77,1,9,Not Promoted,Yes,2021,Paramakudi
E1527,Raunak Bala,Female,40,IT,UI Designer,63273,8,WFH,4.3,95,18,37,Not Promoted,No,2014,Karaikudi
E1528,Biju Srinivas,Female,34,HR,Recruiter,44403,11,WFH,,79,16,13,Not Promoted,Yes,2024,Oddanchatram
E1529,Ayesha Raval,Female,27,Finance,Tax Consultant,81363,12,WFH,3.7,,11,37,Not Promoted,No,2018,Palani
E1530,Aarav Grover,Male,39,Finance,Finance Executive,75655,13,WFH,4.2,81,2,9,Promoted,No,,Udumalpet
E1531,Dharmajan Saraf,Male,37,HR,HR Manager,42427,10,Hybrid,3.3,96,8,14,Promoted,Yes,2020,Chennai
E1532,Jayesh Sankaran,Female,40,Sales,Business Development Executive,52612,6,Office,4,81,9,7,Not Promoted,No,2017,Coimbatore
E1533,Sumer Barad,Male,27,Sales,Area Sales Manager,87352,2,Hybrid,3.1,97,17,40,Not Promoted,Yes,2018,Madurai
E1534,Yuvraj  Kumer,Female,33,Sales,Marketing Executive,54440,6,,4.3,75,12,,Promoted,No,2012,Trichy
E1535,Indranil Saran,Male,40,Finance,Tax Consultant,32112,15,WFH,4.5,99,2,6,Promoted,Yes,2013,Salem
E1536,Aarav Kata,Male,23,Sales,Sales Coordinator,65305,9,Office,3.4,76,19,17,Promoted,No,2020,Tirunelveli
E1537,Dhruv Shanker,Male,,HR,HR Analyst,83969,3,Office,3.2,92,13,23,Not Promoted,No,2020,Erode
E1538,Rati Jani,Female,40,Finance,Tax Consultant,77929,6,Hybrid,4.9,95,13,10,Promoted,,2023,Vellore
E1539,Prisha Bose,Male,,HR,HR Manager,56858,14,WFH,4.6,85,18,32,Not Promoted,Yes,2015,Thanjavur
E1540,Diya Bandi,Male,25,Finance,Tax Consultant,82398,9,Office,4.2,79,4,9,Promoted,No,2020,Hosur
E1541,Ayesha Virk,Female,35,,Cloud Engineer,61070,8,Hybrid,,94,19,10,Promoted,No,2012,Tiruppur
E1542,Veer Joshi,Female,30,Finance,Accountant,68690,3,Office,3.1,76,18,18,Promoted,No,2020,Thoothukudi
E1543,Onkar Mand,Female,33,HR,HR Analyst,57608,11,WFH,3.3,92,7,9,Promoted,No,2023,Dindigul
E1544,Aaryahi Saran,Male,34,Sales,Business Development Executive,58969,10,Office,3.4,92,11,37,Not Promoted,No,2017,Karur
E1545,Vidur Rao,Female,30,HR,Recruiter,50183,14,Office,3.7,85,12,24,Promoted,No,2016,Nagercoil
E1546,Aradhya Solanki,Male,39,Sales,Marketing Executive,83255,16,Office,4.3,81,5,12,Not Promoted,No,,Kanchipuram
E1547,Nehmat Khare,Female,25,Sales,Sales Coordinator,64457,11,Hybrid,3.6,96,11,25,Promoted,No,2016,Cuddalore
E1548,Fateh Khalsa,Male,35,Sales,Business Development Executive,82545,5,Office,3.2,78,9,12,Promoted,Yes,2015,Nagapattinam
E1549,Gokul Deshpande,Male,33,Sales,Area Sales Manager,75532,15,Hybrid,,78,9,36,Promoted,Yes,2012,Sivakasi
E1550,Ryan Malhotra,Female,39,Finance,Finance Executive,34477,3,Hybrid,5,99,14,7,Promoted,No,2016,Virudhunagar
E1551,Tara Sarraf,Male,,IT,Software Engineer,75652,6,Office,3.7,81,13,6,Promoted,No,2014,Namakkal
E1552,Ehsaan Tandon,Male,37,IT,Software Engineer,73128,6,Hybrid,4.7,77,11,31,Not Promoted,Yes,2014,Dharmapuri
E1553,Khushi Bassi,Male,29,,Backend Developer,87628,16,WFH,4.2,93,2,38,Promoted,Yes,2010,Krishnagiri
E1554,Reyansh Gopal,Male,24,IT,Data Analyst,54811,13,Hybrid,4.5,80,19,7,Not Promoted,Yes,2010,Villupuram
E1555,Umang Verma,Female,28,HR,HR Analyst,47758,11,WFH,4.1,93,3,15,Not Promoted,Yes,2017,Pudukkottai
E1556,Ranbir Tak,Female,26,HR,HR Executive,74745,1,Office,3.1,85,1,25,Not Promoted,Yes,2018,Ramanathapuram
E1557,Samarth Chawla,,34,IT,DevOps Engineer,86784,10,Office,5,79,8,7,Not Promoted,Yes,2021,Ariyalur
E1558,Manjari Bera,Female,32,IT,UI Designer,75137,1,WFH,4.6,75,7,17,,Yes,2011,Perambalur
E1559,Rania Venkatesh,Male,40,Sales,Sales Coordinator,36466,15,WFH,3.2,89,3,13,Not Promoted,Yes,2020,Nilgiris
E1560,Rasha Dhar,Female,30,HR,HR Manager,70825,5,Hybrid,3.3,82,,24,Not Promoted,No,2017,Pollachi
E1561,Yakshit Sarma,Male,22,HR,HR Executive,82556,8,Office,3.5,79,10,27,Not Promoted,Yes,2024,Kumbakonam
E1562,Rohan Koshy,Female,26,Sales,Area Sales Manager,77895,6,WFH,4.8,,16,11,Not Promoted,Yes,2014,Mayiladuthurai
E1563,Reyansh Karnik,Female,40,HR,HR Analyst,52597,3,WFH,4.6,88,3,14,Not Promoted,No,2021,Tenkasi
E1564,Khushi Chand,Male,35,IT,Cloud Engineer,88281,8,WFH,4.4,85,10,40,Promoted,Yes,2016,Rajapalayam
E1565,Saira Sarma,Female,29,IT,Backend Developer,77607,6,Office,3.9,93,19,7,Not Promoted,Yes,,Avadi
E1566,Gatik Mallick,Female,24,IT,DevOps Engineer,72310,13,Hybrid,,81,14,30,Not Promoted,Yes,2012,Tambaram
E1567,Ela Sunder,Female,36,Finance,Accountant,44070,1,Office,3.7,89,3,37,Not Promoted,No,,Ambattur
E1568,Divit Dutt,Female,32,IT,,49819,7,Hybrid,4.1,96,15,7,Not Promoted,No,2024,Pallavaram
E1569,Anya Sem,Male,35,Sales,Sales Coordinator,75294,13,Office,4.4,98,8,,Promoted,No,2012,Guduvanchery
E1570,Nakul Bhardwaj,Female,28,HR,HR Executive,54181,5,WFH,4.4,76,11,34,,No,2020,Mettur
E1571,Akarsh Kala,Male,30,Finance,Tax Consultant,65766,7,WFH,5,79,16,30,Promoted,Yes,2011,Ranipet
E1572,Shray Dua,Male,35,HR,HR Executive,77365,,Office,3.2,78,8,39,Not Promoted,Yes,2011,Walajapet
E1573,Alisha Viswanathan,Male,28,IT,DevOps Engineer,71393,5,WFH,3.1,75,8,11,Promoted,Yes,2021,Arakkonam
E1574,Hridaan Boase,Male,22,Finance,Auditor,77144,10,Office,4.3,79,14,9,Not Promoted,Yes,,Chidambaram
E1575,Pihu Krishnamurthy,Male,24,HR,HR Executive,40681,6,Office,3.7,76,8,8,Not Promoted,Yes,2021,Panruti
E1576,Ahana  Dube,Male,38,IT,Software Engineer,83699,7,Hybrid,4.4,76,,39,Promoted,Yes,2016,Neyveli
E1577,Aaina Dhingra,Female,22,HR,HR Executive,50989,11,Office,3.2,96,1,37,Not Promoted,Yes,2014,Paramakudi
E1578,Vedika Aggarwal,Male,35,Sales,Area Sales Manager,61788,12,Office,3,76,7,15,Not Promoted,No,2018,Karaikudi
E1579,Jhanvi Bir,Male,40,Finance,Accountant,32554,11,Office,,77,19,31,Not Promoted,No,2024,Oddanchatram
E1580,Ivan Srinivasan,Female,,HR,HR Analyst,60091,13,Office,3.5,75,19,12,Promoted,Yes,2024,Palani
E1581,Saanvi Tak,Female,35,Sales,Sales Coordinator,69963,4,Office,3.3,81,10,27,Promoted,Yes,2021,Udumalpet
E1582,Abram Taneja,Male,31,Finance,Finance Executive,68221,15,WFH,4.4,81,3,9,Not Promoted,No,2010,Chennai
E1583,Onkar Jain,Male,,Sales,Sales Coordinator,80991,1,Office,4.4,85,16,29,Not Promoted,Yes,2014,Coimbatore
E1584,Umang Kapoor,Male,34,Finance,Finance Executive,36268,2,,3.4,75,3,13,Not Promoted,No,2012,Madurai
E1585,Reyansh Bhatia,Male,26,Finance,Tax Consultant,53767,13,Hybrid,5,99,11,31,Promoted,Yes,2019,Trichy
E1586,Arhaan Varkey,Female,31,IT,UI Designer,72459,6,Office,3.1,92,5,32,Promoted,Yes,2012,Salem
E1587,Keya Bail,Male,36,HR,HR Analyst,32964,6,Hybrid,3.7,84,5,36,Promoted,No,2017,Tirunelveli
E1588,Madhav Saran,Male,36,HR,Recruiter,54046,14,,3.9,79,15,21,Promoted,No,2022,Erode
E1589,Lakshay Sachdeva,Female,29,IT,DevOps Engineer,,9,Hybrid,3.2,79,4,17,Not Promoted,No,2015,Vellore
E1590,Seher Loke,Female,27,IT,DevOps Engineer,59362,7,Office,4.6,99,1,7,Promoted,,2022,Thanjavur
E1591,Ojas Boase,Female,23,Sales,Sales Executive,35642,11,Office,3,99,1,11,Promoted,Yes,2011,Hosur
E1592,Advik Loke,Male,36,Finance,Accountant,62107,15,WFH,3.7,82,19,28,Not Promoted,Yes,2020,Tiruppur
E1593,Rati Bir,Female,24,Finance,Finance Executive,80212,16,WFH,4.9,84,13,38,Not Promoted,No,2024,Thoothukudi
E1594,Aniruddh Bhattacharyya,Male,30,HR,Payroll Specialist,,11,WFH,4,79,14,32,Not Promoted,No,2014,Dindigul
E1595,Saanvi Loyal,Male,23,Sales,Sales Coordinator,72830,11,WFH,4.4,99,11,28,Promoted,No,2018,Karur
E1596,Miraan Sandhu,Male,38,Finance,Finance Executive,89189,6,Office,3.9,82,11,37,Promoted,Yes,2016,Nagercoil
E1597,Armaan Tailor,Male,27,Sales,Marketing Executive,54589,1,WFH,3.5,80,6,31,Not Promoted,Yes,2021,Kanchipuram
E1598,Romil Kapur,Female,23,Sales,Sales Executive,44209,7,Office,4.5,99,19,11,Promoted,Yes,2016,Cuddalore
E1599,Ayesha Sandal,Female,23,Finance,Auditor,69539,15,Office,3.3,86,1,25,Promoted,No,2014,Nagapattinam
E1600,Raghav Ghosh,Female,26,Sales,Sales Coordinator,52338,2,WFH,4.7,96,3,10,Promoted,Yes,2011,Sivakasi
E1601,Aarav Iyer,Male,33,Sales,Marketing Executive,76343,2,Hybrid,4,80,18,5,Not Promoted,Yes,2018,Virudhunagar
E1602,Indrans Keer,Male,23,IT,Software Engineer,78578,3,Hybrid,4.2,79,14,11,Promoted,No,2024,Namakkal
E1603,Sahil Sule,Female,38,Sales,Sales Coordinator,42840,10,Hybrid,4.8,84,5,35,Not Promoted,Yes,2010,Dharmapuri
E1604,Uthkarsh Balan,Male,24,HR,Payroll Specialist,70675,1,WFH,4.5,99,19,20,Not Promoted,No,2013,Krishnagiri
E1605,Lavanya Talwar,Male,24,HR,Recruiter,32623,16,Hybrid,3.6,95,15,13,Promoted,Yes,2014,Villupuram
E1606,Prisha Reddy,Male,22,Sales,Marketing Executive,82661,5,Office,4.2,86,11,17,Not Promoted,Yes,2010,Pudukkottai
E1607,Priyansh Gopal,Male,26,Sales,Business Development Executive,67300,9,Office,4.9,94,12,23,Promoted,No,2011,Ramanathapuram
E1608,Anahi Dutta,Male,35,HR,Recruiter,65068,16,Hybrid,4,93,17,22,Promoted,No,2017,Ariyalur
E1609,Eshani Thakur,Female,34,Sales,Sales Coordinator,89997,4,WFH,4.5,83,4,40,Not Promoted,Yes,2022,Perambalur
E1610,Shayak Barad,Female,29,Finance,Financial Analyst,63805,11,Office,4.6,99,2,16,,No,2019,Nilgiris
E1611,Ranbir Walia,Male,27,Finance,Tax Consultant,70587,15,Hybrid,3.4,86,12,31,Promoted,Yes,2020,Pollachi
E1612,Pari Kala,Male,35,Sales,Marketing Executive,51731,8,WFH,5,84,16,23,Promoted,Yes,2019,Kumbakonam
E1613,Divij Raman,Male,35,IT,UI Designer,,7,Office,4.2,78,18,36,Not Promoted,No,2014,Mayiladuthurai
E1614,Ira Swaminathan,Male,29,IT,Software Engineer,55128,10,Hybrid,4.9,96,9,,Promoted,Yes,2020,Tenkasi
E1615,Raunak Karnik,Male,30,Sales,Sales Executive,61861,11,Hybrid,4.1,95,2,13,Promoted,No,2012,Rajapalayam
E1616,Miraan Kadakia,Female,,Sales,Marketing Executive,,4,WFH,3.7,,16,27,Not Promoted,Yes,2016,Avadi
E1617,Baiju Vora,Female,29,IT,Software Engineer,49905,3,Hybrid,3.3,97,14,17,Promoted,No,2023,Tambaram
E1618,Saira Lala,Female,28,Finance,Finance Executive,71861,11,WFH,3.5,77,12,22,Promoted,No,2012,Ambattur
E1619,Misha Bhasin,Female,26,Finance,Tax Consultant,64548,5,Office,3.2,85,9,21,Not Promoted,No,2016,Pallavaram
E1620,Farhan Iyer,Female,22,Finance,Accountant,86769,12,Hybrid,4.6,87,19,28,Not Promoted,Yes,2018,Guduvanchery
E1621,Nehmat Tata,Male,27,Sales,Area Sales Manager,52207,12,Office,3.3,84,18,14,Promoted,Yes,2023,Mettur
E1622,Alisha Handa,Female,38,Finance,Auditor,49299,13,WFH,4.9,83,7,6,Not Promoted,No,2012,Ranipet
E1623,Nishith Vohra,,36,HR,Recruiter,64995,16,Hybrid,4.9,77,17,12,Not Promoted,Yes,2016,Walajapet
E1624,Darshit Sane,Female,32,Sales,Sales Executive,56701,6,Hybrid,4.5,87,12,11,Not Promoted,No,2012,Arakkonam
E1625,Rasha Bakshi,,24,Sales,Business Development Executive,76493,14,,3.8,78,20,20,Promoted,Yes,2024,Chidambaram
E1626,Mohanlal Tank,Male,24,Sales,Marketing Executive,50487,11,Hybrid,3.3,98,11,5,Not Promoted,Yes,2015,Panruti
E1627,Aaryahi Dhaliwal,Female,31,Sales,Sales Executive,81404,7,Office,3.7,99,1,13,Not Promoted,No,2016,Neyveli
E1628,Rati Dixit,Female,25,Finance,Tax Consultant,86936,3,Office,3.1,93,18,5,Not Promoted,Yes,2021,Paramakudi
E1629,Renee Dhar,Male,39,Finance,Tax Consultant,74366,14,Office,4,89,19,,Promoted,Yes,2022,Karaikudi
E1630,Raghav Chander,Female,24,IT,UI Designer,68603,4,Hybrid,4.2,79,5,9,Promoted,No,2010,Oddanchatram
E1631,Keya Contractor,Male,24,Sales,Business Development Executive,81853,9,Hybrid,4.8,75,11,20,Promoted,,2014,Palani
E1632,Parinaaz Ramachandran,Female,28,Finance,Tax Consultant,33671,10,WFH,3.6,94,14,37,Promoted,Yes,2015,Udumalpet
E1633,Kimaya Shankar,Female,25,HR,Recruiter,79072,16,Hybrid,,80,7,36,Promoted,No,2024,Chennai
E1634,Nehmat Sule,Female,32,IT,Cloud Engineer,69456,2,Hybrid,3.4,95,3,30,Not Promoted,Yes,2022,Coimbatore
E1635,Hansh Shan,Male,25,Finance,Financial Analyst,66581,6,Hybrid,3,97,8,7,Promoted,Yes,2015,Madurai
E1636,Vritika Banik,Male,36,HR,Payroll Specialist,74607,15,Hybrid,3.1,79,5,33,Not Promoted,Yes,2020,Trichy
E1637,Arnav Grewal,,27,HR,Payroll Specialist,82483,2,WFH,4.4,87,3,39,Not Promoted,,2024,Salem
E1638,Eshani Barad,Male,39,IT,Cloud Engineer,48918,7,Office,4.3,78,2,30,Not Promoted,Yes,2014,Tirunelveli
E1639,Aniruddh Barad,Male,,Sales,Sales Executive,74666,6,Office,4.7,87,6,21,Promoted,No,2018,Erode
E1640,Ahana  Ramaswamy,Male,31,HR,HR Analyst,44986,5,Office,4.6,98,18,7,,Yes,2019,Vellore
E1641,Ritvik Ratti,Male,38,Finance,Accountant,54693,11,WFH,4,99,17,17,Not Promoted,Yes,2016,Thanjavur
E1642,Navya Garde,Female,38,HR,HR Manager,80346,12,WFH,4.2,79,5,5,Not Promoted,No,2016,Hosur
E1643,Bhavin Uppal,Male,34,Sales,Area Sales Manager,79963,7,WFH,3.3,88,18,,Not Promoted,Yes,,Tiruppur
E1644,Hiran Vasa,Male,34,IT,UI Designer,88453,5,Office,3.3,80,14,,Not Promoted,Yes,2023,Thoothukudi
E1645,Advika Barman,Female,29,HR,HR Manager,89429,1,WFH,3.8,91,18,36,Not Promoted,No,2010,Dindigul
E1646,Saanvi Bhavsar,Female,36,Finance,Finance Executive,50041,16,Office,3.9,76,15,8,Promoted,No,2018,Karur
E1647,Chirag Mander,Male,39,Finance,Financial Analyst,61567,9,Hybrid,4.9,,11,6,Not Promoted,Yes,,Nagercoil
E1648,Raunak Sanghvi,Female,24,IT,Backend Developer,46563,1,Office,3.6,95,13,26,Not Promoted,No,2012,Kanchipuram
E1649,Ritvik Ram,Male,27,Sales,Area Sales Manager,73029,15,Hybrid,3.4,89,11,31,Promoted,Yes,2022,Cuddalore
E1650,Zaina Rajagopal,Female,36,Finance,Accountant,42808,12,Hybrid,3.2,76,16,20,Not Promoted,No,2010,Nagapattinam
E1651,Pari Subramaniam,Female,29,Finance,Auditor,71952,11,Office,4.8,76,17,26,Not Promoted,Yes,,Sivakasi
E1652,Madhup Manne,Male,23,,HR Manager,34674,4,WFH,4.1,86,8,21,Not Promoted,No,2023,Virudhunagar
E1653,Ishita Shenoy,Female,25,HR,HR Executive,86876,6,WFH,4.5,79,19,28,Not Promoted,Yes,2016,Namakkal
E1654,Ayesha Thakkar,Male,28,IT,Software Engineer,61068,12,Hybrid,4.6,83,12,30,Not Promoted,Yes,2011,Dharmapuri
E1655,Heer Gole,Female,33,HR,HR Analyst,60010,7,Hybrid,3.9,87,9,19,Promoted,No,2021,Krishnagiri
E1656,Anvi Banerjee,Female,,Finance,Accountant,68954,6,WFH,4.5,75,7,11,Not Promoted,Yes,2024,Villupuram
E1657,Rasha Varghese,Male,30,IT,DevOps Engineer,41945,6,WFH,3.4,88,11,27,Not Promoted,Yes,2017,Pudukkottai
E1658,Advika Bhargava,Male,34,HR,Recruiter,79443,4,Hybrid,5,91,13,6,Not Promoted,Yes,2011,Ramanathapuram
E1659,Dishani Sanghvi,Female,26,Finance,Accountant,68266,14,Hybrid,3.2,90,12,15,Not Promoted,No,2018,Ariyalur
E1660,Zara Bobal,Male,36,Finance,Finance Executive,43699,5,Hybrid,3.7,76,12,11,Promoted,Yes,2014,Perambalur
E1661,Alia Choudhury,Female,35,Sales,Sales Coordinator,79565,,Office,3,98,20,39,Not Promoted,No,2012,Nilgiris
E1662,Stuvan Dube,,27,IT,Data Analyst,75445,3,Hybrid,4.8,78,,14,Not Promoted,No,2013,Pollachi
E1663,Kimaya Dasgupta,Female,26,IT,Backend Developer,66333,16,Office,3.9,95,2,27,Not Promoted,No,2014,Kumbakonam
E1664,Ehsaan Goswami,Female,33,IT,,69767,6,WFH,3.3,90,20,29,Promoted,Yes,2011,Mayiladuthurai
E1665,Saanvi Wadhwa,Male,34,IT,DevOps Engineer,80014,8,Hybrid,3.2,76,8,8,Not Promoted,Yes,2011,Tenkasi
E1666,Vritika Reddy,Male,27,Sales,Business Development Executive,81290,13,Hybrid,3.2,82,12,18,Promoted,Yes,2015,Rajapalayam
E1667,Prerak Hora,Male,25,Finance,Tax Consultant,80449,15,WFH,4.7,78,2,10,Not Promoted,Yes,2012,Avadi
E1668,Advik Doshi,Male,22,IT,Software Engineer,43853,3,WFH,3.3,85,14,19,Not Promoted,No,2021,Tambaram
E1669,Jivika Doctor,Female,28,Finance,Accountant,70093,1,Office,3.3,90,11,34,Promoted,No,2017,Ambattur
E1670,Sana Rama,Female,26,Finance,Tax Consultant,68123,3,Office,4.8,98,3,12,Promoted,Yes,2022,Pallavaram
E1671,Dhanuk Sarraf,Female,22,Sales,Business Development Executive,49853,4,Office,3.9,75,18,29,Promoted,Yes,2024,Guduvanchery
E1672,Urvi Bumb,Female,25,IT,Software Engineer,80701,12,Hybrid,3.9,91,7,8,Promoted,,2020,Mettur
E1673,Eva Chahal,Male,34,Finance,Accountant,76399,14,WFH,4,80,5,38,Promoted,No,2017,Ranipet
E1674,Aradhya Gupta,Female,40,IT,DevOps Engineer,,8,Office,3.7,75,17,23,Not Promoted,Yes,2011,Walajapet
E1675,Hridaan Kurian,Female,38,Finance,Auditor,47976,9,Hybrid,4.3,83,14,35,Promoted,Yes,2020,Arakkonam
E1676,Aaryahi Bhavsar,Female,36,IT,DevOps Engineer,44648,9,Hybrid,4.1,95,15,37,,No,,Chidambaram
E1677,Bhavin Khanna,Male,37,IT,Cloud Engineer,73866,16,Office,3.4,98,15,18,Not Promoted,Yes,2010,Panruti
E1678,Trisha Mand,Male,22,Sales,Marketing Executive,81576,13,Office,3.2,77,16,6,Promoted,Yes,2013,Neyveli
E1679,Chirag Singh,Male,32,Sales,Marketing Executive,55423,7,Office,3.5,87,15,37,Not Promoted,Yes,2014,Paramakudi
E1680,Jhanvi Mammen,Male,39,,Payroll Specialist,60949,1,WFH,4.1,81,20,14,Not Promoted,Yes,2023,Karaikudi
E1681,Vanya Bora,Female,40,Finance,Auditor,51938,6,Office,4.1,88,5,17,Promoted,Yes,2022,Oddanchatram
E1682,Adah Soman,Male,23,Sales,Sales Coordinator,45765,10,Hybrid,,92,5,12,Promoted,Yes,2021,Palani
E1683,Hunar Mallick,Female,24,Sales,Sales Executive,49618,13,Office,,96,5,23,Not Promoted,Yes,2021,Udumalpet
E1684,Mannat Banerjee,Male,29,Sales,Marketing Executive,82444,14,Hybrid,3.7,80,8,15,Promoted,Yes,2013,Chennai
E1685,Hrishita Dhaliwal,Female,38,Sales,Sales Executive,32627,16,Office,4.5,97,12,25,Not Promoted,No,2021,Coimbatore
E1686,Jayesh Sathe,Female,32,Sales,Area Sales Manager,69346,4,Hybrid,3.9,96,18,15,Not Promoted,No,2011,Madurai
E1687,Mamooty Choudhary,Male,26,Sales,Area Sales Manager,33348,11,WFH,4.1,91,9,5,Promoted,No,2013,Trichy
E1688,Anya Sani,Male,,HR,Recruiter,38586,12,Hybrid,5,79,8,18,Not Promoted,No,2020,Salem
E1689,Divit Mandal,Male,31,Sales,Sales Executive,62779,1,Hybrid,4.2,77,17,21,Promoted,Yes,2024,Tirunelveli
E1690,Hansh Srinivas,Female,29,IT,Cloud Engineer,74513,14,Hybrid,4.6,91,11,34,Not Promoted,No,2019,Erode
E1691,Faiyaz Bora,Male,31,Sales,Business Development Executive,64264,4,WFH,,93,14,17,Promoted,,2019,Vellore
E1692,Urvi Sachdeva,Male,34,HR,Recruiter,45271,3,WFH,3.1,,11,20,Promoted,No,2012,Thanjavur
E1693,Jivika Edwin,Female,25,Sales,Sales Executive,87622,3,Office,3.5,91,8,18,Promoted,No,2022,Hosur
E1694,Hansh Comar,Female,22,Sales,Sales Executive,57617,3,WFH,3.8,96,20,30,Not Promoted,No,2015,Tiruppur
E1695,Rania Dubey,Male,40,HR,,62071,8,Hybrid,4.3,85,,13,Not Promoted,No,2011,Thoothukudi
E1696,Oorja Sahota,Female,25,IT,Data Analyst,71896,14,,4.2,93,1,,Not Promoted,No,2011,Dindigul
E1697,Neelofar Goda,Male,28,IT,Software Engineer,50581,9,Hybrid,3,75,15,24,Promoted,No,2020,Karur
E1698,Piya Kaur,Female,30,IT,Backend Developer,43951,16,WFH,4.2,85,5,10,Promoted,Yes,2020,Nagercoil
E1699,Ehsaan Wable,Female,39,Finance,Accountant,45294,1,Hybrid,4.6,,10,9,Promoted,Yes,2015,Kanchipuram
E1700,Samarth Walia,Female,29,Finance,Tax Consultant,50372,11,Office,3.4,95,2,8,Promoted,No,2016,Cuddalore
E1701,Amira Suresh,Male,22,IT,Data Analyst,82108,5,WFH,4.8,83,19,14,Promoted,Yes,2022,Nagapattinam
E1702,Yasmin Bail,Female,26,Finance,Finance Executive,57179,9,,3.5,83,10,31,Not Promoted,No,2011,Sivakasi
E1703,Rania Malhotra,Male,22,Finance,Auditor,53992,13,Office,3.5,77,16,23,Not Promoted,No,2010,Virudhunagar
E1704,Divit Dara,Male,40,HR,HR Executive,85238,4,Office,4,99,14,27,Not Promoted,No,2024,Namakkal
E1705,Indranil Krishnan,Female,26,HR,Payroll Specialist,87869,9,Hybrid,3.3,95,12,5,Not Promoted,Yes,2015,Dharmapuri
E1706,Ira Bhargava,Male,28,IT,Software Engineer,55812,16,,4.8,79,,24,Promoted,No,2013,Krishnagiri
E1707,Zoya Samra,Male,,Sales,Business Development Executive,68368,7,WFH,4.1,79,6,33,Promoted,Yes,2020,Villupuram
E1708,Jhanvi Rama,Female,31,Finance,Financial Analyst,32442,5,Office,4.4,80,5,10,Promoted,No,,Pudukkottai
E1709,Aarna Sachdeva,Female,34,HR,HR Analyst,57111,13,WFH,4.6,95,16,27,Not Promoted,No,2024,Ramanathapuram
E1710,Hansh Jaggi,Male,25,IT,Data Analyst,,2,Hybrid,4.7,88,5,28,Promoted,No,2020,Ariyalur
E1711,Anya Rajan,Male,26,Finance,Financial Analyst,33026,2,WFH,3.3,88,9,29,Promoted,No,2019,Perambalur
E1712,Vidur Mann,Female,24,Finance,Accountant,65575,13,,4.8,91,3,16,Promoted,No,2017,Nilgiris
E1713,Reyansh Gokhale,Female,30,HR,Payroll Specialist,78507,9,Hybrid,4.8,90,6,33,,No,2011,Pollachi
E1714,Miraya Garg,Male,28,Finance,Accountant,38290,5,WFH,3.8,95,1,9,Promoted,No,2015,Kumbakonam
E1715,Renee Dhar,Female,31,Sales,Marketing Executive,83388,13,Office,3.7,90,8,39,Not Promoted,Yes,2014,Mayiladuthurai
E1716,Riaan Garg,Male,35,Finance,Accountant,83919,2,WFH,3.5,89,16,17,Promoted,Yes,2011,Tenkasi
E1717,Rasha Vala,Female,36,HR,,72444,15,Hybrid,4.7,87,1,29,Promoted,Yes,2022,Rajapalayam
E1718,Anya Upadhyay,Female,22,IT,Cloud Engineer,56128,1,Hybrid,3.5,80,9,22,Promoted,Yes,2022,Avadi
E1719,Divij Ram,Female,31,Finance,Financial Analyst,71210,6,WFH,3.3,99,6,20,Promoted,Yes,2018,Tambaram
E1720,Vanya Lad,Female,38,IT,Software Engineer,61289,14,Office,3.9,99,12,11,Not Promoted,Yes,2019,Ambattur
E1721,Emir Dugar,Male,32,Sales,Sales Executive,65637,6,WFH,3.4,97,6,29,Not Promoted,No,2019,Pallavaram
E1722,Manikya Sodhi,Male,30,Finance,Finance Executive,53205,16,Office,3.1,79,1,34,Not Promoted,,2016,Guduvanchery
E1723,Mehul Saraf,Female,28,Sales,Sales Executive,59805,13,WFH,3.5,95,15,37,Not Promoted,No,2021,Mettur
E1724,Mamooty Master,Female,32,Finance,Finance Executive,33742,11,Office,,84,8,17,Promoted,No,2011,Ranipet
E1725,Yakshit Dewan,Male,27,IT,Software Engineer,47550,1,Hybrid,4.8,87,18,24,Not Promoted,,2021,Walajapet
E1726,Stuvan Suresh,Male,36,HR,,39159,12,WFH,3.4,78,14,34,Not Promoted,Yes,2021,Arakkonam
E1727,Taran Kurian,Female,26,IT,Software Engineer,,9,WFH,4.3,85,2,17,Promoted,Yes,2016,Chidambaram
E1728,Priyansh Upadhyay,Male,40,Finance,Finance Executive,64013,6,Hybrid,4.3,91,4,23,Not Promoted,Yes,2017,Panruti
E1729,Fateh Ahluwalia,Female,31,HR,HR Executive,57815,14,WFH,4.8,92,1,20,Promoted,No,2017,Neyveli
E1730,Ritvik Wadhwa,Female,26,IT,Software Engineer,37656,1,WFH,4.9,89,3,29,Not Promoted,No,2014,Paramakudi
E1731,Armaan Dani,Male,22,Finance,Tax Consultant,34951,1,,3.3,96,1,22,Not Promoted,Yes,2017,Karaikudi
E1732,Aayush Sengupta,Male,25,Sales,Business Development Executive,51186,6,WFH,3.3,81,10,20,Not Promoted,Yes,2011,Oddanchatram
E1733,Shray Kade,Male,37,Sales,Sales Executive,72986,6,Hybrid,3,86,10,19,Promoted,No,2022,Palani
E1734,Ivan Deshmukh,Male,37,Sales,Area Sales Manager,56157,13,Office,4.3,86,5,14,Not Promoted,Yes,2010,Udumalpet
E1735,Nirvi Majumdar,Female,38,HR,HR Executive,81546,15,Hybrid,3.2,75,10,17,Promoted,Yes,2016,Chennai
E1736,Hazel Iyengar,Female,25,Sales,Sales Coordinator,51098,2,Hybrid,3.3,83,13,11,Promoted,Yes,2014,Coimbatore
E1737,Ayesha Bava,Male,31,Finance,Tax Consultant,57985,9,Hybrid,,88,5,36,Not Promoted,No,2011,Madurai
E1738,Anahi Rattan,Female,25,IT,Cloud Engineer,49578,1,Hybrid,3.6,98,10,9,Promoted,No,2012,Trichy
E1739,Vihaan Chacko,Male,29,HR,HR Executive,89582,6,Office,4.2,95,16,20,Promoted,Yes,2014,Salem
E1740,Mohanlal Andra,Female,32,,UI Designer,74840,9,Office,4.9,88,4,34,Promoted,Yes,2024,Tirunelveli
E1741,Shamik Viswanathan,Female,35,HR,HR Analyst,79333,5,Office,3.5,88,16,23,Not Promoted,No,2017,Erode
E1742,Rania Subramaniam,,30,IT,DevOps Engineer,62275,4,Hybrid,4.6,81,10,31,Promoted,No,2019,Vellore
E1743,Abram Dar,Female,26,HR,HR Analyst,,6,WFH,3.8,87,4,17,Not Promoted,Yes,,Thanjavur
E1744,Manikya Krishnamurthy,Male,38,IT,Software Engineer,58940,15,WFH,3.6,82,3,31,,No,2022,Hosur
E1745,Navya Butala,Male,33,Finance,Auditor,77083,9,WFH,3.7,96,14,19,Not Promoted,No,2010,Tiruppur
E1746,Anay Barad,Male,26,HR,Recruiter,75578,,WFH,4.6,75,14,,Not Promoted,,2023,Thoothukudi
E1747,Anahita Bali,Male,29,Finance,Finance Executive,64857,12,Office,4.2,86,15,12,Not Promoted,No,,Dindigul
E1748,Anvi Bumb,Male,25,Finance,Accountant,73555,14,Office,3.1,79,13,12,Not Promoted,No,2022,Karur
E1749,Sara Shenoy,Male,33,HR,HR Manager,66732,12,Hybrid,4.2,85,15,34,Promoted,Yes,2023,Nagercoil
E1750,Myra Joshi,Male,25,HR,Recruiter,36094,15,WFH,3.9,76,17,18,Not Promoted,Yes,2015,Kanchipuram
E1751,Jayant Divan,Male,39,Finance,Accountant,50681,10,Hybrid,3.1,79,13,33,,Yes,2024,Cuddalore
E1752,Renee Rana,Male,25,IT,Cloud Engineer,32509,16,WFH,4,75,11,14,Not Promoted,No,2024,Nagapattinam
E1753,Hridaan Batta,Female,27,Sales,Area Sales Manager,41494,16,,4.6,87,9,12,Promoted,No,2016,Sivakasi
E1754,Priyansh Saraf,Male,23,HR,Recruiter,46945,3,Hybrid,4.7,82,18,19,Not Promoted,No,2017,Virudhunagar
E1755,Himmat Subramanian,Male,40,HR,HR Executive,74970,1,Hybrid,4.7,85,2,40,Promoted,No,2022,Namakkal
E1756,Mishti Singh,Male,22,IT,Data Analyst,75140,1,Hybrid,3.5,,16,7,Promoted,No,,Dharmapuri
E1757,Ahana  Keer,Female,31,HR,HR Manager,37701,4,,3.5,87,15,5,Promoted,,2022,Krishnagiri
E1758,Riya Vohra,Male,28,HR,HR Manager,73232,10,Hybrid,3.7,94,16,39,Not Promoted,No,2021,Villupuram
E1759,Gatik Bains,Male,24,,Financial Analyst,39876,6,WFH,4.2,96,1,18,Not Promoted,Yes,2023,Pudukkottai
E1760,Alia Jhaveri,Male,23,IT,Data Analyst,86337,5,Office,3.4,90,18,12,Not Promoted,No,2023,Ramanathapuram
E1761,Parinaaz Chada,Male,36,IT,DevOps Engineer,57331,12,Hybrid,3.6,77,3,29,Not Promoted,Yes,2015,Ariyalur
E1762,Hridaan Rastogi,Male,30,HR,Payroll Specialist,56747,15,Office,4.4,98,15,27,Promoted,Yes,2023,Perambalur
E1763,Yakshit Rajagopalan,Male,39,IT,Data Analyst,85569,14,Office,4.4,90,15,34,Not Promoted,Yes,2024,Nilgiris
E1764,Shalv Chowdhury,Female,35,HR,HR Analyst,48880,5,WFH,3,99,17,17,Promoted,,2011,Pollachi
E1765,Aarna Gupta,Male,27,,Auditor,36195,16,WFH,4.6,77,4,39,Promoted,Yes,2012,Kumbakonam
E1766,Dhanuk Mammen,Male,30,IT,UI Designer,34102,14,WFH,3.5,98,10,16,Promoted,Yes,2012,Mayiladuthurai
E1767,Vardaniya Shere,Female,30,,Payroll Specialist,43686,6,Hybrid,4.7,85,,5,Promoted,No,2016,Tenkasi
E1768,Romil Agate,Male,26,Finance,Financial Analyst,57705,9,Office,4.3,81,7,33,Promoted,Yes,2015,Rajapalayam
E1769,Badal Bawa,Female,22,Sales,Area Sales Manager,51131,7,Office,4,85,8,6,Not Promoted,Yes,2013,Avadi
E1770,Adah Aggarwal,Female,22,Finance,Tax Consultant,62439,8,WFH,3,89,,35,Promoted,No,2016,Tambaram
E1771,Advik Luthra,Male,22,Finance,Financial Analyst,86541,6,,4.9,78,15,7,Promoted,Yes,2023,Ambattur
E1772,Dharmajan Khosla,Male,30,IT,Software Engineer,45348,1,Office,4.1,90,14,27,Promoted,Yes,2022,Pallavaram
E1773,Khushi Gaba,Male,36,IT,Data Analyst,52434,13,Office,4.4,75,11,8,Promoted,Yes,2010,Guduvanchery
E1774,Inaaya  Comar,Male,40,IT,Backend Developer,66401,16,Hybrid,4.1,90,5,18,Promoted,No,2012,Mettur
E1775,Pihu Issac,Male,31,HR,HR Executive,55371,12,Hybrid,3.6,95,13,7,Promoted,Yes,2012,Ranipet
E1776,Taran Sha,Female,37,IT,Data Analyst,58977,12,Hybrid,3.2,82,14,5,Promoted,Yes,2011,Walajapet
E1777,Dhruv Gara,Female,34,IT,UI Designer,74192,1,Office,,76,13,34,Promoted,No,2022,Arakkonam
E1778,Veer Deo,Female,28,Finance,Financial Analyst,80100,10,Hybrid,4.8,75,12,6,Promoted,No,2010,Chidambaram
E1779,Siya Raja,Male,23,Sales,Area Sales Manager,60866,2,Office,4.7,84,17,18,Promoted,No,2014,Panruti
E1780,Jiya Sarma,Male,27,IT,Backend Developer,82823,15,Hybrid,3.2,,18,7,Not Promoted,No,2020,Neyveli
E1781,Shamik Butala,Male,31,Sales,Business Development Executive,88404,,Office,3.1,94,4,26,Not Promoted,Yes,2013,Paramakudi
E1782,Jivin Dhaliwal,Male,26,IT,DevOps Engineer,52417,15,Hybrid,3.7,91,5,22,Promoted,No,2021,Karaikudi
E1783,Ritvik Mann,Female,37,Sales,,67849,12,WFH,4.2,95,6,26,Not Promoted,No,2016,Oddanchatram
E1784,Anahita Atwal,Female,37,Sales,Marketing Executive,57098,3,Office,3.2,93,19,6,Not Promoted,Yes,2010,Palani
E1785,Alia Joshi,Female,35,IT,DevOps Engineer,54077,16,Hybrid,3.3,92,20,38,Not Promoted,No,2018,Udumalpet
E1786,Mannat Mander,Female,24,Sales,Sales Coordinator,37719,4,Office,3.5,93,15,21,Promoted,,2010,Chennai
E1787,Aaryahi Bassi,Male,30,HR,Recruiter,76342,5,Hybrid,4.6,91,1,26,Promoted,No,2015,Coimbatore
E1788,Manikya Manda,Female,25,IT,Software Engineer,80892,13,Office,3.6,96,6,28,Not Promoted,Yes,2024,Madurai
E1789,Veer Gaba,Female,34,Finance,Auditor,85626,5,Hybrid,4.3,80,16,40,Promoted,No,2019,Trichy
E1790,Aaryahi Viswanathan,Female,23,IT,,77483,2,WFH,3.6,80,16,37,Not Promoted,No,2017,Salem
E1791,Vaibhav Thakkar,Male,38,Finance,Tax Consultant,44576,8,WFH,3.7,99,16,39,Promoted,No,2023,Tirunelveli
E1792,Himmat Solanki,Male,36,IT,UI Designer,88439,16,Office,3.2,77,5,31,Not Promoted,,2021,Erode
E1793,Yuvraj  Dass,Female,25,HR,HR Analyst,33040,13,WFH,4.9,94,8,20,Not Promoted,No,2022,Vellore
E1794,Keya Jha,Female,23,IT,DevOps Engineer,72087,4,Office,3.5,75,16,37,Not Promoted,No,2023,Thanjavur
E1795,Dharmajan Karan,Male,28,HR,HR Manager,89108,3,Hybrid,4.7,82,14,37,Promoted,Yes,2016,Hosur
E1796,Anika Gopal,Female,25,Sales,Marketing Executive,,1,Hybrid,4.4,75,3,33,Not Promoted,No,2023,Tiruppur
E1797,Emir Srinivasan,Female,34,Finance,Finance Executive,69607,6,Hybrid,3.2,85,13,36,Not Promoted,Yes,2021,Thoothukudi
E1798,Ivan Baral,Male,33,Finance,Tax Consultant,83710,6,,3.3,95,16,30,Promoted,No,2017,Dindigul
E1799,Saira Kaur,Male,27,Finance,Finance Executive,37175,10,Hybrid,3.4,99,18,15,Not Promoted,Yes,2021,Karur
E1800,Alisha Dash,Male,35,HR,Payroll Specialist,59083,8,Office,4.6,80,13,15,Promoted,No,2010,Nagercoil
E1801,Farhan Contractor,Female,30,IT,UI Designer,65723,1,Hybrid,3.2,84,14,39,,Yes,2023,Kanchipuram
E1802,Dhruv Sridhar,Male,38,Finance,Finance Executive,77800,10,Office,3.3,81,6,39,Promoted,No,2014,Cuddalore
E1803,Jivika Datta,Female,39,HR,HR Executive,42787,7,Office,4.5,87,17,12,,No,2015,Nagapattinam
E1804,Shamik Kant,Male,29,Finance,Tax Consultant,61302,3,Office,4.5,81,2,31,Promoted,Yes,2014,Sivakasi
E1805,Anay Kara,Female,29,HR,HR Analyst,72144,6,Hybrid,3.3,90,4,32,Not Promoted,No,2011,Virudhunagar
E1806,Himmat Johal,Female,35,Finance,Auditor,,7,WFH,3.6,96,3,7,Not Promoted,No,2015,Namakkal
E1807,Kimaya Thakkar,Male,29,Finance,Finance Executive,70611,14,Hybrid,4,79,13,40,Promoted,No,2013,Dharmapuri
E1808,Diya Zacharia,Female,28,Finance,Auditor,83923,13,Hybrid,4.8,82,20,39,Not Promoted,Yes,2014,Krishnagiri
E1809,Sumer Vohra,Female,37,HR,Recruiter,60669,16,Office,3.5,81,11,36,Not Promoted,No,2021,Villupuram
E1810,Kimaya Sarkar,Male,26,HR,Payroll Specialist,41293,4,WFH,4.6,91,2,24,Not Promoted,Yes,2013,Pudukkottai
E1811,Neysa D’Alia,Female,34,Sales,Area Sales Manager,86513,5,Office,4,81,12,36,,Yes,2023,Ramanathapuram
E1812,Khushi Edwin,Male,34,HR,HR Analyst,38106,12,Office,4.1,86,4,8,Promoted,No,2015,Ariyalur
E1813,Suhana Raja,Female,40,IT,Cloud Engineer,42754,9,WFH,4.6,,6,26,,Yes,2022,Perambalur
E1814,Reyansh Zacharia,Female,29,Finance,Accountant,70096,11,WFH,3.2,99,13,,Not Promoted,No,2016,Nilgiris
E1815,Devansh Dhar,Male,24,HR,Recruiter,62296,8,WFH,4.7,94,2,22,,Yes,2010,Pollachi
E1816,Vivaan Chokshi,,40,IT,Backend Developer,67059,8,Hybrid,4.2,77,18,8,Promoted,Yes,2012,Kumbakonam
E1817,Kabir Badami,Male,27,Sales,Business Development Executive,53318,16,Office,4.2,79,3,18,Promoted,No,2019,Mayiladuthurai
E1818,Shayak Tak,Female,30,HR,HR Executive,54061,13,WFH,4.6,88,16,12,Promoted,Yes,2018,Tenkasi
E1819,Ojas Lalla,Female,40,HR,HR Executive,87779,1,WFH,3.7,84,15,18,Promoted,No,2010,Rajapalayam
E1820,Romil Chauhan,Female,27,Sales,Business Development Executive,47996,3,WFH,,91,13,20,Promoted,No,2019,Avadi
E1821,Kabir Thaman,Male,28,IT,Backend Developer,50818,14,WFH,,92,14,12,Promoted,No,2011,Tambaram
E1822,Kabir Balay,Male,23,Finance,Finance Executive,41005,12,Hybrid,3.1,95,20,18,Not Promoted,Yes,2019,Ambattur
E1823,Yakshit Sheth,Male,25,Finance,Accountant,59895,16,Office,4.9,79,9,21,,No,2017,Pallavaram
E1824,Raghav Lalla,Female,38,Sales,Area Sales Manager,81522,1,Hybrid,4.9,98,15,35,Promoted,Yes,2020,Guduvanchery
E1825,Eshani Dewan,Female,40,Sales,Sales Executive,33705,1,Office,3.1,89,8,23,Promoted,Yes,2019,Mettur
E1826,Kaira Ganesh,Male,31,Sales,Business Development Executive,48159,7,Hybrid,3.7,82,6,10,Promoted,Yes,2020,Ranipet
E1827,Nakul Varghese,Male,33,Finance,Accountant,88363,5,Hybrid,4.7,,18,33,Promoted,No,2018,Walajapet
E1828,Reyansh Acharya,Male,37,Finance,Finance Executive,71354,4,Hybrid,4.7,82,5,16,Not Promoted,Yes,2011,Arakkonam
E1829,Aarna Buch,Male,36,Sales,Area Sales Manager,72808,4,WFH,3.1,92,5,33,Promoted,Yes,2019,Chidambaram
E1830,Ahana  Kumer,Female,33,Sales,Marketing Executive,50678,6,WFH,3.8,83,2,35,Promoted,Yes,2017,Panruti
E1831,Anvi Sankar,Female,29,HR,Recruiter,53632,13,WFH,4,93,1,37,,Yes,2019,Neyveli
E1832,Shlok Suri,Female,26,HR,HR Analyst,52473,8,Hybrid,3.6,88,13,9,Not Promoted,No,2014,Paramakudi
E1833,Aaryahi Gour,Male,34,HR,HR Executive,52089,14,Hybrid,3.9,89,15,,Promoted,No,2015,Karaikudi
E1834,Kiara Mani,Female,27,Finance,Finance Executive,89835,4,WFH,4.5,76,7,11,Promoted,Yes,2013,Oddanchatram
E1835,Divij Reddy,Female,27,Sales,Business Development Executive,,13,Hybrid,3.3,95,13,28,Not Promoted,No,2024,Palani
E1836,Hazel Bhagat,Male,,IT,Software Engineer,68012,5,WFH,4.3,76,10,8,Promoted,,2011,Udumalpet
E1837,Adah Sachar,Female,29,IT,Data Analyst,88757,4,Office,3.5,92,12,37,Promoted,Yes,2018,Chennai
E1838,Dhruv Sanghvi,Female,34,IT,Backend Developer,69649,9,Office,4.3,92,18,25,Promoted,Yes,2014,Coimbatore
E1839,Mehul Korpal,Male,36,Sales,Sales Coordinator,39751,1,Office,3.1,80,20,16,Not Promoted,Yes,2013,Madurai
E1840,Amira Bhakta,Male,31,Sales,Sales Executive,81010,9,WFH,3.1,80,6,29,Promoted,No,2013,Trichy
E1841,Zain Sankaran,Male,30,IT,Cloud Engineer,71307,8,Office,4.3,75,3,37,Promoted,No,2012,Salem
E1842,Aaryahi Banik,Female,31,IT,Backend Developer,85813,,Hybrid,4.8,88,,22,Promoted,No,2019,Tirunelveli
E1843,Ahana  Baria,Female,25,HR,HR Executive,68765,8,Hybrid,4.3,75,1,21,Promoted,Yes,2015,Erode
E1844,Anvi Karpe,Female,40,Sales,Business Development Executive,33100,6,Office,4.5,99,15,7,Not Promoted,Yes,2010,Vellore
E1845,Arhaan Sarkar,Female,22,HR,Payroll Specialist,64678,13,Hybrid,,84,16,40,Not Promoted,No,2016,Thanjavur
E1846,Uthkarsh Sarma,Female,32,Finance,Accountant,75013,4,Hybrid,,91,12,23,Promoted,No,2023,Hosur
E1847,Ishita Guha,Female,23,Sales,Sales Coordinator,87853,16,WFH,4.8,91,10,36,,Yes,2019,Tiruppur
E1848,Bhavin Kapoor,,27,HR,Recruiter,77108,11,Hybrid,4.7,76,7,17,Promoted,No,2013,Thoothukudi
E1849,Amira Kohli,Female,25,Finance,Accountant,58907,13,Hybrid,3.9,88,6,21,Not Promoted,Yes,2023,Dindigul
E1850,Jivika Goel,Female,28,Finance,Auditor,44067,2,Office,3.2,83,15,32,Promoted,No,2017,Karur
E1851,Piya Rege,Male,36,Sales,Marketing Executive,48611,16,WFH,3.7,90,6,9,Promoted,No,2012,Nagercoil
E1852,Fateh Sarraf,Male,32,Sales,Area Sales Manager,70978,8,Office,4.2,96,13,26,Promoted,Yes,2016,Kanchipuram
E1853,Tushar Kalita,Female,31,HR,Payroll Specialist,62548,4,Hybrid,4.4,81,10,13,Promoted,Yes,2024,Cuddalore
E1854,Divit Vyas,Male,22,Sales,Sales Coordinator,80336,7,Hybrid,3.9,78,18,36,Not Promoted,No,2022,Nagapattinam
E1855,Sahil Manne,Female,34,HR,HR Analyst,38866,13,WFH,3.4,95,11,28,Promoted,Yes,2016,Sivakasi
E1856,Amira Raj,Male,27,IT,Data Analyst,38794,14,WFH,4.2,93,,38,Not Promoted,No,2015,Virudhunagar
E1857,Manjari Talwar,Female,,Finance,Finance Executive,36925,2,Hybrid,3.2,80,12,14,Promoted,Yes,,Namakkal
E1858,Kashvi Sibal,Female,32,IT,DevOps Engineer,41623,11,Hybrid,3.5,87,2,17,Not Promoted,Yes,2013,Dharmapuri
E1859,Manjari Tank,Female,29,Sales,Area Sales Manager,66780,10,WFH,3.6,95,16,31,Promoted,Yes,2014,Krishnagiri
E1860,Amira Kalla,Female,30,IT,,70228,7,Hybrid,4.4,89,10,40,Promoted,Yes,2024,Villupuram
E1861,Rhea Vaidya,Female,40,IT,UI Designer,46699,9,WFH,4.7,89,5,13,Promoted,Yes,2016,Pudukkottai
E1862,Dishani Tiwari,Female,28,IT,UI Designer,78211,14,Office,4.3,87,14,23,Promoted,Yes,2022,Ramanathapuram
E1863,Sara Anand,Female,,HR,HR Analyst,79515,13,Hybrid,3,99,2,36,Promoted,Yes,2011,Ariyalur
E1864,Saksham Bhat,Female,30,HR,HR Analyst,63752,14,Office,3.2,95,11,22,Not Promoted,Yes,2021,Perambalur
E1865,Taran Wali,Male,23,Sales,Business Development Executive,49936,4,Office,4.5,78,20,31,Not Promoted,Yes,2015,Nilgiris
E1866,Kiaan Bhatt,Female,32,IT,Cloud Engineer,41331,8,WFH,3.3,97,15,,Promoted,No,2023,Pollachi
E1867,Manjari Tiwari,,31,Sales,Area Sales Manager,70170,,Hybrid,3.8,94,6,6,Promoted,No,2021,Kumbakonam
E1868,Charvi Dhar,Male,26,Sales,Marketing Executive,33047,11,,3.6,87,17,26,Not Promoted,No,2024,Mayiladuthurai
E1869,Rasha Kothari,Female,,,Tax Consultant,60350,14,Office,4.9,97,5,39,Promoted,No,2023,Tenkasi
E1870,Indrans Bhargava,Male,39,Finance,Finance Executive,63507,14,WFH,3.9,89,10,31,,No,2017,Rajapalayam
E1871,Shaan Sehgal,Male,31,IT,DevOps Engineer,84263,11,WFH,3.1,82,9,38,Promoted,No,2017,Avadi
E1872,Kiaan Lanka,,40,Finance,Tax Consultant,38887,12,Office,4.3,77,14,32,Not Promoted,No,2011,Tambaram
E1873,Fateh Warrior,Female,28,Finance,Tax Consultant,51227,,WFH,5,75,16,22,Not Promoted,No,2021,Ambattur
E1874,Pranay Basak,,36,Finance,Finance Executive,75243,4,WFH,4.7,93,12,23,Not Promoted,Yes,2023,Pallavaram
E1875,Lavanya Bhagat,Male,,Finance,Financial Analyst,72850,11,Office,4.3,88,12,36,Not Promoted,No,2023,Guduvanchery
E1876,Vedika Agrawal,Male,40,Sales,Marketing Executive,69508,7,Hybrid,4.2,77,11,12,Not Promoted,No,2020,Mettur
E1877,Nirvaan Kumar,Male,39,Finance,Auditor,67266,9,Hybrid,4.6,89,2,6,Not Promoted,Yes,2010,Ranipet
E1878,Samaira Mannan,Male,36,HR,HR Analyst,73655,,Office,3.2,99,2,14,Not Promoted,No,2013,Walajapet
E1879,Tanya Khurana,Male,40,HR,HR Executive,65120,15,,3.6,99,14,14,Not Promoted,Yes,2010,Arakkonam
E1880,Ojas Dugar,Female,23,HR,Recruiter,79368,15,Hybrid,3.7,86,16,37,Promoted,Yes,2014,Chidambaram
E1881,Tejas Varkey,Male,28,IT,Cloud Engineer,45770,10,WFH,3.6,88,16,33,Not Promoted,Yes,2010,Panruti
E1882,Ivana Barad,Male,30,Sales,Sales Executive,,8,WFH,3.4,91,13,37,Promoted,Yes,2018,Neyveli
E1883,Ryan Mammen,Male,24,Finance,Finance Executive,40571,6,Hybrid,3.6,75,6,,Not Promoted,Yes,2024,Paramakudi
E1884,Manikya Issac,Female,,Sales,Area Sales Manager,71330,11,Hybrid,3,99,11,39,Promoted,,2022,Karaikudi
E1885,Darshit Bobal,Male,30,Sales,Area Sales Manager,36207,15,Office,4.5,75,18,16,Not Promoted,No,2012,Oddanchatram
E1886,Nirvi Ray,Male,32,Finance,Finance Executive,78789,2,Office,3.4,91,,6,Promoted,Yes,2014,Palani
E1887,Shalv Kadakia,Male,27,,Sales Coordinator,88467,11,Hybrid,3.8,99,5,29,Not Promoted,No,2016,Udumalpet
E1888,Aaryahi Cheema,Female,32,IT,Data Analyst,78151,9,Office,3.4,97,20,30,Not Promoted,Yes,2022,Chennai
E1889,Vanya Bala,Female,29,HR,Payroll Specialist,58525,13,Hybrid,4.8,84,20,10,Promoted,No,2012,Coimbatore
E1890,Trisha Deep,Female,39,Sales,Sales Executive,58589,13,Office,3.9,94,4,29,Not Promoted,No,2018,Madurai
E1891,Taran Konda,Female,27,HR,HR Manager,81910,12,WFH,4.8,99,7,19,Not Promoted,No,2018,Trichy
E1892,Rhea Dhar,Female,28,IT,Cloud Engineer,76270,16,Office,3.3,84,3,20,Promoted,Yes,,Salem
E1893,Pari Wali,Male,37,Sales,Marketing Executive,80084,10,WFH,3.8,83,4,31,Not Promoted,No,2010,Tirunelveli
E1894,Manjari Arora,Male,30,,HR Analyst,63514,14,Hybrid,3.8,75,5,20,Not Promoted,,2019,Erode
E1895,Hiran Barad,Male,24,IT,Backend Developer,72841,15,WFH,4.7,79,7,19,Not Promoted,Yes,2019,Vellore
E1896,Manjari Devan,Female,34,Sales,Area Sales Manager,71613,11,Office,3.6,85,13,11,Promoted,Yes,2021,Thanjavur
E1897,Zain Karan,Female,23,HR,Payroll Specialist,72466,13,Office,3.7,88,13,23,Promoted,No,2017,Hosur
E1898,Pranay Dada,Female,34,Sales,Sales Coordinator,87084,2,Office,4.1,93,2,30,Not Promoted,Yes,2024,Tiruppur
E1899,Khushi Iyer,Male,28,Finance,Tax Consultant,71719,16,Hybrid,4.9,94,1,15,Promoted,Yes,2012,Thoothukudi
E1900,Emir Kade,,25,HR,,44542,12,WFH,3.6,99,6,34,Promoted,No,2012,Dindigul
E1901,Pranay Kapoor,Male,27,HR,HR Executive,68015,11,WFH,3.9,83,3,10,Promoted,,2013,Karur
E1902,Aayush Kaul,,27,HR,HR Analyst,56598,15,WFH,3.1,93,1,11,Promoted,Yes,2014,Nagercoil
E1903,Bhamini Badami,Male,40,Finance,Tax Consultant,60677,9,WFH,4.1,98,10,12,,Yes,2022,Kanchipuram
E1904,Kaira Sama,Female,23,,Cloud Engineer,57867,3,Office,3.3,78,9,7,Not Promoted,Yes,2019,Cuddalore
E1905,Jayan Chadha,Male,25,Finance,Financial Analyst,81955,12,Office,3.7,81,5,23,Promoted,Yes,2024,Nagapattinam
E1906,Aaina Banerjee,Female,33,IT,Cloud Engineer,70524,1,WFH,3.9,86,17,31,Promoted,No,2010,Sivakasi
E1907,Lakshay Sandhu,Male,40,Sales,Sales Coordinator,59636,1,WFH,4.9,92,16,13,Promoted,Yes,2022,Virudhunagar
E1908,Aarav Garg,Female,26,Finance,Finance Executive,62495,5,WFH,4.8,78,4,7,Not Promoted,No,2022,Namakkal
E1909,Advika Maharaj,Female,27,HR,Payroll Specialist,42255,,WFH,3.1,,18,10,Not Promoted,Yes,2021,Dharmapuri
E1910,Ishaan Doshi,Male,22,Finance,Accountant,73538,12,Hybrid,4.1,88,14,29,Promoted,Yes,2015,Krishnagiri
E1911,Advik Chander,Female,36,Finance,Accountant,63938,2,Hybrid,4.8,85,13,13,Not Promoted,Yes,2012,Villupuram
E1912,Anahi Goyal,Male,,HR,HR Manager,36583,12,WFH,3.7,84,9,29,Promoted,Yes,2023,Pudukkottai
E1913,Diya Bala,Male,34,IT,Data Analyst,61972,11,Hybrid,,78,17,32,Promoted,No,2012,Ramanathapuram
E1914,Tanya Dutt,Male,34,Sales,Business Development Executive,76849,8,Office,3.8,75,8,18,Promoted,No,2016,Ariyalur
E1915,Purab Savant,Female,23,HR,,51893,15,WFH,4.2,96,7,32,Not Promoted,No,2014,Perambalur
E1916,Prerak Saini,Female,,Finance,Tax Consultant,80053,6,WFH,,94,19,7,Not Promoted,No,2021,Nilgiris
E1917,Arnav Balay,Male,40,IT,UI Designer,45026,7,WFH,3.5,83,3,16,Not Promoted,No,2022,Pollachi
E1918,Bhamini Iyer,Male,23,IT,Data Analyst,85383,8,Hybrid,4.2,91,10,22,Not Promoted,Yes,2022,Kumbakonam
E1919,Anvi Bir,Male,33,Sales,Business Development Executive,72850,13,Hybrid,3.5,94,19,9,Promoted,Yes,2011,Mayiladuthurai
E1920,Fateh Talwar,Female,35,Sales,Sales Executive,67777,14,WFH,4.1,90,13,32,Not Promoted,No,2011,Tenkasi
E1921,Umang Sen,Female,40,Sales,Business Development Executive,74303,4,WFH,4,78,18,33,Not Promoted,Yes,2014,Rajapalayam
E1922,Sara Dhaliwal,Male,29,Sales,Marketing Executive,86033,8,Office,4.7,,8,25,Not Promoted,Yes,2020,Avadi
E1923,Himmat Chaudhary,Male,25,HR,Payroll Specialist,43549,9,Hybrid,3.7,88,4,20,,No,2014,Tambaram
E1924,Anya Dhawan,Female,33,IT,Data Analyst,85822,2,WFH,3.6,88,16,32,Not Promoted,Yes,2011,Ambattur
E1925,Keya Balakrishnan,,28,HR,Payroll Specialist,56613,1,WFH,,80,8,35,Promoted,Yes,2022,Pallavaram
E1926,Jayan Baral,Female,34,HR,HR Analyst,56889,6,WFH,4.3,,15,24,Not Promoted,No,2015,Guduvanchery
E1927,Aarav Ranganathan,Female,36,HR,HR Manager,73395,14,Office,4.8,97,1,7,Not Promoted,Yes,2015,Mettur
E1928,Romil Zachariah,Male,28,HR,Recruiter,,4,WFH,4.7,99,17,32,Not Promoted,Yes,2021,Ranipet
E1929,Advika Guha,Female,,Finance,Tax Consultant,77311,2,Hybrid,4.3,90,15,7,Not Promoted,Yes,2015,Walajapet
E1930,Fateh Rattan,,34,Sales,Business Development Executive,45883,6,WFH,3.8,76,3,32,Not Promoted,,2024,Arakkonam
E1931,Madhav Dhaliwal,Male,32,HR,Payroll Specialist,73112,10,WFH,3.8,79,1,25,Not Promoted,Yes,2012,Chidambaram
E1932,Anahita Jain,Female,34,Sales,Marketing Executive,59081,2,WFH,3.1,80,1,34,Promoted,Yes,2021,Panruti
E1933,Veer Taneja,Female,39,Sales,Marketing Executive,80215,9,Hybrid,3.7,91,10,15,Promoted,No,2022,Neyveli
E1934,Nitya Devi,Male,33,IT,Cloud Engineer,78258,15,Hybrid,3.9,82,15,31,Promoted,No,2023,Paramakudi
E1935,Prerak Shroff,Female,38,Finance,Finance Executive,38786,5,Office,5,97,6,6,Not Promoted,Yes,2011,Karaikudi
E1936,Adira Kohli,Female,23,HR,Recruiter,74680,9,WFH,3.3,80,20,40,Promoted,No,2015,Oddanchatram
E1937,Amani Deep,Female,23,HR,HR Executive,74206,10,WFH,4.7,83,19,36,Promoted,Yes,2017,Palani
E1938,Sara Chahal,Female,29,Finance,Auditor,56461,15,Hybrid,,94,10,7,Promoted,No,2022,Udumalpet
E1939,Advik Tara,Female,24,Sales,Sales Coordinator,86121,5,Office,4.7,86,17,20,Not Promoted,,2018,Chennai
E1940,Parinaaz Shankar,Male,40,Finance,Financial Analyst,47962,8,Office,3.6,94,11,10,Not Promoted,No,2013,Coimbatore
E1941,Jayan Chacko,Female,31,HR,Payroll Specialist,46532,6,Office,3.5,75,7,38,Not Promoted,No,2017,Madurai
E1942,Samiha Lal,Male,23,IT,Data Analyst,36477,6,Office,4.4,84,6,39,Not Promoted,Yes,2023,Trichy
E1943,Tarini Kamdar,Male,25,Finance,Accountant,68569,12,Hybrid,4.7,78,11,8,Promoted,No,2024,Salem
E1944,Misha Jain,,40,Finance,Accountant,86464,10,Hybrid,3.7,92,6,34,Not Promoted,Yes,2019,Tirunelveli
E1945,Ira Gera,Male,32,Finance,Financial Analyst,44891,2,WFH,4.9,97,16,25,Not Promoted,No,2013,Erode
E1946,Arhaan Vohra,Female,33,Sales,Business Development Executive,61962,9,Hybrid,4.8,86,9,27,Not Promoted,Yes,2013,Vellore
E1947,Urvi Tripathi,Female,40,HR,Recruiter,53888,12,Office,3.8,80,16,22,Promoted,No,2010,Thanjavur
E1948,Kanav Dhingra,Male,29,HR,HR Manager,65461,11,Hybrid,4.2,89,3,10,Not Promoted,No,,Hosur
E1949,Indranil Mahal,Female,31,Sales,Marketing Executive,68438,15,Hybrid,3.4,82,5,14,Not Promoted,No,2012,Tiruppur
E1950,Alia Varghese,Male,26,Sales,Sales Coordinator,58391,7,Office,3.1,78,12,38,Promoted,No,2011,Thoothukudi
E1951,Keya Kala,Male,39,Sales,Sales Executive,89102,6,WFH,4.1,80,7,7,Promoted,No,2024,Dindigul
E1952,Lakshit Sant,Female,34,Finance,Accountant,56039,16,Hybrid,4.8,89,12,19,Promoted,Yes,2019,Karur
E1953,Krish Kadakia,Male,34,Finance,Accountant,41874,10,WFH,3.4,91,4,28,Not Promoted,Yes,2018,Nagercoil
E1954,Rasha Bhavsar,Female,24,Finance,,83858,6,Office,3.4,,11,7,Promoted,Yes,2014,Kanchipuram
E1955,Zara Dewan,Female,26,Sales,Marketing Executive,83571,3,WFH,3.2,88,18,14,Promoted,,2024,Cuddalore
E1956,Onkar Chowdhury,Male,26,HR,Payroll Specialist,50994,12,WFH,4.1,80,9,29,Not Promoted,Yes,2011,Nagapattinam
E1957,Uthkarsh Butala,Male,26,Sales,Sales Coordinator,88702,2,WFH,4.7,79,3,39,Not Promoted,No,2021,Sivakasi
E1958,Parinaaz Bajwa,Male,24,HR,Recruiter,53567,7,Hybrid,3.6,78,11,5,Promoted,No,2013,Virudhunagar
E1959,Purab Chadha,Male,28,Sales,Sales Coordinator,56168,15,WFH,5,84,19,26,Promoted,No,2018,Namakkal
E1960,Mishti Kari,Female,34,Finance,Accountant,69996,16,Office,5,99,7,18,Promoted,Yes,2024,Dharmapuri
E1961,Ira Bal,Male,24,IT,Cloud Engineer,55426,13,Hybrid,3.4,80,16,13,Promoted,No,,Krishnagiri
E1962,Divij Sood,Female,27,Sales,Sales Coordinator,39791,15,Office,4.2,90,19,33,Not Promoted,Yes,2017,Villupuram
E1963,Divit Raval,,22,IT,Software Engineer,,9,WFH,3.3,88,5,37,Promoted,Yes,2010,Pudukkottai
E1964,Charvi Gopal,Male,38,IT,,63151,16,Office,4.9,77,9,18,Promoted,No,2010,Ramanathapuram
E1965,Nakul Kumer,Male,38,Sales,Sales Executive,62944,2,Hybrid,,99,9,17,Not Promoted,Yes,2016,Ariyalur
E1966,Vritika Gara,Female,39,Sales,Business Development Executive,64827,9,WFH,5,81,10,21,Promoted,Yes,2011,Perambalur
E1967,Sara Ghosh,Male,39,IT,UI Designer,54347,7,WFH,3.9,79,6,37,Not Promoted,Yes,2021,Nilgiris
E1968,Indranil Sheth,Male,25,Sales,Business Development Executive,40295,14,Office,4.5,82,3,7,Promoted,No,2020,Pollachi
E1969,Yashvi Bahl,Male,37,HR,Recruiter,50788,11,Office,4.4,98,19,25,Promoted,No,2011,Kumbakonam
E1970,Hunar Suri,Male,40,Sales,Sales Coordinator,34930,3,Office,4.6,78,19,16,Not Promoted,Yes,2014,Mayiladuthurai
E1971,Dishani Kohli,Female,22,Sales,Sales Executive,58551,15,Hybrid,4.9,91,1,32,Not Promoted,Yes,2023,Tenkasi
E1972,Divyansh Tata,Male,34,IT,UI Designer,67459,13,Office,4.5,,19,7,Not Promoted,Yes,,Rajapalayam
E1973,Badal Kunda,Male,30,Sales,Business Development Executive,62233,13,WFH,3.1,83,14,39,Not Promoted,Yes,2019,Avadi
E1974,Samarth Sem,Female,34,IT,Software Engineer,72053,3,WFH,4.9,88,14,9,Not Promoted,Yes,2021,Tambaram
E1975,Raunak Mandal,Male,38,Finance,Accountant,50988,12,WFH,4.3,83,18,,Promoted,Yes,2018,Ambattur
E1976,Pihu Datta,Female,40,Sales,Area Sales Manager,80208,9,Hybrid,4.3,94,7,17,Not Promoted,No,2014,Pallavaram
E1977,Yasmin Walia,Male,36,HR,Recruiter,65000,9,,3.3,98,15,18,Not Promoted,No,2012,Guduvanchery
E1978,Yuvaan Gera,,31,IT,DevOps Engineer,35977,15,Office,4.8,99,16,36,Promoted,Yes,2014,Mettur
E1979,Misha Johal,Male,30,Sales,Sales Coordinator,40374,4,Office,4.3,75,15,26,Promoted,No,2019,Ranipet
E1980,Mehul Chacko,Female,32,Sales,Sales Coordinator,47120,10,Hybrid,4.2,96,16,32,Not Promoted,No,2019,Walajapet
E1981,Zain Rout,Female,,HR,HR Executive,36777,4,Hybrid,4.9,83,20,13,Promoted,Yes,2019,Arakkonam
E1982,Mishti Dhaliwal,Male,29,,Financial Analyst,39329,8,Hybrid,4.8,76,14,16,Promoted,No,2023,Chidambaram
E1983,Charvi Chada,Male,37,Finance,Tax Consultant,35287,2,WFH,4.9,76,16,31,Promoted,Yes,2013,Panruti
E1984,Ranbir Bhakta,Female,31,IT,Data Analyst,76072,15,Office,4.5,79,3,23,Promoted,Yes,2022,Neyveli
E1985,Nakul Chaudhry,Male,35,IT,UI Designer,42619,6,WFH,4.2,89,12,18,,Yes,2012,Paramakudi
E1986,Riya Chauhan,Female,31,Finance,Accountant,82404,10,Hybrid,4.4,90,9,32,Not Promoted,Yes,2016,Karaikudi
E1987,Kiara Vig,Female,39,Sales,Marketing Executive,61022,1,WFH,4.7,85,10,39,,Yes,2024,Oddanchatram
E1988,Piya Butala,Male,23,IT,Backend Developer,50557,6,Office,4.4,83,6,34,Not Promoted,No,2013,Palani
E1989,Hunar Gola,Male,36,,Sales Coordinator,59447,9,Office,3,88,11,23,Promoted,No,2024,Udumalpet
E1990,Ryan Grover,Male,30,HR,HR Executive,71778,2,Hybrid,4.1,96,10,10,Promoted,Yes,2016,Mettur
E1991,Kabir Mander,Male,32,Sales,Area Sales Manager,32207,1,Hybrid,4.7,87,9,,Promoted,No,2010,Ranipet
E1992,Kabir Ramaswamy,Male,38,HR,HR Analyst,87917,4,Hybrid,4.4,81,10,35,Not Promoted,Yes,2017,Walajapet
E1993,Mohanlal Cheema,Female,23,Finance,Auditor,75687,15,Hybrid,4.4,84,8,31,Promoted,Yes,2011,Arakkonam
E1994,Parinaaz Chandran,Male,36,Finance,Financial Analyst,,12,Hybrid,3.8,83,13,36,Promoted,Yes,2012,Chidambaram
E1995,Taran Swaminathan,Male,30,Finance,,55797,16,WFH,4.5,98,3,31,Not Promoted,Yes,2015,Panruti
E1996,Zain Chada,Male,30,HR,HR Analyst,76923,11,WFH,4.6,82,13,35,Promoted,No,2016,Neyveli
E1997,Seher Tripathi,Female,30,IT,DevOps Engineer,,3,Office,5,88,6,17,,No,2015,Paramakudi
E1998,Shlok Gulati,,37,HR,HR Analyst,37357,3,Office,3.6,91,13,7,Not Promoted,No,2017,Karaikudi
E1999,Adira Jayaraman,Female,36,HR,HR Executive,63348,10,WFH,3.3,78,6,6,Promoted,Yes,2018,Oddanchatram
E2000,Oorja Deol,Female,33,Finance,Finance Executive,86091,1,Office,4.2,98,3,29,Not Promoted,No,2018,Palani
,,,,,,,,,,,,,,,,
,,,,,Min,30022,1,,3,75,1,5,,,,
,,,,,Max,89997,16,,5,99,20,42,,,,
,,,,,Count,1954,1966,,1956,1958,1972,1960,,,,
,,,,,Range,59975,15,,2,24,19,37,,,,
,,,,,Average,57347.18219,7.624109868,,4.119785276,87.86618999,9.459432049,22.43469388,,,,
